pca_components,kmeans_clusters,pca_explained_var,inertia_mean,inertia_std,silhouette_mean,silhouette_std,min_cluster_size_min,min_cluster_size_mean,max_cluster_size_max,max_cluster_size_mean,cluster_size_ratio_max,cluster_size_ratio_mean,runs,model_name,model_display,source_file,inertia_value,silhouette_value,min_cluster_size,cluster_size_ratio,fold_eligible
2,2,0.4576112023988555,18985.82748950897,0.0,0.653076671873961,0.0,101,101.0,102,102.0,1.00990099009901,1.00990099009901,5,virchow,Virchow,/Volumes/ssd/thesis_organization/ndb_ufes_data_organizer/results/phase2_tuning/phase2_all_results_virchow_averaged.csv,18985.82748950897,0.653076671873961,101,1.00990099009901,True
2,3,0.4576112023988555,8592.549995266272,0.0,0.663274852372222,0.0,35,35.0,101,101.0,2.8857142857142857,2.8857142857142857,5,virchow,Virchow,/Volumes/ssd/thesis_organization/ndb_ufes_data_organizer/results/phase2_tuning/phase2_all_results_virchow_averaged.csv,8592.549995266272,0.663274852372222,35,2.8857142857142857,True
2,4,0.4576112023988555,6606.960392165607,0.0,0.5211249639446848,0.0,25,25.0,77,77.0,3.08,3.08,5,virchow,Virchow,/Volumes/ssd/thesis_organization/ndb_ufes_data_organizer/results/phase2_tuning/phase2_all_results_virchow_averaged.csv,6606.960392165607,0.5211249639446848,25,3.08,True
2,5,0.4576112023988555,4899.598861631101,0.6870039278141801,0.4833238069069427,0.0044742160810993,19,19.6,77,76.4,4.052631578947368,3.901052631578948,5,virchow,Virchow,/Volumes/ssd/thesis_organization/ndb_ufes_data_organizer/results/phase2_tuning/phase2_all_results_virchow_averaged.csv,4899.598861631101,0.4833238069069427,19,4.052631578947368,True
2,6,0.4576112023988555,3598.496185148667,5.544052280571525,0.4942676832547755,0.0011901686481632,19,19.4,58,56.4,3.0526315789473686,2.908421052631579,5,virchow,Virchow,/Volumes/ssd/thesis_organization/ndb_ufes_data_organizer/results/phase2_tuning/phase2_all_results_virchow_averaged.csv,3598.496185148667,0.4942676832547755,19,3.0526315789473686,True
2,7,0.4576112023988555,3011.69681483881,6.602973186088501,0.457587241956675,0.0022858266452747,16,16.0,58,56.6,3.625,3.5375,5,virchow,Virchow,/Volumes/ssd/thesis_organization/ndb_ufes_data_organizer/results/phase2_tuning/phase2_all_results_virchow_averaged.csv,3011.69681483881,0.457587241956675,16,3.625,True
2,8,0.4576112023988555,2503.397491039182,1.176102502355918,0.4651653935620897,0.0032663120016375,5,5.6,50,50.0,10.0,9.0,5,virchow,Virchow,/Volumes/ssd/thesis_organization/ndb_ufes_data_organizer/results/phase2_tuning/phase2_all_results_virchow_averaged.csv,2503.397491039182,0.4651653935620897,5,10.0,False
2,9,0.4576112023988555,2190.057802206915,51.53930524409102,0.4471589018491255,0.0133523437525429,5,5.2,50,44.0,10.0,8.526666666666667,5,virchow,Virchow,/Volumes/ssd/thesis_organization/ndb_ufes_data_organizer/results/phase2_tuning/phase2_all_results_virchow_averaged.csv,2190.057802206915,0.4471589018491255,5,10.0,False
3,2,0.5187827064349908,27483.627671857295,0.0,0.5720635104063981,0.0,101,101.0,102,102.0,1.00990099009901,1.00990099009901,5,virchow,Virchow,/Volumes/ssd/thesis_organization/ndb_ufes_data_organizer/results/phase2_tuning/phase2_all_results_virchow_averaged.csv,27483.627671857295,0.5720635104063981,101,1.00990099009901,True
3,3,0.5187827064349908,16790.71221355462,0.0,0.5639015131943091,0.0,34,34.0,102,102.0,3.0,3.0,5,virchow,Virchow,/Volumes/ssd/thesis_organization/ndb_ufes_data_organizer/results/phase2_tuning/phase2_all_results_virchow_averaged.csv,16790.71221355462,0.5639015131943091,34,3.0,True
3,4,0.5187827064349908,11376.968816549595,0.0,0.4914085175537996,0.0,34,34.0,68,68.0,2.0,2.0,5,virchow,Virchow,/Volumes/ssd/thesis_organization/ndb_ufes_data_organizer/results/phase2_tuning/phase2_all_results_virchow_averaged.csv,11376.968816549595,0.4914085175537996,34,2.0,True
3,5,0.5187827064349908,9133.594349893585,8.930434240332861,0.4717503126366747,0.0007661154913802,23,28.2,67,67.0,2.9130434782608696,2.4180026350461135,5,virchow,Virchow,/Volumes/ssd/thesis_organization/ndb_ufes_data_organizer/results/phase2_tuning/phase2_all_results_virchow_averaged.csv,9133.594349893585,0.4717503126366747,23,2.9130434782608696,True
3,6,0.5187827064349908,7096.8347521252535,0.1376965463620916,0.4286345466572,0.0002371074145021,20,20.0,50,50.0,2.5,2.5,5,virchow,Virchow,/Volumes/ssd/thesis_organization/ndb_ufes_data_organizer/results/phase2_tuning/phase2_all_results_virchow_averaged.csv,7096.8347521252535,0.4286345466572,20,2.5,True
3,7,0.5187827064349908,5934.224002187351,16.70809695752749,0.4308026782062105,0.0010343847407841,13,13.0,50,50.0,3.8461538461538463,3.846153846153846,5,virchow,Virchow,/Volumes/ssd/thesis_organization/ndb_ufes_data_organizer/results/phase2_tuning/phase2_all_results_virchow_averaged.csv,5934.224002187351,0.4308026782062105,13,3.8461538461538463,True
3,8,0.5187827064349908,5244.489452423348,44.06349442065462,0.3884919700780497,0.0071708350191943,13,13.8,40,38.8,3.076923076923077,2.839819004524887,5,virchow,Virchow,/Volumes/ssd/thesis_organization/ndb_ufes_data_organizer/results/phase2_tuning/phase2_all_results_virchow_averaged.csv,5244.489452423348,0.3884919700780497,13,3.076923076923077,True
3,9,0.5187827064349908,4722.592923996393,37.92514604436498,0.3631276167902949,0.0073373155901573,9,10.8,40,33.4,3.636363636363636,3.1156565656565656,5,virchow,Virchow,/Volumes/ssd/thesis_organization/ndb_ufes_data_organizer/results/phase2_tuning/phase2_all_results_virchow_averaged.csv,4722.592923996393,0.3631276167902949,9,3.636363636363636,False
4,2,0.5622474675502339,33603.47092427231,0.0,0.5306416341183697,0.0,101,101.0,102,102.0,1.00990099009901,1.00990099009901,5,virchow,Virchow,/Volumes/ssd/thesis_organization/ndb_ufes_data_organizer/results/phase2_tuning/phase2_all_results_virchow_averaged.csv,33603.47092427231,0.5306416341183697,101,1.00990099009901,True
4,3,0.5622474675502339,22821.03042055501,0.0,0.5130769241534342,0.0,34,34.0,102,102.0,3.0,3.0,5,virchow,Virchow,/Volumes/ssd/thesis_organization/ndb_ufes_data_organizer/results/phase2_tuning/phase2_all_results_virchow_averaged.csv,22821.03042055501,0.5130769241534342,34,3.0,True
4,4,0.5622474675502339,16848.650434824736,0.0,0.432097593987603,0.0,34,34.0,67,67.0,1.9705882352941175,1.9705882352941175,5,virchow,Virchow,/Volumes/ssd/thesis_organization/ndb_ufes_data_organizer/results/phase2_tuning/phase2_all_results_virchow_averaged.csv,16848.650434824736,0.432097593987603,34,1.9705882352941175,True
4,5,0.5622474675502339,12397.960690756465,5.663674667089985,0.4316419438749517,0.0028803398988596,24,24.0,66,62.4,2.75,2.6,5,virchow,Virchow,/Volumes/ssd/thesis_organization/ndb_ufes_data_organizer/results/phase2_tuning/phase2_all_results_virchow_averaged.csv,12397.960690756465,0.4316419438749517,24,2.75,True
4,6,0.5622474675502339,10039.695941203196,9.562922120126611,0.4115553443887805,0.0016199184498227,24,24.0,49,48.2,2.0416666666666665,2.0083333333333333,5,virchow,Virchow,/Volumes/ssd/thesis_organization/ndb_ufes_data_organizer/results/phase2_tuning/phase2_all_results_virchow_averaged.csv,10039.695941203196,0.4115553443887805,24,2.0416666666666665,True
4,7,0.5622474675502339,8869.01928480856,9.492292243355587,0.412015968579262,0.0009972905764417,13,16.2,49,48.2,3.769230769230769,3.119648772280351,5,virchow,Virchow,/Volumes/ssd/thesis_organization/ndb_ufes_data_organizer/results/phase2_tuning/phase2_all_results_virchow_averaged.csv,8869.01928480856,0.412015968579262,13,3.769230769230769,True
4,8,0.5622474675502339,7885.811836844016,15.214742838776903,0.3736084837399914,0.0117186113081375,12,14.8,44,37.2,3.4166666666666665,2.6006882591093117,5,virchow,Virchow,/Volumes/ssd/thesis_organization/ndb_ufes_data_organizer/results/phase2_tuning/phase2_all_results_virchow_averaged.csv,7885.811836844016,0.3736084837399914,12,3.4166666666666665,True
4,9,0.5622474675502339,7009.677350984227,40.60755068382344,0.367221911266239,0.0127169297570839,11,12.2,39,37.0,3.5454545454545454,3.0966666666666667,5,virchow,Virchow,/Volumes/ssd/thesis_organization/ndb_ufes_data_organizer/results/phase2_tuning/phase2_all_results_virchow_averaged.csv,7009.677350984227,0.367221911266239,11,3.5454545454545454,True
5,2,0.598706412791446,38743.53989708403,0.0,0.4962161766447187,0.0,101,101.0,102,102.0,1.00990099009901,1.00990099009901,5,virchow,Virchow,/Volumes/ssd/thesis_organization/ndb_ufes_data_organizer/results/phase2_tuning/phase2_all_results_virchow_averaged.csv,38743.53989708403,0.4962161766447187,101,1.00990099009901,True
5,3,0.598706412791446,27943.2349848966,0.0,0.4691749334274301,0.0,34,34.0,102,102.0,3.0,3.0,5,virchow,Virchow,/Volumes/ssd/thesis_organization/ndb_ufes_data_organizer/results/phase2_tuning/phase2_all_results_virchow_averaged.csv,27943.2349848966,0.4691749334274301,34,3.0,True
5,4,0.598706412791446,21970.877999072276,2.149428530498026,0.3786741579231233,0.0017834333221645,34,35.2,67,65.8,1.9705882352941175,1.8715686274509804,5,virchow,Virchow,/Volumes/ssd/thesis_organization/ndb_ufes_data_organizer/results/phase2_tuning/phase2_all_results_virchow_averaged.csv,21970.877999072276,0.3786741579231233,34,1.9705882352941175,True
5,5,0.598706412791446,17245.503328165847,0.7220871787470191,0.3736903056519371,0.0006177458022692,25,25.2,58,58.0,2.32,2.302153846153846,5,virchow,Virchow,/Volumes/ssd/thesis_organization/ndb_ufes_data_organizer/results/phase2_tuning/phase2_all_results_virchow_averaged.csv,17245.503328165847,0.3736903056519371,25,2.32,True
5,6,0.598706412791446,14670.938745091751,1.770988591312753,0.3592774181057485,0.0008450485061946,25,25.2,50,49.0,2.0,1.9455384615384617,5,virchow,Virchow,/Volumes/ssd/thesis_organization/ndb_ufes_data_organizer/results/phase2_tuning/phase2_all_results_virchow_averaged.csv,14670.938745091751,0.3592774181057485,25,2.0,True
5,7,0.598706412791446,13151.997599096125,46.10755368539653,0.3280151556150179,0.0041657735668212,16,22.4,42,40.4,2.5,1.85,5,virchow,Virchow,/Volumes/ssd/thesis_organization/ndb_ufes_data_organizer/results/phase2_tuning/phase2_all_results_virchow_averaged.csv,13151.997599096125,0.3280151556150179,16,2.5,True
5,8,0.598706412791446,12013.98879765323,47.31610283457076,0.3224485676067956,0.0047851374611691,8,14.8,41,36.6,4.75,3.0077777777777777,5,virchow,Virchow,/Volumes/ssd/thesis_organization/ndb_ufes_data_organizer/results/phase2_tuning/phase2_all_results_virchow_averaged.csv,12013.98879765323,0.3224485676067956,8,4.75,False
5,9,0.598706412791446,10960.158654602332,73.10436240734815,0.313526935648257,0.0072344827760137,7,11.6,40,35.6,5.714285714285714,3.5224025974025976,5,virchow,Virchow,/Volumes/ssd/thesis_organization/ndb_ufes_data_organizer/results/phase2_tuning/phase2_all_results_virchow_averaged.csv,10960.158654602332,0.313526935648257,7,5.714285714285714,False
6,2,0.6315518486850143,43374.71622537149,0.0,0.4679043027982568,0.0,101,101.0,102,102.0,1.00990099009901,1.00990099009901,5,virchow,Virchow,/Volumes/ssd/thesis_organization/ndb_ufes_data_organizer/results/phase2_tuning/phase2_all_results_virchow_averaged.csv,43374.71622537149,0.4679043027982568,101,1.00990099009901,True
6,3,0.6315518486850143,32441.014598647005,0.0,0.436448235626277,0.0,36,36.0,102,102.0,2.8333333333333335,2.8333333333333335,5,virchow,Virchow,/Volumes/ssd/thesis_organization/ndb_ufes_data_organizer/results/phase2_tuning/phase2_all_results_virchow_averaged.csv,32441.014598647005,0.436448235626277,36,2.8333333333333335,True
6,4,0.6315518486850143,26328.488059286796,0.0,0.3425373035180608,0.0,36,36.0,65,65.0,1.8055555555555556,1.805555555555556,5,virchow,Virchow,/Volumes/ssd/thesis_organization/ndb_ufes_data_organizer/results/phase2_tuning/phase2_all_results_virchow_averaged.csv,26328.488059286796,0.3425373035180608,36,1.8055555555555556,True
6,5,0.6315518486850143,21518.785391949037,7.588900050940442,0.3362122752994215,0.0008661340944515,25,25.4,57,57.0,2.28,2.244923076923077,5,virchow,Virchow,/Volumes/ssd/thesis_organization/ndb_ufes_data_organizer/results/phase2_tuning/phase2_all_results_virchow_averaged.csv,21518.785391949037,0.3362122752994215,25,2.28,True
6,6,0.6315518486850143,18334.972599316407,4.439449367885761,0.3424921406652564,0.0006609665940769,25,25.2,49,47.6,1.96,1.8895384615384616,5,virchow,Virchow,/Volumes/ssd/thesis_organization/ndb_ufes_data_organizer/results/phase2_tuning/phase2_all_results_virchow_averaged.csv,18334.972599316407,0.3424921406652564,25,1.96,True
6,7,0.6315518486850143,16550.691050911402,45.863311576321415,0.3227763067668053,0.003664886338724,17,17.8,46,43.2,2.5555555555555554,2.438758169934641,5,virchow,Virchow,/Volumes/ssd/thesis_organization/ndb_ufes_data_organizer/results/phase2_tuning/phase2_all_results_virchow_averaged.csv,16550.691050911402,0.3227763067668053,17,2.5555555555555554,True
6,8,0.6315518486850143,15210.135072285751,74.81570658889935,0.3137948382092843,0.0092803412836389,7,10.0,46,42.0,6.571428571428571,4.643860877684407,5,virchow,Virchow,/Volumes/ssd/thesis_organization/ndb_ufes_data_organizer/results/phase2_tuning/phase2_all_results_virchow_averaged.csv,15210.135072285751,0.3137948382092843,7,6.571428571428571,False
6,9,0.6315518486850143,13984.344528926556,92.72703130430436,0.291868568273713,0.0104683613831044,8,11.2,39,35.4,4.875,3.4075,5,virchow,Virchow,/Volumes/ssd/thesis_organization/ndb_ufes_data_organizer/results/phase2_tuning/phase2_all_results_virchow_averaged.csv,13984.344528926556,0.291868568273713,8,4.875,False
7,2,0.6583129599827003,47147.50311684,0.0,0.4470742338327166,0.0,101,101.0,102,102.0,1.00990099009901,1.00990099009901,5,virchow,Virchow,/Volumes/ssd/thesis_organization/ndb_ufes_data_organizer/results/phase2_tuning/phase2_all_results_virchow_averaged.csv,47147.50311684,0.4470742338327166,101,1.00990099009901,True
7,3,0.6583129599827003,36115.13208642911,0.0,0.4128534199313816,0.0,34,34.0,102,102.0,3.0,3.0,5,virchow,Virchow,/Volumes/ssd/thesis_organization/ndb_ufes_data_organizer/results/phase2_tuning/phase2_all_results_virchow_averaged.csv,36115.13208642911,0.4128534199313816,34,3.0,True
7,4,0.6583129599827003,29632.201136716136,13.043292459028413,0.3355005136266872,0.001112167657412,34,35.2,67,65.8,1.9705882352941175,1.8715686274509804,5,virchow,Virchow,/Volumes/ssd/thesis_organization/ndb_ufes_data_organizer/results/phase2_tuning/phase2_all_results_virchow_averaged.csv,29632.201136716136,0.3355005136266872,34,1.9705882352941175,True
7,5,0.6583129599827003,24831.69148184686,2.4264304059043775,0.3274837714783219,0.0006026036595165,25,25.0,65,64.2,2.6,2.568,5,virchow,Virchow,/Volumes/ssd/thesis_organization/ndb_ufes_data_organizer/results/phase2_tuning/phase2_all_results_virchow_averaged.csv,24831.69148184686,0.3274837714783219,25,2.6,True
7,6,0.6583129599827003,21379.284071971764,6.702961351435253,0.3220805670572101,0.0010442160316357,25,25.4,49,48.0,1.96,1.892148148148148,5,virchow,Virchow,/Volumes/ssd/thesis_organization/ndb_ufes_data_organizer/results/phase2_tuning/phase2_all_results_virchow_averaged.csv,21379.284071971764,0.3220805670572101,25,1.96,True
7,7,0.6583129599827003,19561.667892514175,17.614586062221598,0.3019876957833657,0.0023500569894721,17,18.6,40,39.0,2.3529411764705883,2.106143790849673,5,virchow,Virchow,/Volumes/ssd/thesis_organization/ndb_ufes_data_organizer/results/phase2_tuning/phase2_all_results_virchow_averaged.csv,19561.667892514175,0.3019876957833657,17,2.3529411764705883,True
7,8,0.6583129599827003,17826.87613732396,61.77566311787504,0.3036082494525026,0.0042969830859013,10,10.0,42,40.4,4.2,4.04,5,virchow,Virchow,/Volumes/ssd/thesis_organization/ndb_ufes_data_organizer/results/phase2_tuning/phase2_all_results_virchow_averaged.csv,17826.87613732396,0.3036082494525026,10,4.2,False
7,9,0.6583129599827003,16595.200411764712,206.22470731866292,0.2929682559521701,0.009827730341849,8,9.0,42,39.6,5.125,4.428333333333333,5,virchow,Virchow,/Volumes/ssd/thesis_organization/ndb_ufes_data_organizer/results/phase2_tuning/phase2_all_results_virchow_averaged.csv,16595.200411764712,0.2929682559521701,8,5.125,False
8,2,0.6798344860630245,50172.60684295553,0.0,0.4324127309104183,0.0,101,101.0,102,102.0,1.00990099009901,1.00990099009901,5,virchow,Virchow,/Volumes/ssd/thesis_organization/ndb_ufes_data_organizer/results/phase2_tuning/phase2_all_results_virchow_averaged.csv,50172.60684295553,0.4324127309104183,101,1.00990099009901,True
8,3,0.6798344860630245,39140.230283755554,0.0,0.3951125576214253,0.0,34,34.0,102,102.0,3.0,3.0,5,virchow,Virchow,/Volumes/ssd/thesis_organization/ndb_ufes_data_organizer/results/phase2_tuning/phase2_all_results_virchow_averaged.csv,39140.230283755554,0.3951125576214253,34,3.0,True
8,4,0.6798344860630245,32648.39907102246,10.181293266842086,0.3177502841404295,0.0009920316716079,34,34.4,67,66.6,1.9705882352941175,1.9375816993464052,5,virchow,Virchow,/Volumes/ssd/thesis_organization/ndb_ufes_data_organizer/results/phase2_tuning/phase2_all_results_virchow_averaged.csv,32648.39907102246,0.3177502841404295,34,1.9705882352941175,True
8,5,0.6798344860630245,27844.558067501406,9.215595781467949,0.3091091676106302,0.0007451960119804,25,25.4,65,64.4,2.6,2.5363076923076924,5,virchow,Virchow,/Volumes/ssd/thesis_organization/ndb_ufes_data_organizer/results/phase2_tuning/phase2_all_results_virchow_averaged.csv,27844.558067501406,0.3091091676106302,25,2.6,True
8,6,0.6798344860630245,24252.03048360108,9.646234884671124,0.3039329374245563,0.0022977794348781,25,25.0,49,48.2,1.96,1.928,5,virchow,Virchow,/Volumes/ssd/thesis_organization/ndb_ufes_data_organizer/results/phase2_tuning/phase2_all_results_virchow_averaged.csv,24252.03048360108,0.3039329374245563,25,1.96,True
8,7,0.6798344860630245,22197.59914149973,168.5315143917305,0.2940677523503937,0.0046173749360645,10,15.6,47,41.2,4.7,2.8105882352941176,5,virchow,Virchow,/Volumes/ssd/thesis_organization/ndb_ufes_data_organizer/results/phase2_tuning/phase2_all_results_virchow_averaged.csv,22197.59914149973,0.2940677523503937,10,4.7,False
8,8,0.6798344860630245,20403.647145831557,24.07032376853953,0.2889289009045463,0.0053072058788488,10,14.2,42,40.8,4.1,3.0423529411764703,5,virchow,Virchow,/Volumes/ssd/thesis_organization/ndb_ufes_data_organizer/results/phase2_tuning/phase2_all_results_virchow_averaged.csv,20403.647145831557,0.2889289009045463,10,4.1,False
8,9,0.6798344860630245,19151.857780027996,176.24742648214044,0.2784545871546365,0.0105106409859686,8,11.4,42,37.6,4.75,3.502066365007541,5,virchow,Virchow,/Volumes/ssd/thesis_organization/ndb_ufes_data_organizer/results/phase2_tuning/phase2_all_results_virchow_averaged.csv,19151.857780027996,0.2784545871546365,8,4.75,False
10,2,0.7182515077808507,55582.05999669722,0.0,0.4096471234846316,0.0,101,101.0,102,102.0,1.00990099009901,1.00990099009901,5,virchow,Virchow,/Volumes/ssd/thesis_organization/ndb_ufes_data_organizer/results/phase2_tuning/phase2_all_results_virchow_averaged.csv,55582.05999669722,0.4096471234846316,101,1.00990099009901,True
10,3,0.7182515077808507,44472.072546367635,0.0,0.3704077542221168,0.0,34,34.0,102,102.0,3.0,3.0,5,virchow,Virchow,/Volumes/ssd/thesis_organization/ndb_ufes_data_organizer/results/phase2_tuning/phase2_all_results_virchow_averaged.csv,44472.072546367635,0.3704077542221168,34,3.0,True
10,4,0.7182515077808507,37973.18220628532,2.339568281656825,0.2924975003486668,0.0003384099415492,34,34.0,67,67.0,1.9705882352941175,1.9705882352941175,5,virchow,Virchow,/Volumes/ssd/thesis_organization/ndb_ufes_data_organizer/results/phase2_tuning/phase2_all_results_virchow_averaged.csv,37973.18220628532,0.2924975003486668,34,1.9705882352941175,True
10,5,0.7182515077808507,33238.289769435316,13.30516860290372,0.2788969113686909,0.0009953322517964,25,25.6,65,64.8,2.6,2.5323076923076924,5,virchow,Virchow,/Volumes/ssd/thesis_organization/ndb_ufes_data_organizer/results/phase2_tuning/phase2_all_results_virchow_averaged.csv,33238.289769435316,0.2788969113686909,25,2.6,True
10,6,0.7182515077808507,29658.51800513192,180.9742983668844,0.2701481604889122,0.0026854836977857,24,24.8,49,48.4,2.0,1.952,5,virchow,Virchow,/Volumes/ssd/thesis_organization/ndb_ufes_data_organizer/results/phase2_tuning/phase2_all_results_virchow_averaged.csv,29658.51800513192,0.2701481604889122,24,2.0,True
10,7,0.7182515077808507,27353.79116551023,46.23206670941687,0.2598680623393699,0.0073877865391939,17,17.8,48,40.6,2.823529411764706,2.2889576883384932,5,virchow,Virchow,/Volumes/ssd/thesis_organization/ndb_ufes_data_organizer/results/phase2_tuning/phase2_all_results_virchow_averaged.csv,27353.79116551023,0.2598680623393699,17,2.823529411764706,True
10,8,0.7182515077808507,25418.40393392761,217.34497884437897,0.2488256001856496,0.0053565405534251,9,15.6,37,36.0,4.111111111111111,2.48235294117647,5,virchow,Virchow,/Volumes/ssd/thesis_organization/ndb_ufes_data_organizer/results/phase2_tuning/phase2_all_results_virchow_averaged.csv,25418.40393392761,0.2488256001856496,9,4.111111111111111,False
10,9,0.7182515077808507,23581.845114328007,201.8671458568977,0.2557836899182409,0.0040109320048828,7,11.4,39,36.6,5.571428571428571,3.5378968253968255,5,virchow,Virchow,/Volumes/ssd/thesis_organization/ndb_ufes_data_organizer/results/phase2_tuning/phase2_all_results_virchow_averaged.csv,23581.845114328007,0.2557836899182409,7,5.571428571428571,False
12,2,0.7481380751372365,59787.635087067014,0.0,0.3932835491450345,0.0,101,101.0,102,102.0,1.00990099009901,1.00990099009901,5,virchow,Virchow,/Volumes/ssd/thesis_organization/ndb_ufes_data_organizer/results/phase2_tuning/phase2_all_results_virchow_averaged.csv,59787.635087067014,0.3932835491450345,101,1.00990099009901,True
12,3,0.7481380751372365,48657.00708844909,0.0,0.354982268623162,0.0,34,34.0,102,102.0,3.0,3.0,5,virchow,Virchow,/Volumes/ssd/thesis_organization/ndb_ufes_data_organizer/results/phase2_tuning/phase2_all_results_virchow_averaged.csv,48657.00708844909,0.354982268623162,34,3.0,True
12,4,0.7481380751372365,42215.33118714726,141.37108134020875,0.2718110590400279,0.0074791079543515,34,34.0,67,67.0,1.9705882352941175,1.9705882352941175,5,virchow,Virchow,/Volumes/ssd/thesis_organization/ndb_ufes_data_organizer/results/phase2_tuning/phase2_all_results_virchow_averaged.csv,42215.33118714726,0.2718110590400279,34,1.9705882352941175,True
12,5,0.7481380751372365,37383.35695425254,5.654362532147264,0.2591353970481188,0.0006935965959519,24,25.2,65,64.6,2.6666666666666665,2.5656410256410256,5,virchow,Virchow,/Volumes/ssd/thesis_organization/ndb_ufes_data_organizer/results/phase2_tuning/phase2_all_results_virchow_averaged.csv,37383.35695425254,0.2591353970481188,24,2.6666666666666665,True
12,6,0.7481380751372365,33707.22204510054,19.52340495530457,0.24882790200082,0.0018996385550139,24,24.4,49,47.8,2.0,1.9596666666666664,5,virchow,Virchow,/Volumes/ssd/thesis_organization/ndb_ufes_data_organizer/results/phase2_tuning/phase2_all_results_virchow_averaged.csv,33707.22204510054,0.24882790200082,24,2.0,True
12,7,0.7481380751372365,31462.960182726867,53.44042917922908,0.244560343027033,0.0096542008072911,17,17.6,50,44.8,2.9411764705882355,2.5700000000000003,5,virchow,Virchow,/Volumes/ssd/thesis_organization/ndb_ufes_data_organizer/results/phase2_tuning/phase2_all_results_virchow_averaged.csv,31462.960182726867,0.244560343027033,17,2.9411764705882355,True
12,8,0.7481380751372365,29249.271944521675,123.53681331396156,0.2359747627096488,0.0046286968246873,16,17.0,40,37.6,2.3529411764705883,2.2147875816993463,5,virchow,Virchow,/Volumes/ssd/thesis_organization/ndb_ufes_data_organizer/results/phase2_tuning/phase2_all_results_virchow_averaged.csv,29249.271944521675,0.2359747627096488,16,2.3529411764705883,True
12,9,0.7481380751372365,27562.911084075706,195.78380542695132,0.2337314981112617,0.0082909611947036,6,11.0,42,38.4,7.0,4.1225000000000005,5,virchow,Virchow,/Volumes/ssd/thesis_organization/ndb_ufes_data_organizer/results/phase2_tuning/phase2_all_results_virchow_averaged.csv,27562.911084075706,0.2337314981112617,6,7.0,False
15,2,0.7829350262865861,64687.913138979675,0.0,0.3749389062970196,0.0,101,101.0,102,102.0,1.00990099009901,1.00990099009901,5,virchow,Virchow,/Volumes/ssd/thesis_organization/ndb_ufes_data_organizer/results/phase2_tuning/phase2_all_results_virchow_averaged.csv,64687.913138979675,0.3749389062970196,101,1.00990099009901,True
15,3,0.7829350262865861,53556.56812093286,0.0,0.3335301967686069,0.0,34,34.0,102,102.0,3.0,3.0,5,virchow,Virchow,/Volumes/ssd/thesis_organization/ndb_ufes_data_organizer/results/phase2_tuning/phase2_all_results_virchow_averaged.csv,53556.56812093286,0.3335301967686069,34,3.0,True
15,4,0.7829350262865861,47029.49943261712,0.0,0.2566285845053928,0.0,34,34.0,67,67.0,1.9705882352941175,1.9705882352941175,5,virchow,Virchow,/Volumes/ssd/thesis_organization/ndb_ufes_data_organizer/results/phase2_tuning/phase2_all_results_virchow_averaged.csv,47029.49943261712,0.2566285845053928,34,1.9705882352941175,True
15,5,0.7829350262865861,42226.066722530464,27.545444452578817,0.2397279097371535,0.0027542489254571,24,24.4,68,65.0,2.8333333333333335,2.665666666666666,5,virchow,Virchow,/Volumes/ssd/thesis_organization/ndb_ufes_data_organizer/results/phase2_tuning/phase2_all_results_virchow_averaged.csv,42226.066722530464,0.2397279097371535,24,2.8333333333333335,True
15,6,0.7829350262865861,38572.23431191587,22.872868008076985,0.2246597472528204,0.0016957611688178,23,25.0,47,45.6,1.9565217391304348,1.8276120401337792,5,virchow,Virchow,/Volumes/ssd/thesis_organization/ndb_ufes_data_organizer/results/phase2_tuning/phase2_all_results_virchow_averaged.csv,38572.23431191587,0.2246597472528204,23,1.9565217391304348,True
15,7,0.7829350262865861,36341.459559852345,66.00798982449108,0.2165763854709911,0.0109274870242589,17,18.0,49,41.2,2.8823529411764706,2.3245989304812835,5,virchow,Virchow,/Volumes/ssd/thesis_organization/ndb_ufes_data_organizer/results/phase2_tuning/phase2_all_results_virchow_averaged.csv,36341.459559852345,0.2165763854709911,17,2.8823529411764706,True
15,8,0.7829350262865861,34177.49389274673,227.7479516648637,0.2144661333218684,0.004048211231547,15,16.6,41,38.0,2.5625,2.29890522875817,5,virchow,Virchow,/Volumes/ssd/thesis_organization/ndb_ufes_data_organizer/results/phase2_tuning/phase2_all_results_virchow_averaged.csv,34177.49389274673,0.2144661333218684,15,2.5625,True
15,9,0.7829350262865861,32239.61508881431,379.2990838722952,0.2107021363307655,0.0117943151346408,9,11.6,41,36.6,3.727272727272727,3.2895900178253115,5,virchow,Virchow,/Volumes/ssd/thesis_organization/ndb_ufes_data_organizer/results/phase2_tuning/phase2_all_results_virchow_averaged.csv,32239.61508881431,0.2107021363307655,9,3.727272727272727,False
18,2,0.8086082609510925,68305.03198239318,0.0,0.3631019415554705,0.0,101,101.0,102,102.0,1.00990099009901,1.00990099009901,5,virchow,Virchow,/Volumes/ssd/thesis_organization/ndb_ufes_data_organizer/results/phase2_tuning/phase2_all_results_virchow_averaged.csv,68305.03198239318,0.3631019415554705,101,1.00990099009901,True
18,3,0.8086082609510925,57168.93100312769,0.0,0.320900004981928,0.0,34,34.0,102,102.0,3.0,3.0,5,virchow,Virchow,/Volumes/ssd/thesis_organization/ndb_ufes_data_organizer/results/phase2_tuning/phase2_all_results_virchow_averaged.csv,57168.93100312769,0.320900004981928,34,3.0,True
18,4,0.8086082609510925,50608.282840904154,30.328410429285743,0.2454065064036807,0.0011061012976521,34,34.0,68,67.2,2.0,1.9764705882352944,5,virchow,Virchow,/Volumes/ssd/thesis_organization/ndb_ufes_data_organizer/results/phase2_tuning/phase2_all_results_virchow_averaged.csv,50608.282840904154,0.2454065064036807,34,2.0,True
18,5,0.8086082609510925,45743.094853414994,15.282363384331294,0.2272566066555711,0.0015776850192758,23,24.0,65,64.2,2.782608695652174,2.676855072463768,5,virchow,Virchow,/Volumes/ssd/thesis_organization/ndb_ufes_data_organizer/results/phase2_tuning/phase2_all_results_virchow_averaged.csv,45743.094853414994,0.2272566066555711,23,2.782608695652174,True
18,6,0.8086082609510925,42060.06458433215,30.13010141425159,0.2143844280732425,0.0019995735488634,24,24.4,49,47.8,2.0416666666666665,1.959,5,virchow,Virchow,/Volumes/ssd/thesis_organization/ndb_ufes_data_organizer/results/phase2_tuning/phase2_all_results_virchow_averaged.csv,42060.06458433215,0.2143844280732425,24,2.0416666666666665,True
18,7,0.8086082609510925,39831.61547926955,120.86650975352384,0.2048747610402813,0.0083319323249046,12,17.4,52,41.6,3.6666666666666665,2.51453781512605,5,virchow,Virchow,/Volumes/ssd/thesis_organization/ndb_ufes_data_organizer/results/phase2_tuning/phase2_all_results_virchow_averaged.csv,39831.61547926955,0.2048747610402813,12,3.6666666666666665,True
18,8,0.8086082609510925,37609.208988431965,74.49721461527554,0.2025778387440037,0.0087214972596365,11,15.2,44,40.6,4.0,2.7595588235294115,5,virchow,Virchow,/Volumes/ssd/thesis_organization/ndb_ufes_data_organizer/results/phase2_tuning/phase2_all_results_virchow_averaged.csv,37609.208988431965,0.2025778387440037,11,4.0,True
18,9,0.8086082609510925,35891.6566271145,250.08764464783536,0.1911114203380388,0.0060867603392608,5,12.0,40,33.2,7.4,3.4234632034632035,5,virchow,Virchow,/Volumes/ssd/thesis_organization/ndb_ufes_data_organizer/results/phase2_tuning/phase2_all_results_virchow_averaged.csv,35891.6566271145,0.1911114203380388,5,7.4,False
20,2,0.8229846049698903,70329.74373478453,0.0,0.3568272639668135,0.0,101,101.0,102,102.0,1.00990099009901,1.00990099009901,5,virchow,Virchow,/Volumes/ssd/thesis_organization/ndb_ufes_data_organizer/results/phase2_tuning/phase2_all_results_virchow_averaged.csv,70329.74373478453,0.3568272639668135,101,1.00990099009901,True
20,3,0.8229846049698903,59185.77702959286,0.0,0.314939587596629,0.0,34,34.0,102,102.0,3.0,3.0,5,virchow,Virchow,/Volumes/ssd/thesis_organization/ndb_ufes_data_organizer/results/phase2_tuning/phase2_all_results_virchow_averaged.csv,59185.77702959286,0.314939587596629,34,3.0,True
20,4,0.8229846049698903,52614.89092897263,27.099227705014226,0.2386593387068433,0.0012863091497671,34,34.0,68,67.2,2.0,1.9764705882352944,5,virchow,Virchow,/Volumes/ssd/thesis_organization/ndb_ufes_data_organizer/results/phase2_tuning/phase2_all_results_virchow_averaged.csv,52614.89092897263,0.2386593387068433,34,2.0,True
20,5,0.8229846049698903,47734.13314586554,24.08396025507191,0.2209850035447947,0.0017847131733852,24,24.6,65,64.4,2.7083333333333335,2.619,5,virchow,Virchow,/Volumes/ssd/thesis_organization/ndb_ufes_data_organizer/results/phase2_tuning/phase2_all_results_virchow_averaged.csv,47734.13314586554,0.2209850035447947,24,2.7083333333333335,True
20,6,0.8229846049698903,44105.12740876056,108.4933775248048,0.2068595920490538,0.00301508714351,22,24.2,52,48.4,2.363636363636364,2.0133560352690787,5,virchow,Virchow,/Volumes/ssd/thesis_organization/ndb_ufes_data_organizer/results/phase2_tuning/phase2_all_results_virchow_averaged.csv,44105.12740876056,0.2068595920490538,22,2.363636363636364,True
20,7,0.8229846049698903,41704.82911167539,36.49197431211392,0.2013888989176372,0.0071982685963783,17,18.6,48,41.4,2.823529411764706,2.2588854489164087,5,virchow,Virchow,/Volumes/ssd/thesis_organization/ndb_ufes_data_organizer/results/phase2_tuning/phase2_all_results_virchow_averaged.csv,41704.82911167539,0.2013888989176372,17,2.823529411764706,True
20,8,0.8229846049698903,39859.11901260098,165.77610555056762,0.1965518205416165,0.0048061105853389,12,13.6,46,44.2,3.8333333333333335,3.3211764705882354,5,virchow,Virchow,/Volumes/ssd/thesis_organization/ndb_ufes_data_organizer/results/phase2_tuning/phase2_all_results_virchow_averaged.csv,39859.11901260098,0.1965518205416165,12,3.8333333333333335,True
20,9,0.8229846049698903,37801.66307826111,401.4832349924695,0.1900801585405576,0.011351117494931,8,12.4,41,37.4,4.875,3.3314892623716155,5,virchow,Virchow,/Volumes/ssd/thesis_organization/ndb_ufes_data_organizer/results/phase2_tuning/phase2_all_results_virchow_averaged.csv,37801.66307826111,0.1900801585405576,8,4.875,False
25,2,0.8522948236060918,74460.0988424934,0.0,0.3451967575775508,0.0,101,101.0,102,102.0,1.00990099009901,1.00990099009901,5,virchow,Virchow,/Volumes/ssd/thesis_organization/ndb_ufes_data_organizer/results/phase2_tuning/phase2_all_results_virchow_averaged.csv,74460.0988424934,0.3451967575775508,101,1.00990099009901,True
25,3,0.8522948236060918,63298.244347623506,0.0,0.305084259374617,0.0,34,34.0,102,102.0,3.0,3.0,5,virchow,Virchow,/Volumes/ssd/thesis_organization/ndb_ufes_data_organizer/results/phase2_tuning/phase2_all_results_virchow_averaged.csv,63298.244347623506,0.305084259374617,34,3.0,True
25,4,0.8522948236060918,56709.12704175734,0.0,0.2270060283386707,0.0,34,34.0,67,67.0,1.9705882352941175,1.9705882352941175,5,virchow,Virchow,/Volumes/ssd/thesis_organization/ndb_ufes_data_organizer/results/phase2_tuning/phase2_all_results_virchow_averaged.csv,56709.12704175734,0.2270060283386707,34,1.9705882352941175,True
25,5,0.8522948236060918,51818.24106581759,30.43566758918279,0.2093768851135883,0.0018772683569862,24,24.6,68,65.2,2.8333333333333335,2.6523333333333334,5,virchow,Virchow,/Volumes/ssd/thesis_organization/ndb_ufes_data_organizer/results/phase2_tuning/phase2_all_results_virchow_averaged.csv,51818.24106581759,0.2093768851135883,24,2.8333333333333335,True
25,6,0.8522948236060918,48160.23312387309,86.28145547184705,0.1938881125649168,0.0036930049659966,18,23.6,48,47.0,2.6666666666666665,2.031461538461538,5,virchow,Virchow,/Volumes/ssd/thesis_organization/ndb_ufes_data_organizer/results/phase2_tuning/phase2_all_results_virchow_averaged.csv,48160.23312387309,0.1938881125649168,18,2.6666666666666665,True
25,7,0.8522948236060918,45775.12587164961,105.12776191382032,0.1846604942066177,0.0034830720716652,16,18.8,47,40.6,2.9375,2.1975,5,virchow,Virchow,/Volumes/ssd/thesis_organization/ndb_ufes_data_organizer/results/phase2_tuning/phase2_all_results_virchow_averaged.csv,45775.12587164961,0.1846604942066177,16,2.9375,True
25,8,0.8522948236060918,43548.79389862817,212.16402412298368,0.1848929307564698,0.0042083748334708,16,16.4,46,42.0,2.75,2.5625,5,virchow,Virchow,/Volumes/ssd/thesis_organization/ndb_ufes_data_organizer/results/phase2_tuning/phase2_all_results_virchow_averaged.csv,43548.79389862817,0.1848929307564698,16,2.75,True
25,9,0.8522948236060918,41608.688283430514,310.91860264881575,0.1798617797001203,0.0086859279944307,9,14.0,41,37.8,4.555555555555555,2.851111111111111,5,virchow,Virchow,/Volumes/ssd/thesis_organization/ndb_ufes_data_organizer/results/phase2_tuning/phase2_all_results_virchow_averaged.csv,41608.688283430514,0.1798617797001203,9,4.555555555555555,False
30,2,0.8739875467654045,77516.72859478176,0.0,0.3365735855194887,0.0,101,101.0,102,102.0,1.00990099009901,1.00990099009901,5,virchow,Virchow,/Volumes/ssd/thesis_organization/ndb_ufes_data_organizer/results/phase2_tuning/phase2_all_results_virchow_averaged.csv,77516.72859478176,0.3365735855194887,101,1.00990099009901,True
30,3,0.8739875467654045,66358.43833242073,28.49467234859955,0.2956024420024638,0.0007091449458199,34,34.4,102,102.0,3.0,2.966666666666667,5,virchow,Virchow,/Volumes/ssd/thesis_organization/ndb_ufes_data_organizer/results/phase2_tuning/phase2_all_results_virchow_averaged.csv,66358.43833242073,0.2956024420024638,34,3.0,True
30,4,0.8739875467654045,59762.85315049053,27.74966138046904,0.218521631172938,0.001180887221415,34,34.4,67,66.6,1.9705882352941175,1.9375816993464052,5,virchow,Virchow,/Volumes/ssd/thesis_organization/ndb_ufes_data_organizer/results/phase2_tuning/phase2_all_results_virchow_averaged.csv,59762.85315049053,0.218521631172938,34,1.9705882352941175,True
30,5,0.8739875467654045,54870.09416084834,27.14939389446689,0.1981102181375043,0.0021335600197732,24,24.4,65,64.4,2.7083333333333335,2.6403333333333334,5,virchow,Virchow,/Volumes/ssd/thesis_organization/ndb_ufes_data_organizer/results/phase2_tuning/phase2_all_results_virchow_averaged.csv,54870.09416084834,0.1981102181375043,24,2.7083333333333335,True
30,6,0.8739875467654045,51351.47727425072,340.349240067686,0.1823230477671507,0.0038875281975001,18,23.0,52,46.4,2.5555555555555554,2.056966588966589,5,virchow,Virchow,/Volumes/ssd/thesis_organization/ndb_ufes_data_organizer/results/phase2_tuning/phase2_all_results_virchow_averaged.csv,51351.47727425072,0.1823230477671507,18,2.5555555555555554,True
30,7,0.8739875467654045,48842.23386798551,78.49927157172954,0.1787533272165412,0.0094553322781617,17,17.8,50,44.4,2.9411764705882355,2.51640522875817,5,virchow,Virchow,/Volumes/ssd/thesis_organization/ndb_ufes_data_organizer/results/phase2_tuning/phase2_all_results_virchow_averaged.csv,48842.23386798551,0.1787533272165412,17,2.9411764705882355,True
30,8,0.8739875467654045,46678.51937024815,177.08486050917134,0.1696069817006296,0.0049119736709414,9,14.8,40,38.0,4.444444444444445,2.7341339869281045,5,virchow,Virchow,/Volumes/ssd/thesis_organization/ndb_ufes_data_organizer/results/phase2_tuning/phase2_all_results_virchow_averaged.csv,46678.51937024815,0.1696069817006296,9,4.444444444444445,False
30,9,0.8739875467654045,44584.07932035049,162.8726930144225,0.1750745483578381,0.0028510127968615,9,13.2,41,38.0,4.0,3.046111111111111,5,virchow,Virchow,/Volumes/ssd/thesis_organization/ndb_ufes_data_organizer/results/phase2_tuning/phase2_all_results_virchow_averaged.csv,44584.07932035049,0.1750745483578381,9,4.0,False
2,2,0.4582417375360897,7.144004198245666,0.0,0.5559692911494287,0.0,101,101.0,102,102.0,1.00990099009901,1.00990099009901,5,mocov3_vit_small,MoCo v3 ViT Small,/Volumes/ssd/thesis_organization/ndb_ufes_data_organizer/results/phase2_tuning/phase2_all_results_mocov3_vit_small_averaged.csv,7.144004198245666,0.5559692911494287,101,1.00990099009901,True
2,3,0.4582417375360897,4.532005889631941,0.0,0.5253181789375895,0.0,49,49.0,102,102.0,2.0816326530612246,2.0816326530612246,5,mocov3_vit_small,MoCo v3 ViT Small,/Volumes/ssd/thesis_organization/ndb_ufes_data_organizer/results/phase2_tuning/phase2_all_results_mocov3_vit_small_averaged.csv,4.532005889631941,0.5253181789375895,49,2.0816326530612246,True
2,4,0.4582417375360897,2.408192083487155,0.0,0.5239711491136594,0.0,48,48.0,54,54.0,1.125,1.125,5,mocov3_vit_small,MoCo v3 ViT Small,/Volumes/ssd/thesis_organization/ndb_ufes_data_organizer/results/phase2_tuning/phase2_all_results_mocov3_vit_small_averaged.csv,2.408192083487155,0.5239711491136594,48,1.125,True
2,5,0.4582417375360897,1.7537195391865137,0.0005422797069259,0.514648067189999,0.0006153671361636,27,27.6,54,53.8,2.0,1.95,5,mocov3_vit_small,MoCo v3 ViT Small,/Volumes/ssd/thesis_organization/ndb_ufes_data_organizer/results/phase2_tuning/phase2_all_results_mocov3_vit_small_averaged.csv,1.7537195391865137,0.514648067189999,27,2.0,True
2,6,0.4582417375360897,1.2183579638898514,0.0002649046088723,0.500578748146692,0.0006450165979623,26,26.0,39,39.0,1.5,1.5,5,mocov3_vit_small,MoCo v3 ViT Small,/Volumes/ssd/thesis_organization/ndb_ufes_data_organizer/results/phase2_tuning/phase2_all_results_mocov3_vit_small_averaged.csv,1.2183579638898514,0.500578748146692,26,1.5,True
2,7,0.4582417375360897,1.0198542805720134,0.0019427961294558,0.4763213193365601,0.0026547233576783,19,19.8,39,38.8,2.0526315789473686,1.9707093821510295,5,mocov3_vit_small,MoCo v3 ViT Small,/Volumes/ssd/thesis_organization/ndb_ufes_data_organizer/results/phase2_tuning/phase2_all_results_mocov3_vit_small_averaged.csv,1.0198542805720134,0.4763213193365601,19,2.0526315789473686,True
2,8,0.4582417375360897,0.8598682306763422,0.0031296217587396,0.4529755556282473,0.0039633354774409,18,18.6,37,32.2,2.0555555555555554,1.7362573099415204,5,mocov3_vit_small,MoCo v3 ViT Small,/Volumes/ssd/thesis_organization/ndb_ufes_data_organizer/results/phase2_tuning/phase2_all_results_mocov3_vit_small_averaged.csv,0.8598682306763422,0.4529755556282473,18,2.0555555555555554,True
2,9,0.4582417375360897,0.7329124532622903,0.0031582061907376,0.4553800460659974,0.003765327215416,12,12.8,31,30.0,2.5833333333333335,2.3474358974358975,5,mocov3_vit_small,MoCo v3 ViT Small,/Volumes/ssd/thesis_organization/ndb_ufes_data_organizer/results/phase2_tuning/phase2_all_results_mocov3_vit_small_averaged.csv,0.7329124532622903,0.4553800460659974,12,2.5833333333333335,True
3,2,0.5398409003685483,10.1977280440563,0.0,0.4628716319767091,0.0,101,101.0,102,102.0,1.00990099009901,1.00990099009901,5,mocov3_vit_small,MoCo v3 ViT Small,/Volumes/ssd/thesis_organization/ndb_ufes_data_organizer/results/phase2_tuning/phase2_all_results_mocov3_vit_small_averaged.csv,10.1977280440563,0.4628716319767091,101,1.00990099009901,True
3,3,0.5398409003685483,7.468200992601785,0.0,0.419519553257264,0.0,50,50.0,102,102.0,2.04,2.04,5,mocov3_vit_small,MoCo v3 ViT Small,/Volumes/ssd/thesis_organization/ndb_ufes_data_organizer/results/phase2_tuning/phase2_all_results_mocov3_vit_small_averaged.csv,7.468200992601785,0.419519553257264,50,2.04,True
3,4,0.5398409003685483,5.326346562312393,0.0,0.3924790608636572,0.0,50,50.0,51,51.0,1.02,1.02,5,mocov3_vit_small,MoCo v3 ViT Small,/Volumes/ssd/thesis_organization/ndb_ufes_data_organizer/results/phase2_tuning/phase2_all_results_mocov3_vit_small_averaged.csv,5.326346562312393,0.3924790608636572,50,1.02,True
3,5,0.5398409003685483,4.519956150470656,0.0067061998477891,0.3785475074496442,0.0026885007083389,18,19.4,54,52.0,3.0,2.6939849624060153,5,mocov3_vit_small,MoCo v3 ViT Small,/Volumes/ssd/thesis_organization/ndb_ufes_data_organizer/results/phase2_tuning/phase2_all_results_mocov3_vit_small_averaged.csv,4.519956150470656,0.3785475074496442,18,3.0,True
3,6,0.5398409003685483,3.9059281783120063,0.0035217330927593,0.3599805134653101,0.0177755334752432,18,18.0,54,49.6,3.0,2.7555555555555555,5,mocov3_vit_small,MoCo v3 ViT Small,/Volumes/ssd/thesis_organization/ndb_ufes_data_organizer/results/phase2_tuning/phase2_all_results_mocov3_vit_small_averaged.csv,3.9059281783120063,0.3599805134653101,18,3.0,True
3,7,0.5398409003685483,3.316565519995416,0.0303846456092474,0.3481670224794951,0.0030689443202459,18,18.0,43,40.6,2.388888888888889,2.2555555555555555,5,mocov3_vit_small,MoCo v3 ViT Small,/Volumes/ssd/thesis_organization/ndb_ufes_data_organizer/results/phase2_tuning/phase2_all_results_mocov3_vit_small_averaged.csv,3.316565519995416,0.3481670224794951,18,2.388888888888889,True
3,8,0.5398409003685483,2.7675293079172674,0.0021085048216941,0.3649792253216358,0.0013382167792866,18,18.0,40,38.8,2.2222222222222223,2.155555555555556,5,mocov3_vit_small,MoCo v3 ViT Small,/Volumes/ssd/thesis_organization/ndb_ufes_data_organizer/results/phase2_tuning/phase2_all_results_mocov3_vit_small_averaged.csv,2.7675293079172674,0.3649792253216358,18,2.2222222222222223,True
3,9,0.5398409003685483,2.5226358848160224,0.0211597803505003,0.3569385963471039,0.0020502622351409,13,14.8,36,30.8,2.769230769230769,2.103012820512821,5,mocov3_vit_small,MoCo v3 ViT Small,/Volumes/ssd/thesis_organization/ndb_ufes_data_organizer/results/phase2_tuning/phase2_all_results_mocov3_vit_small_averaged.csv,2.5226358848160224,0.3569385963471039,13,2.769230769230769,True
4,2,0.5969607205625309,12.343590657735174,0.0,0.4138815402228478,0.0,101,101.0,102,102.0,1.00990099009901,1.00990099009901,5,mocov3_vit_small,MoCo v3 ViT Small,/Volumes/ssd/thesis_organization/ndb_ufes_data_organizer/results/phase2_tuning/phase2_all_results_mocov3_vit_small_averaged.csv,12.343590657735174,0.4138815402228478,101,1.00990099009901,True
4,3,0.5969607205625309,9.606462799906186,0.0,0.3641862046653923,0.0,50,50.0,102,102.0,2.04,2.04,5,mocov3_vit_small,MoCo v3 ViT Small,/Volumes/ssd/thesis_organization/ndb_ufes_data_organizer/results/phase2_tuning/phase2_all_results_mocov3_vit_small_averaged.csv,9.606462799906186,0.3641862046653923,50,2.04,True
4,4,0.5969607205625309,7.463971066328109,0.000140027076921,0.3279584762520147,7.112913466848538e-05,49,49.6,52,51.4,1.0612244897959184,1.0364897959183674,5,mocov3_vit_small,MoCo v3 ViT Small,/Volumes/ssd/thesis_organization/ndb_ufes_data_organizer/results/phase2_tuning/phase2_all_results_mocov3_vit_small_averaged.csv,7.463971066328109,0.3279584762520147,49,1.0612244897959184,True
4,5,0.5969607205625309,6.57769161815496,0.0044714821376177,0.3087725176983363,0.0011638835673061,22,26.0,53,51.6,2.409090909090909,2.0003367003367005,5,mocov3_vit_small,MoCo v3 ViT Small,/Volumes/ssd/thesis_organization/ndb_ufes_data_organizer/results/phase2_tuning/phase2_all_results_mocov3_vit_small_averaged.csv,6.57769161815496,0.3087725176983363,22,2.409090909090909,True
4,6,0.5969607205625309,5.825866534204325,0.0193672546460552,0.2885809396394151,0.0019805875796038,23,24.8,48,44.2,2.0,1.796135265700483,5,mocov3_vit_small,MoCo v3 ViT Small,/Volumes/ssd/thesis_organization/ndb_ufes_data_organizer/results/phase2_tuning/phase2_all_results_mocov3_vit_small_averaged.csv,5.825866534204325,0.2885809396394151,23,2.0,True
4,7,0.5969607205625309,5.2119527722209895,0.0176888904201554,0.2851008749267253,0.0038196191667033,17,19.4,39,37.2,2.176470588235294,1.9395729306215237,5,mocov3_vit_small,MoCo v3 ViT Small,/Volumes/ssd/thesis_organization/ndb_ufes_data_organizer/results/phase2_tuning/phase2_all_results_mocov3_vit_small_averaged.csv,5.2119527722209895,0.2851008749267253,17,2.176470588235294,True
4,8,0.5969607205625309,4.679193488902318,0.0363454464201636,0.2854102397118506,0.0045144105487118,16,18.6,36,34.8,2.25,1.8880116959064328,5,mocov3_vit_small,MoCo v3 ViT Small,/Volumes/ssd/thesis_organization/ndb_ufes_data_organizer/results/phase2_tuning/phase2_all_results_mocov3_vit_small_averaged.csv,4.679193488902318,0.2854102397118506,16,2.25,True
4,9,0.5969607205625309,4.244338950576749,0.0194798698928817,0.2933748780346574,0.0052387335647435,13,14.4,34,31.8,2.4285714285714284,2.2203479853479853,5,mocov3_vit_small,MoCo v3 ViT Small,/Volumes/ssd/thesis_organization/ndb_ufes_data_organizer/results/phase2_tuning/phase2_all_results_mocov3_vit_small_averaged.csv,4.244338950576749,0.2933748780346574,13,2.4285714285714284,True
5,2,0.6407776163881933,13.98761366344296,0.0,0.38960826482468,0.0,101,101.0,102,102.0,1.00990099009901,1.00990099009901,5,mocov3_vit_small,MoCo v3 ViT Small,/Volumes/ssd/thesis_organization/ndb_ufes_data_organizer/results/phase2_tuning/phase2_all_results_mocov3_vit_small_averaged.csv,13.98761366344296,0.38960826482468,101,1.00990099009901,True
5,3,0.6407776163881933,11.18770048872654,0.0018354084411701,0.3378370758873915,0.0007315192820529,49,49.2,102,102.0,2.0816326530612246,2.0733061224489795,5,mocov3_vit_small,MoCo v3 ViT Small,/Volumes/ssd/thesis_organization/ndb_ufes_data_organizer/results/phase2_tuning/phase2_all_results_mocov3_vit_small_averaged.csv,11.18770048872654,0.3378370758873915,49,2.0816326530612246,True
5,4,0.6407776163881933,8.911603750799104,0.0022266815611676,0.3020649182453337,5.8732212601765815e-05,49,49.2,52,52.0,1.0612244897959184,1.0569795918367348,5,mocov3_vit_small,MoCo v3 ViT Small,/Volumes/ssd/thesis_organization/ndb_ufes_data_organizer/results/phase2_tuning/phase2_all_results_mocov3_vit_small_averaged.csv,8.911603750799104,0.3020649182453337,49,1.0612244897959184,True
5,5,0.6407776163881933,7.704937073291097,0.0005650278665579,0.2985717102186653,0.0001083949416011,17,17.0,52,51.6,3.0588235294117645,3.0352941176470587,5,mocov3_vit_small,MoCo v3 ViT Small,/Volumes/ssd/thesis_organization/ndb_ufes_data_organizer/results/phase2_tuning/phase2_all_results_mocov3_vit_small_averaged.csv,7.704937073291097,0.2985717102186653,17,3.0588235294117645,True
5,6,0.6407776163881933,6.913049591384636,0.0139067333979207,0.2779898964476681,0.0129219532625096,17,17.8,52,46.4,3.0588235294117645,2.617956656346749,5,mocov3_vit_small,MoCo v3 ViT Small,/Volumes/ssd/thesis_organization/ndb_ufes_data_organizer/results/phase2_tuning/phase2_all_results_mocov3_vit_small_averaged.csv,6.913049591384636,0.2779898964476681,17,3.0588235294117645,True
5,7,0.6407776163881933,6.129407973374864,0.0099875035373527,0.2742892645634268,0.0017899829774511,15,16.0,41,39.0,2.5625,2.439019607843137,5,mocov3_vit_small,MoCo v3 ViT Small,/Volumes/ssd/thesis_organization/ndb_ufes_data_organizer/results/phase2_tuning/phase2_all_results_mocov3_vit_small_averaged.csv,6.129407973374864,0.2742892645634268,15,2.5625,True
5,8,0.6407776163881933,5.5570888281430495,0.0206526549443621,0.2775750001290697,0.0032995116814177,16,16.8,37,34.4,2.3125,2.050735294117647,5,mocov3_vit_small,MoCo v3 ViT Small,/Volumes/ssd/thesis_organization/ndb_ufes_data_organizer/results/phase2_tuning/phase2_all_results_mocov3_vit_small_averaged.csv,5.5570888281430495,0.2775750001290697,16,2.3125,True
5,9,0.6407776163881933,5.104121402094268,0.0575787455841592,0.2784934743109818,0.0037789785256565,14,15.4,33,30.8,2.357142857142857,2.0128011204481795,5,mocov3_vit_small,MoCo v3 ViT Small,/Volumes/ssd/thesis_organization/ndb_ufes_data_organizer/results/phase2_tuning/phase2_all_results_mocov3_vit_small_averaged.csv,5.104121402094268,0.2784934743109818,14,2.357142857142857,True
6,2,0.6766192909968564,15.333903547673248,0.0,0.3709363078567638,0.0,101,101.0,102,102.0,1.00990099009901,1.00990099009901,5,mocov3_vit_small,MoCo v3 ViT Small,/Volumes/ssd/thesis_organization/ndb_ufes_data_organizer/results/phase2_tuning/phase2_all_results_mocov3_vit_small_averaged.csv,15.333903547673248,0.3709363078567638,101,1.00990099009901,True
6,3,0.6766192909968564,12.424143253810888,0.0009153168801066,0.3207412754763646,0.0004916728922839,49,49.6,102,102.0,2.0816326530612246,2.0566530612244898,5,mocov3_vit_small,MoCo v3 ViT Small,/Volumes/ssd/thesis_organization/ndb_ufes_data_organizer/results/phase2_tuning/phase2_all_results_mocov3_vit_small_averaged.csv,12.424143253810888,0.3207412754763646,49,2.0816326530612246,True
6,4,0.6766192909968564,9.954110279090244,0.0007473531030728,0.3065786653071687,5.96101912802156e-05,32,32.0,70,70.0,2.1875,2.1875,5,mocov3_vit_small,MoCo v3 ViT Small,/Volumes/ssd/thesis_organization/ndb_ufes_data_organizer/results/phase2_tuning/phase2_all_results_mocov3_vit_small_averaged.csv,9.954110279090244,0.3065786653071687,32,2.1875,True
6,5,0.6766192909968564,8.748783094800668,0.0465663205868,0.296838216144382,0.0057799392749542,16,17.8,70,70.0,4.375,3.9499914000687992,5,mocov3_vit_small,MoCo v3 ViT Small,/Volumes/ssd/thesis_organization/ndb_ufes_data_organizer/results/phase2_tuning/phase2_all_results_mocov3_vit_small_averaged.csv,8.748783094800668,0.296838216144382,16,4.375,True
6,6,0.6766192909968564,7.749421843674074,0.0111820235906487,0.2663120892987501,0.0017090679798976,16,17.4,45,45.0,2.8125,2.6017801857585137,5,mocov3_vit_small,MoCo v3 ViT Small,/Volumes/ssd/thesis_organization/ndb_ufes_data_organizer/results/phase2_tuning/phase2_all_results_mocov3_vit_small_averaged.csv,7.749421843674074,0.2663120892987501,16,2.8125,True
6,7,0.6766192909968564,6.913939546340458,0.0053819759675943,0.267262603033879,0.0011727741356834,17,17.0,42,39.2,2.4705882352941178,2.3058823529411763,5,mocov3_vit_small,MoCo v3 ViT Small,/Volumes/ssd/thesis_organization/ndb_ufes_data_organizer/results/phase2_tuning/phase2_all_results_mocov3_vit_small_averaged.csv,6.913939546340458,0.267262603033879,17,2.4705882352941178,True
6,8,0.6766192909968564,6.272464346544224,0.0071584488421864,0.272056012278955,0.0008183883113227,16,16.8,33,31.8,1.9411764705882353,1.8933823529411764,5,mocov3_vit_small,MoCo v3 ViT Small,/Volumes/ssd/thesis_organization/ndb_ufes_data_organizer/results/phase2_tuning/phase2_all_results_mocov3_vit_small_averaged.csv,6.272464346544224,0.272056012278955,16,1.9411764705882353,True
6,9,0.6766192909968564,5.777040996457818,0.0489528111140779,0.2764054587379191,0.0036271767059374,14,14.4,33,31.0,2.357142857142857,2.155238095238095,5,mocov3_vit_small,MoCo v3 ViT Small,/Volumes/ssd/thesis_organization/ndb_ufes_data_organizer/results/phase2_tuning/phase2_all_results_mocov3_vit_small_averaged.csv,5.777040996457818,0.2764054587379191,14,2.357142857142857,True
7,2,0.7073464570827083,16.4862134599793,0.0,0.353620316954169,0.0,101,101.0,102,102.0,1.00990099009901,1.00990099009901,5,mocov3_vit_small,MoCo v3 ViT Small,/Volumes/ssd/thesis_organization/ndb_ufes_data_organizer/results/phase2_tuning/phase2_all_results_mocov3_vit_small_averaged.csv,16.4862134599793,0.353620316954169,101,1.00990099009901,True
7,3,0.7073464570827083,13.567276395223042,0.003431110035192,0.3019963408892077,0.0007772035585449,48,49.6,102,102.0,2.125,2.057,5,mocov3_vit_small,MoCo v3 ViT Small,/Volumes/ssd/thesis_organization/ndb_ufes_data_organizer/results/phase2_tuning/phase2_all_results_mocov3_vit_small_averaged.csv,13.567276395223042,0.3019963408892077,48,2.125,True
7,4,0.7073464570827083,11.099959821392508,0.0035721598815601,0.2857096454251155,0.0008944326638861,32,32.6,70,69.4,2.1875,2.129545454545455,5,mocov3_vit_small,MoCo v3 ViT Small,/Volumes/ssd/thesis_organization/ndb_ufes_data_organizer/results/phase2_tuning/phase2_all_results_mocov3_vit_small_averaged.csv,11.099959821392508,0.2857096454251155,32,2.1875,True
7,5,0.7073464570827083,9.869009485588789,0.0026018614693301,0.2773055417736541,0.000794387193327,16,17.6,70,69.4,4.3125,3.960952012383901,5,mocov3_vit_small,MoCo v3 ViT Small,/Volumes/ssd/thesis_organization/ndb_ufes_data_organizer/results/phase2_tuning/phase2_all_results_mocov3_vit_small_averaged.csv,9.869009485588789,0.2773055417736541,16,4.3125,True
7,6,0.7073464570827083,8.838129865132922,0.0224128899288249,0.2479861034734529,0.0018902418003026,16,18.0,45,44.6,2.8125,2.491911764705882,5,mocov3_vit_small,MoCo v3 ViT Small,/Volumes/ssd/thesis_organization/ndb_ufes_data_organizer/results/phase2_tuning/phase2_all_results_mocov3_vit_small_averaged.csv,8.838129865132922,0.2479861034734529,16,2.8125,True
7,7,0.7073464570827083,7.952390455566371,0.010555596404304,0.2500419171333088,0.0006093613078494,17,17.0,43,39.6,2.5294117647058822,2.329411764705882,5,mocov3_vit_small,MoCo v3 ViT Small,/Volumes/ssd/thesis_organization/ndb_ufes_data_organizer/results/phase2_tuning/phase2_all_results_mocov3_vit_small_averaged.csv,7.952390455566371,0.2500419171333088,17,2.5294117647058822,True
7,8,0.7073464570827083,7.359248521004981,0.0412774108805411,0.2476520648898074,0.0046926682927032,16,16.4,31,30.8,1.9375,1.8794117647058823,5,mocov3_vit_small,MoCo v3 ViT Small,/Volumes/ssd/thesis_organization/ndb_ufes_data_organizer/results/phase2_tuning/phase2_all_results_mocov3_vit_small_averaged.csv,7.359248521004981,0.2476520648898074,16,1.9375,True
7,9,0.7073464570827083,6.817829971193423,0.0625735947454491,0.2523313798230516,0.0082281376505153,14,15.4,31,30.4,2.2142857142857144,1.9803571428571431,5,mocov3_vit_small,MoCo v3 ViT Small,/Volumes/ssd/thesis_organization/ndb_ufes_data_organizer/results/phase2_tuning/phase2_all_results_mocov3_vit_small_averaged.csv,6.817829971193423,0.2523313798230516,14,2.2142857142857144,True
8,2,0.73359529715247,17.472311448231117,0.0,0.3405322547225345,0.0,101,101.0,102,102.0,1.00990099009901,1.00990099009901,5,mocov3_vit_small,MoCo v3 ViT Small,/Volumes/ssd/thesis_organization/ndb_ufes_data_organizer/results/phase2_tuning/phase2_all_results_mocov3_vit_small_averaged.csv,17.472311448231117,0.3405322547225345,101,1.00990099009901,True
8,3,0.73359529715247,14.536889697156557,0.0,0.2889999540309762,0.0,50,50.0,102,102.0,2.04,2.04,5,mocov3_vit_small,MoCo v3 ViT Small,/Volumes/ssd/thesis_organization/ndb_ufes_data_organizer/results/phase2_tuning/phase2_all_results_mocov3_vit_small_averaged.csv,14.536889697156557,0.2889999540309762,50,2.04,True
8,4,0.73359529715247,12.057145669598636,0.005023957855242,0.2727787476469106,0.0018519038624619,29,30.8,73,71.2,2.5172413793103448,2.319396551724138,5,mocov3_vit_small,MoCo v3 ViT Small,/Volumes/ssd/thesis_organization/ndb_ufes_data_organizer/results/phase2_tuning/phase2_all_results_mocov3_vit_small_averaged.csv,12.057145669598636,0.2727787476469106,29,2.5172413793103448,True
8,5,0.73359529715247,10.860415776165649,0.0602126956612673,0.2569477714235993,0.0090816122097566,16,18.8,70,66.2,4.375,3.587752469408816,5,mocov3_vit_small,MoCo v3 ViT Small,/Volumes/ssd/thesis_organization/ndb_ufes_data_organizer/results/phase2_tuning/phase2_all_results_mocov3_vit_small_averaged.csv,10.860415776165649,0.2569477714235993,16,4.375,True
8,6,0.73359529715247,9.80209402766689,0.026530034054206,0.2298370708517995,0.0024175317599184,16,18.2,46,44.2,2.8125,2.4727240896358547,5,mocov3_vit_small,MoCo v3 ViT Small,/Volumes/ssd/thesis_organization/ndb_ufes_data_organizer/results/phase2_tuning/phase2_all_results_mocov3_vit_small_averaged.csv,9.80209402766689,0.2298370708517995,16,2.8125,True
8,7,0.73359529715247,8.90896211377661,0.0234981256237031,0.2346903994826956,0.0028369524009647,15,17.4,41,39.4,2.533333333333333,2.2781836945304437,5,mocov3_vit_small,MoCo v3 ViT Small,/Volumes/ssd/thesis_organization/ndb_ufes_data_organizer/results/phase2_tuning/phase2_all_results_mocov3_vit_small_averaged.csv,8.90896211377661,0.2346903994826956,15,2.533333333333333,True
8,8,0.73359529715247,8.250959407673133,0.0256383757433719,0.2317909703312634,0.0035939675597341,16,16.8,35,31.8,2.0625,1.8947712418300653,5,mocov3_vit_small,MoCo v3 ViT Small,/Volumes/ssd/thesis_organization/ndb_ufes_data_organizer/results/phase2_tuning/phase2_all_results_mocov3_vit_small_averaged.csv,8.250959407673133,0.2317909703312634,16,2.0625,True
8,9,0.73359529715247,7.752125941306308,0.0544421443032,0.2325159092660079,0.0057143352189314,12,14.4,37,32.2,3.0833333333333335,2.2875,5,mocov3_vit_small,MoCo v3 ViT Small,/Volumes/ssd/thesis_organization/ndb_ufes_data_organizer/results/phase2_tuning/phase2_all_results_mocov3_vit_small_averaged.csv,7.752125941306308,0.2325159092660079,12,3.0833333333333335,True
10,2,0.7686798408353833,18.78995291165245,0.0,0.3242170147649483,0.0,101,101.0,102,102.0,1.00990099009901,1.00990099009901,5,mocov3_vit_small,MoCo v3 ViT Small,/Volumes/ssd/thesis_organization/ndb_ufes_data_organizer/results/phase2_tuning/phase2_all_results_mocov3_vit_small_averaged.csv,18.78995291165245,0.3242170147649483,101,1.00990099009901,True
10,3,0.7686798408353833,15.844069619137926,0.0044898473602196,0.271542079517084,0.0010381434035373,49,49.6,102,102.0,2.0816326530612246,2.0566530612244898,5,mocov3_vit_small,MoCo v3 ViT Small,/Volumes/ssd/thesis_organization/ndb_ufes_data_organizer/results/phase2_tuning/phase2_all_results_mocov3_vit_small_averaged.csv,15.844069619137926,0.271542079517084,49,2.0816326530612246,True
10,4,0.7686798408353833,13.316736560281509,0.0033885285818846,0.2556033449906051,0.0013851363138258,30,31.4,72,70.6,2.4,2.2505645161290326,5,mocov3_vit_small,MoCo v3 ViT Small,/Volumes/ssd/thesis_organization/ndb_ufes_data_organizer/results/phase2_tuning/phase2_all_results_mocov3_vit_small_averaged.csv,13.316736560281509,0.2556033449906051,30,2.4,True
10,5,0.7686798408353833,12.067899458812311,0.0117759943993661,0.2449145559991482,0.002250754361161,16,17.2,73,71.0,4.375,4.138777089783281,5,mocov3_vit_small,MoCo v3 ViT Small,/Volumes/ssd/thesis_organization/ndb_ufes_data_organizer/results/phase2_tuning/phase2_all_results_mocov3_vit_small_averaged.csv,12.067899458812311,0.2449145559991482,16,4.375,True
10,6,0.7686798408353833,10.96974167784939,0.0140602649620235,0.2169184404195459,0.0017369001128541,16,16.4,47,45.4,2.9375,2.7727941176470585,5,mocov3_vit_small,MoCo v3 ViT Small,/Volumes/ssd/thesis_organization/ndb_ufes_data_organizer/results/phase2_tuning/phase2_all_results_mocov3_vit_small_averaged.csv,10.96974167784939,0.2169184404195459,16,2.9375,True
10,7,0.7686798408353833,10.0747834135078,0.0114050986997315,0.2180764862333192,0.0022467186981296,16,16.8,45,41.0,2.6470588235294117,2.440441176470588,5,mocov3_vit_small,MoCo v3 ViT Small,/Volumes/ssd/thesis_organization/ndb_ufes_data_organizer/results/phase2_tuning/phase2_all_results_mocov3_vit_small_averaged.csv,10.0747834135078,0.2180764862333192,16,2.6470588235294117,True
10,8,0.7686798408353833,9.44235755348453,0.0549512485256839,0.2140804143360312,0.0024026943921775,16,16.6,34,32.6,2.125,1.9669117647058825,5,mocov3_vit_small,MoCo v3 ViT Small,/Volumes/ssd/thesis_organization/ndb_ufes_data_organizer/results/phase2_tuning/phase2_all_results_mocov3_vit_small_averaged.csv,9.44235755348453,0.2140804143360312,16,2.125,True
10,9,0.7686798408353833,8.850486908371945,0.0257868381279143,0.2152852200985768,0.0023289169058871,12,14.0,37,31.4,2.8461538461538463,2.2867307692307692,5,mocov3_vit_small,MoCo v3 ViT Small,/Volumes/ssd/thesis_organization/ndb_ufes_data_organizer/results/phase2_tuning/phase2_all_results_mocov3_vit_small_averaged.csv,8.850486908371945,0.2152852200985768,12,2.8461538461538463,True
12,2,0.7971227955099929,19.85795954456899,0.0,0.3134961050153378,0.0,101,101.0,102,102.0,1.00990099009901,1.00990099009901,5,mocov3_vit_small,MoCo v3 ViT Small,/Volumes/ssd/thesis_organization/ndb_ufes_data_organizer/results/phase2_tuning/phase2_all_results_mocov3_vit_small_averaged.csv,19.85795954456899,0.3134961050153378,101,1.00990099009901,True
12,3,0.7971227955099929,16.863478320133563,0.0004463750314193,0.2634695283903289,0.0005104757697124,49,49.4,102,102.0,2.0816326530612246,2.0649795918367344,5,mocov3_vit_small,MoCo v3 ViT Small,/Volumes/ssd/thesis_organization/ndb_ufes_data_organizer/results/phase2_tuning/phase2_all_results_mocov3_vit_small_averaged.csv,16.863478320133563,0.2634695283903289,49,2.0816326530612246,True
12,4,0.7971227955099929,14.324693031512748,0.0010190660343221,0.2470439509361253,0.0015624062142194,29,30.8,73,71.2,2.5172413793103448,2.316512791991101,5,mocov3_vit_small,MoCo v3 ViT Small,/Volumes/ssd/thesis_organization/ndb_ufes_data_organizer/results/phase2_tuning/phase2_all_results_mocov3_vit_small_averaged.csv,14.324693031512748,0.2470439509361253,29,2.5172413793103448,True
12,5,0.7971227955099929,13.073899209693872,0.0284644281324034,0.2344847498486843,0.0015828985462921,16,20.0,72,70.6,4.375,3.570238095238095,5,mocov3_vit_small,MoCo v3 ViT Small,/Volumes/ssd/thesis_organization/ndb_ufes_data_organizer/results/phase2_tuning/phase2_all_results_mocov3_vit_small_averaged.csv,13.073899209693872,0.2344847498486843,16,4.375,True
12,6,0.7971227955099929,11.966863863954472,0.0090346528336624,0.203721344292063,0.0010298936687923,17,18.6,47,45.6,2.6470588235294117,2.46500073713696,5,mocov3_vit_small,MoCo v3 ViT Small,/Volumes/ssd/thesis_organization/ndb_ufes_data_organizer/results/phase2_tuning/phase2_all_results_mocov3_vit_small_averaged.csv,11.966863863954472,0.203721344292063,17,2.6470588235294117,True
12,7,0.7971227955099929,11.022941882465492,0.027851280873227,0.2080285631062473,0.0023120239410511,16,16.4,47,41.4,2.764705882352941,2.524264705882353,5,mocov3_vit_small,MoCo v3 ViT Small,/Volumes/ssd/thesis_organization/ndb_ufes_data_organizer/results/phase2_tuning/phase2_all_results_mocov3_vit_small_averaged.csv,11.022941882465492,0.2080285631062473,16,2.764705882352941,True
12,8,0.7971227955099929,10.33545696277262,0.0408047881381211,0.2060022057510584,0.0027591980947938,14,15.8,39,35.4,2.7857142857142856,2.2605742296918767,5,mocov3_vit_small,MoCo v3 ViT Small,/Volumes/ssd/thesis_organization/ndb_ufes_data_organizer/results/phase2_tuning/phase2_all_results_mocov3_vit_small_averaged.csv,10.33545696277262,0.2060022057510584,14,2.7857142857142856,True
12,9,0.7971227955099929,9.777397735628949,0.0322817101596979,0.2066449655197921,0.0038950517166981,14,15.2,33,32.0,2.357142857142857,2.117857142857143,5,mocov3_vit_small,MoCo v3 ViT Small,/Volumes/ssd/thesis_organization/ndb_ufes_data_organizer/results/phase2_tuning/phase2_all_results_mocov3_vit_small_averaged.csv,9.777397735628949,0.2066449655197921,14,2.357142857142857,True
15,2,0.8330976046441976,21.203319945882775,0.0,0.2998612653486202,0.0,101,101.0,102,102.0,1.00990099009901,1.00990099009901,5,mocov3_vit_small,MoCo v3 ViT Small,/Volumes/ssd/thesis_organization/ndb_ufes_data_organizer/results/phase2_tuning/phase2_all_results_mocov3_vit_small_averaged.csv,21.203319945882775,0.2998612653486202,101,1.00990099009901,True
15,3,0.8330976046441976,18.200870287338923,0.0009563213809494,0.2483321379682373,3.4905978093002416e-05,50,50.0,102,102.0,2.04,2.04,5,mocov3_vit_small,MoCo v3 ViT Small,/Volumes/ssd/thesis_organization/ndb_ufes_data_organizer/results/phase2_tuning/phase2_all_results_mocov3_vit_small_averaged.csv,18.200870287338923,0.2483321379682373,50,2.04,True
15,4,0.8330976046441976,15.65747328403308,0.0030544788604761,0.2312889899700045,0.0016814906824457,29,32.0,73,70.0,2.5172413793103448,2.1954937304075233,5,mocov3_vit_small,MoCo v3 ViT Small,/Volumes/ssd/thesis_organization/ndb_ufes_data_organizer/results/phase2_tuning/phase2_all_results_mocov3_vit_small_averaged.csv,15.65747328403308,0.2312889899700045,29,2.5172413793103448,True
15,5,0.8330976046441976,14.388508129325729,0.0272981471348395,0.2184718840143176,0.0032513809114949,16,17.6,72,68.8,4.3125,3.9525375939849625,5,mocov3_vit_small,MoCo v3 ViT Small,/Volumes/ssd/thesis_organization/ndb_ufes_data_organizer/results/phase2_tuning/phase2_all_results_mocov3_vit_small_averaged.csv,14.388508129325729,0.2184718840143176,16,4.3125,True
15,6,0.8330976046441976,13.249337664491708,0.0676079783662908,0.1908355561502665,0.0018393596426292,16,17.2,45,45.0,2.8125,2.645483193277311,5,mocov3_vit_small,MoCo v3 ViT Small,/Volumes/ssd/thesis_organization/ndb_ufes_data_organizer/results/phase2_tuning/phase2_all_results_mocov3_vit_small_averaged.csv,13.249337664491708,0.1908355561502665,16,2.8125,True
15,7,0.8330976046441976,12.350178116722828,0.0341567221330523,0.1909465996480725,0.00253186728919,15,16.0,44,40.0,2.75,2.505294117647059,5,mocov3_vit_small,MoCo v3 ViT Small,/Volumes/ssd/thesis_organization/ndb_ufes_data_organizer/results/phase2_tuning/phase2_all_results_mocov3_vit_small_averaged.csv,12.350178116722828,0.1909465996480725,15,2.75,True
15,8,0.8330976046441976,11.639800388605549,0.0444394597551573,0.1926935710877494,0.0054580765923155,15,15.8,44,38.0,2.933333333333333,2.411666666666666,5,mocov3_vit_small,MoCo v3 ViT Small,/Volumes/ssd/thesis_organization/ndb_ufes_data_organizer/results/phase2_tuning/phase2_all_results_mocov3_vit_small_averaged.csv,11.639800388605549,0.1926935710877494,15,2.933333333333333,True
15,9,0.8330976046441976,11.074881698934906,0.0362689107240414,0.1875956695660181,0.0042429274130618,11,14.2,37,33.4,3.272727272727273,2.4110930735930736,5,mocov3_vit_small,MoCo v3 ViT Small,/Volumes/ssd/thesis_organization/ndb_ufes_data_organizer/results/phase2_tuning/phase2_all_results_mocov3_vit_small_averaged.csv,11.074881698934906,0.1875956695660181,11,3.272727272727273,True
18,2,0.8570157357201215,22.10088563976107,0.0,0.2913666375921845,0.0,101,101.0,102,102.0,1.00990099009901,1.00990099009901,5,mocov3_vit_small,MoCo v3 ViT Small,/Volumes/ssd/thesis_organization/ndb_ufes_data_organizer/results/phase2_tuning/phase2_all_results_mocov3_vit_small_averaged.csv,22.10088563976107,0.2913666375921845,101,1.00990099009901,True
18,3,0.8570157357201215,19.09460024252045,0.0010254422974027,0.2397688820635912,0.0004955047208554,49,49.8,102,102.0,2.0816326530612246,2.0483265306122447,5,mocov3_vit_small,MoCo v3 ViT Small,/Volumes/ssd/thesis_organization/ndb_ufes_data_organizer/results/phase2_tuning/phase2_all_results_mocov3_vit_small_averaged.csv,19.09460024252045,0.2397688820635912,49,2.0816326530612246,True
18,4,0.8570157357201215,16.544271285863946,0.0071596129491664,0.2229079389532101,0.001564847473411,29,31.8,73,70.2,2.5172413793103448,2.2148119122257053,5,mocov3_vit_small,MoCo v3 ViT Small,/Volumes/ssd/thesis_organization/ndb_ufes_data_organizer/results/phase2_tuning/phase2_all_results_mocov3_vit_small_averaged.csv,16.544271285863946,0.2229079389532101,29,2.5172413793103448,True
18,5,0.8570157357201215,15.282638676501051,0.035868054262223,0.2067765859283471,0.006775651618326,16,18.8,72,65.4,4.0625,3.4964451570101724,5,mocov3_vit_small,MoCo v3 ViT Small,/Volumes/ssd/thesis_organization/ndb_ufes_data_organizer/results/phase2_tuning/phase2_all_results_mocov3_vit_small_averaged.csv,15.282638676501051,0.2067765859283471,16,4.0625,True
18,6,0.8570157357201215,14.14165642252812,0.0551051780163212,0.1810440635982495,0.0046111297527764,16,19.8,46,44.4,2.8125,2.27370984278879,5,mocov3_vit_small,MoCo v3 ViT Small,/Volumes/ssd/thesis_organization/ndb_ufes_data_organizer/results/phase2_tuning/phase2_all_results_mocov3_vit_small_averaged.csv,14.14165642252812,0.1810440635982495,16,2.8125,True
18,7,0.8570157357201215,13.14099872736902,0.017867430400376,0.1864338703492304,0.0012971106396242,15,15.6,40,39.4,2.6666666666666665,2.5283333333333333,5,mocov3_vit_small,MoCo v3 ViT Small,/Volumes/ssd/thesis_organization/ndb_ufes_data_organizer/results/phase2_tuning/phase2_all_results_mocov3_vit_small_averaged.csv,13.14099872736902,0.1864338703492304,15,2.6666666666666665,True
18,8,0.8570157357201215,12.47392319438372,0.0666260302069223,0.1817510898594573,0.0038378390354278,15,15.6,36,35.2,2.4,2.26,5,mocov3_vit_small,MoCo v3 ViT Small,/Volumes/ssd/thesis_organization/ndb_ufes_data_organizer/results/phase2_tuning/phase2_all_results_mocov3_vit_small_averaged.csv,12.47392319438372,0.1817510898594573,15,2.4,True
18,9,0.8570157357201215,11.852945960564009,0.0698607383209991,0.1804320988569515,0.0050946145125593,14,15.6,31,29.6,2.2142857142857144,1.905357142857143,5,mocov3_vit_small,MoCo v3 ViT Small,/Volumes/ssd/thesis_organization/ndb_ufes_data_organizer/results/phase2_tuning/phase2_all_results_mocov3_vit_small_averaged.csv,11.852945960564009,0.1804320988569515,14,2.2142857142857144,True
20,2,0.8699079238582174,22.584915899195614,0.0,0.2870419919195426,0.0,101,101.0,102,102.0,1.00990099009901,1.00990099009901,5,mocov3_vit_small,MoCo v3 ViT Small,/Volumes/ssd/thesis_organization/ndb_ufes_data_organizer/results/phase2_tuning/phase2_all_results_mocov3_vit_small_averaged.csv,22.584915899195614,0.2870419919195426,101,1.00990099009901,True
20,3,0.8699079238582174,19.575748497201975,0.0008128953872167,0.2363188424149748,0.0008802112875023,48,49.0,102,102.0,2.125,2.082326530612245,5,mocov3_vit_small,MoCo v3 ViT Small,/Volumes/ssd/thesis_organization/ndb_ufes_data_organizer/results/phase2_tuning/phase2_all_results_mocov3_vit_small_averaged.csv,19.575748497201975,0.2363188424149748,48,2.125,True
20,4,0.8699079238582174,17.031437245393676,0.0172967168945631,0.21755096214407,0.0036867876123214,29,32.4,73,69.6,2.5172413793103448,2.1711632635770566,5,mocov3_vit_small,MoCo v3 ViT Small,/Volumes/ssd/thesis_organization/ndb_ufes_data_organizer/results/phase2_tuning/phase2_all_results_mocov3_vit_small_averaged.csv,17.031437245393676,0.21755096214407,29,2.5172413793103448,True
20,5,0.8699079238582174,15.770083193160854,0.0454525597334938,0.2012255519285104,0.0074274271474978,16,18.2,72,64.8,4.125,3.6169486215538846,5,mocov3_vit_small,MoCo v3 ViT Small,/Volumes/ssd/thesis_organization/ndb_ufes_data_organizer/results/phase2_tuning/phase2_all_results_mocov3_vit_small_averaged.csv,15.770083193160854,0.2012255519285104,16,4.125,True
20,6,0.8699079238582174,14.587798049373458,0.0090822292750538,0.1777875237747884,0.0009674306291761,19,19.8,46,44.8,2.4210526315789473,2.268671679197995,5,mocov3_vit_small,MoCo v3 ViT Small,/Volumes/ssd/thesis_organization/ndb_ufes_data_organizer/results/phase2_tuning/phase2_all_results_mocov3_vit_small_averaged.csv,14.587798049373458,0.1777875237747884,19,2.4210526315789473,True
20,7,0.8699079238582174,13.605325895276303,0.0215603306127337,0.1814946718311033,0.0014222338372765,15,15.8,44,41.6,2.933333333333333,2.6366666666666667,5,mocov3_vit_small,MoCo v3 ViT Small,/Volumes/ssd/thesis_organization/ndb_ufes_data_organizer/results/phase2_tuning/phase2_all_results_mocov3_vit_small_averaged.csv,13.605325895276303,0.1814946718311033,15,2.933333333333333,True
20,8,0.8699079238582174,12.926912208114992,0.0587208424788263,0.1779268111488076,0.0018437640801287,14,15.2,39,35.8,2.7857142857142856,2.3679761904761905,5,mocov3_vit_small,MoCo v3 ViT Small,/Volumes/ssd/thesis_organization/ndb_ufes_data_organizer/results/phase2_tuning/phase2_all_results_mocov3_vit_small_averaged.csv,12.926912208114992,0.1779268111488076,14,2.7857142857142856,True
20,9,0.8699079238582174,12.3032932467847,0.0791956896287154,0.1734541379223287,0.0035727714672273,14,15.2,33,30.4,2.1333333333333333,2.0016666666666665,5,mocov3_vit_small,MoCo v3 ViT Small,/Volumes/ssd/thesis_organization/ndb_ufes_data_organizer/results/phase2_tuning/phase2_all_results_mocov3_vit_small_averaged.csv,12.3032932467847,0.1734541379223287,14,2.1333333333333333,True
25,2,0.8957564118492616,23.55490052386267,0.0,0.2787276603117911,0.0,101,101.0,102,102.0,1.00990099009901,1.00990099009901,5,mocov3_vit_small,MoCo v3 ViT Small,/Volumes/ssd/thesis_organization/ndb_ufes_data_organizer/results/phase2_tuning/phase2_all_results_mocov3_vit_small_averaged.csv,23.55490052386267,0.2787276603117911,101,1.00990099009901,True
25,3,0.8957564118492616,20.543703901970503,0.0006614445206777,0.227128242488671,0.0008383228150298,48,49.4,102,102.0,2.125,2.065326530612245,5,mocov3_vit_small,MoCo v3 ViT Small,/Volumes/ssd/thesis_organization/ndb_ufes_data_organizer/results/phase2_tuning/phase2_all_results_mocov3_vit_small_averaged.csv,20.543703901970503,0.227128242488671,48,2.125,True
25,4,0.8957564118492616,17.988842187388162,0.0053700127794809,0.2101380424418617,0.001348262809905,30,31.8,72,70.2,2.4,2.2119281524926686,5,mocov3_vit_small,MoCo v3 ViT Small,/Volumes/ssd/thesis_organization/ndb_ufes_data_organizer/results/phase2_tuning/phase2_all_results_mocov3_vit_small_averaged.csv,17.988842187388162,0.2101380424418617,30,2.4,True
25,5,0.8957564118492616,16.765313038516528,0.0480962050090927,0.1854929746800105,0.0072661376206406,17,19.4,70,55.8,4.117647058823529,2.9327731092436973,5,mocov3_vit_small,MoCo v3 ViT Small,/Volumes/ssd/thesis_organization/ndb_ufes_data_organizer/results/phase2_tuning/phase2_all_results_mocov3_vit_small_averaged.csv,16.765313038516528,0.1854929746800105,17,4.117647058823529,True
25,6,0.8957564118492616,15.562411623961236,0.031786235426411,0.1696721974053197,0.0013318125533996,18,19.8,47,45.8,2.5555555555555554,2.3269841269841267,5,mocov3_vit_small,MoCo v3 ViT Small,/Volumes/ssd/thesis_organization/ndb_ufes_data_organizer/results/phase2_tuning/phase2_all_results_mocov3_vit_small_averaged.csv,15.562411623961236,0.1696721974053197,18,2.5555555555555554,True
25,7,0.8957564118492616,14.55619702800556,0.0239768832312669,0.1721985970412575,0.0010234238265892,15,15.8,44,40.8,2.75,2.5825,5,mocov3_vit_small,MoCo v3 ViT Small,/Volumes/ssd/thesis_organization/ndb_ufes_data_organizer/results/phase2_tuning/phase2_all_results_mocov3_vit_small_averaged.csv,14.55619702800556,0.1721985970412575,15,2.75,True
25,8,0.8957564118492616,13.845514895772371,0.0526645805493907,0.1725385418207946,0.0038766961715353,15,15.4,43,35.6,2.8666666666666667,2.3158333333333334,5,mocov3_vit_small,MoCo v3 ViT Small,/Volumes/ssd/thesis_organization/ndb_ufes_data_organizer/results/phase2_tuning/phase2_all_results_mocov3_vit_small_averaged.csv,13.845514895772371,0.1725385418207946,15,2.8666666666666667,True
25,9,0.8957564118492616,13.24338038797524,0.0754995529603676,0.1671057120561399,0.0034078094433921,11,14.0,36,32.4,3.272727272727273,2.3739685314685315,5,mocov3_vit_small,MoCo v3 ViT Small,/Volumes/ssd/thesis_organization/ndb_ufes_data_organizer/results/phase2_tuning/phase2_all_results_mocov3_vit_small_averaged.csv,13.24338038797524,0.1671057120561399,11,3.272727272727273,True
30,2,0.9140905432622032,24.243313873050944,0.0,0.2731104179056501,0.0,101,101.0,102,102.0,1.00990099009901,1.00990099009901,5,mocov3_vit_small,MoCo v3 ViT Small,/Volumes/ssd/thesis_organization/ndb_ufes_data_organizer/results/phase2_tuning/phase2_all_results_mocov3_vit_small_averaged.csv,24.243313873050944,0.2731104179056501,101,1.00990099009901,True
30,3,0.9140905432622032,21.23045134326672,0.0002322969694147,0.2222971073274525,0.0009036265826828,48,49.2,102,102.0,2.125,2.0740000000000003,5,mocov3_vit_small,MoCo v3 ViT Small,/Volumes/ssd/thesis_organization/ndb_ufes_data_organizer/results/phase2_tuning/phase2_all_results_mocov3_vit_small_averaged.csv,21.23045134326672,0.2222971073274525,48,2.125,True
30,4,0.9140905432622032,18.677054229967705,0.0067713384043003,0.2042421859398428,0.0006156592827563,31,31.8,71,70.2,2.2903225806451615,2.209310850439883,5,mocov3_vit_small,MoCo v3 ViT Small,/Volumes/ssd/thesis_organization/ndb_ufes_data_organizer/results/phase2_tuning/phase2_all_results_mocov3_vit_small_averaged.csv,18.677054229967705,0.2042421859398428,31,2.2903225806451615,True
30,5,0.9140905432622032,17.419379703027026,0.0549441740637319,0.1836927812531294,0.0086911471377046,16,18.6,70,58.6,4.117647058823529,3.210235760971055,5,mocov3_vit_small,MoCo v3 ViT Small,/Volumes/ssd/thesis_organization/ndb_ufes_data_organizer/results/phase2_tuning/phase2_all_results_mocov3_vit_small_averaged.csv,17.419379703027026,0.1836927812531294,16,4.117647058823529,True
30,6,0.9140905432622032,16.249894635222596,0.0715506331569004,0.169479287729478,0.0142785335134267,15,18.8,71,50.6,4.733333333333333,2.813928571428572,5,mocov3_vit_small,MoCo v3 ViT Small,/Volumes/ssd/thesis_organization/ndb_ufes_data_organizer/results/phase2_tuning/phase2_all_results_mocov3_vit_small_averaged.csv,16.249894635222596,0.169479287729478,15,4.733333333333333,True
30,7,0.9140905432622032,15.237209606489682,0.0324261246813858,0.1660937800662308,0.0013407179722354,15,16.0,47,41.2,2.9375,2.578921568627451,5,mocov3_vit_small,MoCo v3 ViT Small,/Volumes/ssd/thesis_organization/ndb_ufes_data_organizer/results/phase2_tuning/phase2_all_results_mocov3_vit_small_averaged.csv,15.237209606489682,0.1660937800662308,15,2.9375,True
30,8,0.9140905432622032,14.501537082886376,0.0341336566433254,0.1626804805188789,0.0027155650220753,16,16.0,44,35.4,2.75,2.2125,5,mocov3_vit_small,MoCo v3 ViT Small,/Volumes/ssd/thesis_organization/ndb_ufes_data_organizer/results/phase2_tuning/phase2_all_results_mocov3_vit_small_averaged.csv,14.501537082886376,0.1626804805188789,16,2.75,True
30,9,0.9140905432622032,13.9124029049494,0.0920926316465053,0.1618253516145766,0.0018430298768779,12,14.2,36,33.2,3.0,2.3676190476190477,5,mocov3_vit_small,MoCo v3 ViT Small,/Volumes/ssd/thesis_organization/ndb_ufes_data_organizer/results/phase2_tuning/phase2_all_results_mocov3_vit_small_averaged.csv,13.9124029049494,0.1618253516145766,12,3.0,True
2,2,0.3622572545293913,2284.232831029401,0.0,0.5297701511828922,0.0,100,100.0,103,103.0,1.03,1.03,5,efficientnet_b0,EfficientNet B0,/Volumes/ssd/thesis_organization/ndb_ufes_data_organizer/results/phase2_tuning/phase2_all_results_efficientnet_b0_averaged.csv,2284.232831029401,0.5297701511828922,100,1.03,True
2,3,0.3622572545293913,1263.8725517303888,0.0,0.5422897037178036,0.0,45,45.0,102,102.0,2.2666666666666666,2.2666666666666666,5,efficientnet_b0,EfficientNet B0,/Volumes/ssd/thesis_organization/ndb_ufes_data_organizer/results/phase2_tuning/phase2_all_results_efficientnet_b0_averaged.csv,1263.8725517303888,0.5422897037178036,45,2.2666666666666666,True
2,4,0.3622572545293913,821.406272107346,0.1060012900026482,0.5104594855984683,0.0009490962293542,34,34.4,69,68.6,2.0294117647058822,1.9947899159663869,5,efficientnet_b0,EfficientNet B0,/Volumes/ssd/thesis_organization/ndb_ufes_data_organizer/results/phase2_tuning/phase2_all_results_efficientnet_b0_averaged.csv,821.406272107346,0.5104594855984683,34,2.0294117647058822,True
2,5,0.3622572545293913,590.294896524427,0.058378144574072,0.4933221050288582,0.0010236651135241,22,22.8,69,68.2,3.090909090909091,2.992094861660079,5,efficientnet_b0,EfficientNet B0,/Volumes/ssd/thesis_organization/ndb_ufes_data_organizer/results/phase2_tuning/phase2_all_results_efficientnet_b0_averaged.csv,590.294896524427,0.4933221050288582,22,3.090909090909091,True
2,6,0.3622572545293913,502.28152922064857,0.7336146437484656,0.4371791633143432,0.0224451704063934,17,21.2,68,49.6,4.0,2.4185770750988143,5,efficientnet_b0,EfficientNet B0,/Volumes/ssd/thesis_organization/ndb_ufes_data_organizer/results/phase2_tuning/phase2_all_results_efficientnet_b0_averaged.csv,502.28152922064857,0.4371791633143432,17,4.0,True
2,7,0.3622572545293913,415.560255958791,0.4742220301679299,0.4107435734469463,0.0022627431596057,17,17.0,42,41.2,2.4705882352941178,2.4235294117647057,5,efficientnet_b0,EfficientNet B0,/Volumes/ssd/thesis_organization/ndb_ufes_data_organizer/results/phase2_tuning/phase2_all_results_efficientnet_b0_averaged.csv,415.560255958791,0.4107435734469463,17,2.4705882352941178,True
2,8,0.3622572545293913,364.7694563543188,0.4613549376578966,0.4225633710269462,0.0019674090280732,6,8.0,40,40.0,6.666666666666667,5.165079365079365,5,efficientnet_b0,EfficientNet B0,/Volumes/ssd/thesis_organization/ndb_ufes_data_organizer/results/phase2_tuning/phase2_all_results_efficientnet_b0_averaged.csv,364.7694563543188,0.4225633710269462,6,6.666666666666667,False
2,9,0.3622572545293913,331.30606945536624,5.116799808303759,0.4045821987794211,0.0082387675423236,6,7.8,40,38.0,6.666666666666667,4.972222222222222,5,efficientnet_b0,EfficientNet B0,/Volumes/ssd/thesis_organization/ndb_ufes_data_organizer/results/phase2_tuning/phase2_all_results_efficientnet_b0_averaged.csv,331.30606945536624,0.4045821987794211,6,6.666666666666667,False
3,2,0.4297990422223793,3252.9177249866407,0.0,0.4419436728557837,0.0,100,100.0,103,103.0,1.03,1.03,5,efficientnet_b0,EfficientNet B0,/Volumes/ssd/thesis_organization/ndb_ufes_data_organizer/results/phase2_tuning/phase2_all_results_efficientnet_b0_averaged.csv,3252.9177249866407,0.4419436728557837,100,1.03,True
3,3,0.4297990422223793,2217.207959722293,0.0,0.4404547028569011,0.0,47,47.0,102,102.0,2.1702127659574466,2.1702127659574466,5,efficientnet_b0,EfficientNet B0,/Volumes/ssd/thesis_organization/ndb_ufes_data_organizer/results/phase2_tuning/phase2_all_results_efficientnet_b0_averaged.csv,2217.207959722293,0.4404547028569011,47,2.1702127659574466,True
3,4,0.4297990422223793,1717.2088825256596,0.7087261946111115,0.3858417205624255,0.0007544540627635,38,38.8,66,65.2,1.736842105263158,1.6821052631578948,5,efficientnet_b0,EfficientNet B0,/Volumes/ssd/thesis_organization/ndb_ufes_data_organizer/results/phase2_tuning/phase2_all_results_efficientnet_b0_averaged.csv,1717.2088825256596,0.3858417205624255,38,1.736842105263158,True
3,5,0.4297990422223793,1445.2273966349578,0.5742348169763556,0.399633210280941,0.0008492485320761,25,25.0,54,52.6,2.16,2.104,5,efficientnet_b0,EfficientNet B0,/Volumes/ssd/thesis_organization/ndb_ufes_data_organizer/results/phase2_tuning/phase2_all_results_efficientnet_b0_averaged.csv,1445.2273966349578,0.399633210280941,25,2.16,True
3,6,0.4297990422223793,1211.8779391167086,10.650478144688464,0.3731631362074855,0.0042939026562538,22,22.2,51,51.0,2.3181818181818183,2.29802371541502,5,efficientnet_b0,EfficientNet B0,/Volumes/ssd/thesis_organization/ndb_ufes_data_organizer/results/phase2_tuning/phase2_all_results_efficientnet_b0_averaged.csv,1211.8779391167086,0.3731631362074855,22,2.3181818181818183,True
3,7,0.4297990422223793,1018.1987794283948,3.223362675148295,0.3886659028400584,0.0023748590493043,12,14.2,51,51.0,4.25,3.658424908424908,5,efficientnet_b0,EfficientNet B0,/Volumes/ssd/thesis_organization/ndb_ufes_data_organizer/results/phase2_tuning/phase2_all_results_efficientnet_b0_averaged.csv,1018.1987794283948,0.3886659028400584,12,4.25,True
3,8,0.4297990422223793,932.1755953936264,1.983543798794784,0.374830511238425,0.0050579507627935,12,13.4,52,50.4,4.333333333333333,3.808424908424908,5,efficientnet_b0,EfficientNet B0,/Volumes/ssd/thesis_organization/ndb_ufes_data_organizer/results/phase2_tuning/phase2_all_results_efficientnet_b0_averaged.csv,932.1755953936264,0.374830511238425,12,4.333333333333333,True
3,9,0.4297990422223793,856.2706700951865,5.5705285710052435,0.3384520732938516,0.0218800482177158,11,13.4,51,38.8,4.636363636363637,3.001503496503497,5,efficientnet_b0,EfficientNet B0,/Volumes/ssd/thesis_organization/ndb_ufes_data_organizer/results/phase2_tuning/phase2_all_results_efficientnet_b0_averaged.csv,856.2706700951865,0.3384520732938516,11,4.636363636363637,True
4,2,0.4888329902826383,4097.117648537839,0.0,0.3874772563131036,0.0,100,100.0,103,103.0,1.03,1.03,5,efficientnet_b0,EfficientNet B0,/Volumes/ssd/thesis_organization/ndb_ufes_data_organizer/results/phase2_tuning/phase2_all_results_efficientnet_b0_averaged.csv,4097.117648537839,0.3874772563131036,100,1.03,True
4,3,0.4888329902826383,3033.432120692916,0.0,0.3764132824935881,0.0,48,48.0,102,102.0,2.125,2.125,5,efficientnet_b0,EfficientNet B0,/Volumes/ssd/thesis_organization/ndb_ufes_data_organizer/results/phase2_tuning/phase2_all_results_efficientnet_b0_averaged.csv,3033.432120692916,0.3764132824935881,48,2.125,True
4,4,0.4888329902826383,2464.0306248292004,0.1640193050108516,0.3271240718094337,4.72952832483368e-05,41,41.0,61,61.0,1.4878048780487805,1.4878048780487805,5,efficientnet_b0,EfficientNet B0,/Volumes/ssd/thesis_organization/ndb_ufes_data_organizer/results/phase2_tuning/phase2_all_results_efficientnet_b0_averaged.csv,2464.0306248292004,0.3271240718094337,41,1.4878048780487805,True
4,5,0.4888329902826383,2132.8334854771383,0.3384869484436282,0.3338065187189644,0.000658270476931,26,26.2,51,51.0,1.9615384615384617,1.9470085470085468,5,efficientnet_b0,EfficientNet B0,/Volumes/ssd/thesis_organization/ndb_ufes_data_organizer/results/phase2_tuning/phase2_all_results_efficientnet_b0_averaged.csv,2132.8334854771383,0.3338065187189644,26,1.9615384615384617,True
4,6,0.4888329902826383,1917.91876062619,8.267301809429924,0.2909513809301084,0.0018684014352456,20,24.4,45,42.2,2.25,1.755809488418184,5,efficientnet_b0,EfficientNet B0,/Volumes/ssd/thesis_organization/ndb_ufes_data_organizer/results/phase2_tuning/phase2_all_results_efficientnet_b0_averaged.csv,1917.91876062619,0.2909513809301084,20,2.25,True
4,7,0.4888329902826383,1704.331073496175,3.284700498344076,0.3046674207750165,0.0027955783587828,11,14.0,43,40.4,3.909090909090909,2.9474134199134197,5,efficientnet_b0,EfficientNet B0,/Volumes/ssd/thesis_organization/ndb_ufes_data_organizer/results/phase2_tuning/phase2_all_results_efficientnet_b0_averaged.csv,1704.331073496175,0.3046674207750165,11,3.909090909090909,True
4,8,0.4888329902826383,1499.3547024652528,1.92728664999248,0.3133596981343608,0.0031387122135039,14,15.6,40,37.6,2.857142857142857,2.425546218487395,5,efficientnet_b0,EfficientNet B0,/Volumes/ssd/thesis_organization/ndb_ufes_data_organizer/results/phase2_tuning/phase2_all_results_efficientnet_b0_averaged.csv,1499.3547024652528,0.3133596981343608,14,2.857142857142857,True
4,9,0.4888329902826383,1399.9094322804594,5.379065848283679,0.3044265551148838,0.0060553720972349,11,12.6,39,37.2,3.363636363636364,2.970895770895771,5,efficientnet_b0,EfficientNet B0,/Volumes/ssd/thesis_organization/ndb_ufes_data_organizer/results/phase2_tuning/phase2_all_results_efficientnet_b0_averaged.csv,1399.9094322804594,0.3044265551148838,11,3.363636363636364,True
5,2,0.5454754673825496,4894.400949895834,0.0,0.3568592725740556,0.0,100,100.0,103,103.0,1.03,1.03,5,efficientnet_b0,EfficientNet B0,/Volumes/ssd/thesis_organization/ndb_ufes_data_organizer/results/phase2_tuning/phase2_all_results_efficientnet_b0_averaged.csv,4894.400949895834,0.3568592725740556,100,1.03,True
5,3,0.5454754673825496,3753.5657735970526,0.0,0.3514819129132186,0.0,46,46.0,103,103.0,2.239130434782609,2.239130434782609,5,efficientnet_b0,EfficientNet B0,/Volumes/ssd/thesis_organization/ndb_ufes_data_organizer/results/phase2_tuning/phase2_all_results_efficientnet_b0_averaged.csv,3753.5657735970526,0.3514819129132186,46,2.239130434782609,True
5,4,0.5454754673825496,3012.9482881091635,0.2299720609045661,0.3257935044691917,0.0004219284554729,36,36.8,67,66.2,1.8611111111111112,1.7992492492492491,5,efficientnet_b0,EfficientNet B0,/Volumes/ssd/thesis_organization/ndb_ufes_data_organizer/results/phase2_tuning/phase2_all_results_efficientnet_b0_averaged.csv,3012.9482881091635,0.3257935044691917,36,1.8611111111111112,True
5,5,0.5454754673825496,2610.3766915915485,0.4564605197574424,0.330567293491441,0.0001151170709121,31,31.8,54,53.4,1.7419354838709675,1.6796370967741936,5,efficientnet_b0,EfficientNet B0,/Volumes/ssd/thesis_organization/ndb_ufes_data_organizer/results/phase2_tuning/phase2_all_results_efficientnet_b0_averaged.csv,2610.3766915915485,0.330567293491441,31,1.7419354838709675,True
5,6,0.5454754673825496,2338.167399908726,3.032200326929883,0.3275729506963313,0.0232884354040152,15,18.4,51,48.8,3.4,2.9016666666666664,5,efficientnet_b0,EfficientNet B0,/Volumes/ssd/thesis_organization/ndb_ufes_data_organizer/results/phase2_tuning/phase2_all_results_efficientnet_b0_averaged.csv,2338.167399908726,0.3275729506963313,15,3.4,True
5,7,0.5454754673825496,2090.400093925976,1.931482540223122,0.2919566688354184,0.0026711687276762,13,15.0,40,38.8,3.0,2.6025,5,efficientnet_b0,EfficientNet B0,/Volumes/ssd/thesis_organization/ndb_ufes_data_organizer/results/phase2_tuning/phase2_all_results_efficientnet_b0_averaged.csv,2090.400093925976,0.2919566688354184,13,3.0,True
5,8,0.5454754673825496,1891.277414622357,3.612131303798102,0.2999842519949603,0.0011663915284113,11,13.2,38,35.8,3.272727272727273,2.7712662337662337,5,efficientnet_b0,EfficientNet B0,/Volumes/ssd/thesis_organization/ndb_ufes_data_organizer/results/phase2_tuning/phase2_all_results_efficientnet_b0_averaged.csv,1891.277414622357,0.2999842519949603,11,3.272727272727273,True
5,9,0.5454754673825496,1766.0492177484314,11.351795019250368,0.2866321056840374,0.0086115290775339,10,11.4,39,35.4,3.7,3.1485081585081582,5,efficientnet_b0,EfficientNet B0,/Volumes/ssd/thesis_organization/ndb_ufes_data_organizer/results/phase2_tuning/phase2_all_results_efficientnet_b0_averaged.csv,1766.0492177484314,0.2866321056840374,10,3.7,False
6,2,0.5922805414515516,5565.920287920233,0.0,0.3266996017313517,0.0,100,100.0,103,103.0,1.03,1.03,5,efficientnet_b0,EfficientNet B0,/Volumes/ssd/thesis_organization/ndb_ufes_data_organizer/results/phase2_tuning/phase2_all_results_efficientnet_b0_averaged.csv,5565.920287920233,0.3266996017313517,100,1.03,True
6,3,0.5922805414515516,4419.720924028137,0.0,0.3186367356702453,0.0,47,47.0,103,103.0,2.1914893617021276,2.1914893617021276,5,efficientnet_b0,EfficientNet B0,/Volumes/ssd/thesis_organization/ndb_ufes_data_organizer/results/phase2_tuning/phase2_all_results_efficientnet_b0_averaged.csv,4419.720924028137,0.3186367356702453,47,2.1914893617021276,True
6,4,0.5922805414515516,3672.63090085009,0.8080021910621112,0.2916818907217686,0.0011390247117467,34,34.4,69,68.6,2.0294117647058822,1.995751633986928,5,efficientnet_b0,EfficientNet B0,/Volumes/ssd/thesis_organization/ndb_ufes_data_organizer/results/phase2_tuning/phase2_all_results_efficientnet_b0_averaged.csv,3672.63090085009,0.2916818907217686,34,2.0294117647058822,True
6,5,0.5922805414515516,3286.0643986620003,33.50281181542685,0.286817045539429,0.0062650767968637,19,28.6,52,51.8,2.736842105263158,1.8833361629881151,5,efficientnet_b0,EfficientNet B0,/Volumes/ssd/thesis_organization/ndb_ufes_data_organizer/results/phase2_tuning/phase2_all_results_efficientnet_b0_averaged.csv,3286.0643986620003,0.286817045539429,19,2.736842105263158,True
6,6,0.5922805414515516,2984.839670733717,5.162470928457381,0.2584150126353982,0.0034815106825486,21,25.6,46,43.4,2.0,1.7105616605616607,5,efficientnet_b0,EfficientNet B0,/Volumes/ssd/thesis_organization/ndb_ufes_data_organizer/results/phase2_tuning/phase2_all_results_efficientnet_b0_averaged.csv,2984.839670733717,0.2584150126353982,21,2.0,True
6,7,0.5922805414515516,2728.019409416679,9.765833976323584,0.2617152106286778,0.0046912892208642,14,15.0,47,44.6,3.357142857142857,3.003781512605042,5,efficientnet_b0,EfficientNet B0,/Volumes/ssd/thesis_organization/ndb_ufes_data_organizer/results/phase2_tuning/phase2_all_results_efficientnet_b0_averaged.csv,2728.019409416679,0.2617152106286778,14,3.357142857142857,True
6,8,0.5922805414515516,2507.5214189948792,5.4147668428172215,0.2604741208838919,0.0032662204786154,15,15.0,41,39.6,2.7333333333333334,2.6399999999999997,5,efficientnet_b0,EfficientNet B0,/Volumes/ssd/thesis_organization/ndb_ufes_data_organizer/results/phase2_tuning/phase2_all_results_efficientnet_b0_averaged.csv,2507.5214189948792,0.2604741208838919,15,2.7333333333333334,True
6,9,0.5922805414515516,2345.0374052087295,4.170241057241915,0.2550170469937125,0.0035795776174993,11,13.4,39,37.2,3.363636363636364,2.805914085914086,5,efficientnet_b0,EfficientNet B0,/Volumes/ssd/thesis_organization/ndb_ufes_data_organizer/results/phase2_tuning/phase2_all_results_efficientnet_b0_averaged.csv,2345.0374052087295,0.2550170469937125,11,3.363636363636364,True
7,2,0.6220934984752527,5991.795414590149,0.0,0.311216579408853,0.0,100,100.0,103,103.0,1.03,1.03,5,efficientnet_b0,EfficientNet B0,/Volumes/ssd/thesis_organization/ndb_ufes_data_organizer/results/phase2_tuning/phase2_all_results_efficientnet_b0_averaged.csv,5991.795414590149,0.311216579408853,100,1.03,True
7,3,0.6220934984752527,4842.807095969739,0.4094001492233331,0.3001450323203957,0.0003235720955645,47,48.6,103,103.0,2.1914893617021276,2.1199305254016503,5,efficientnet_b0,EfficientNet B0,/Volumes/ssd/thesis_organization/ndb_ufes_data_organizer/results/phase2_tuning/phase2_all_results_efficientnet_b0_averaged.csv,4842.807095969739,0.3001450323203957,47,2.1914893617021276,True
7,4,0.6220934984752527,4072.647057904392,0.0,0.2713478492137059,0.0,39,39.0,64,64.0,1.641025641025641,1.641025641025641,5,efficientnet_b0,EfficientNet B0,/Volumes/ssd/thesis_organization/ndb_ufes_data_organizer/results/phase2_tuning/phase2_all_results_efficientnet_b0_averaged.csv,4072.647057904392,0.2713478492137059,39,1.641025641025641,True
7,5,0.6220934984752527,3653.1323185028705,2.3068876545569785,0.2735979520202631,0.0007140083759503,33,33.4,54,52.6,1.6363636363636365,1.5748663101604277,5,efficientnet_b0,EfficientNet B0,/Volumes/ssd/thesis_organization/ndb_ufes_data_organizer/results/phase2_tuning/phase2_all_results_efficientnet_b0_averaged.csv,3653.1323185028705,0.2735979520202631,33,1.6363636363636365,True
7,6,0.6220934984752527,3354.0145358720447,27.494916953309833,0.2480409677551349,0.0211097581772767,15,21.0,50,44.8,3.3333333333333335,2.2438064859117492,5,efficientnet_b0,EfficientNet B0,/Volumes/ssd/thesis_organization/ndb_ufes_data_organizer/results/phase2_tuning/phase2_all_results_efficientnet_b0_averaged.csv,3354.0145358720447,0.2480409677551349,15,3.3333333333333335,True
7,7,0.6220934984752527,3076.488718327068,15.41366844057413,0.2522146140481108,0.0043059676180414,14,15.0,46,45.0,3.2857142857142856,3.0063095238095237,5,efficientnet_b0,EfficientNet B0,/Volumes/ssd/thesis_organization/ndb_ufes_data_organizer/results/phase2_tuning/phase2_all_results_efficientnet_b0_averaged.csv,3076.488718327068,0.2522146140481108,14,3.2857142857142856,True
7,8,0.6220934984752527,2838.007648070787,9.993931326028385,0.2454103388610768,0.004479283001555,13,14.8,43,39.0,3.076923076923077,2.6596703296703295,5,efficientnet_b0,EfficientNet B0,/Volumes/ssd/thesis_organization/ndb_ufes_data_organizer/results/phase2_tuning/phase2_all_results_efficientnet_b0_averaged.csv,2838.007648070787,0.2454103388610768,13,3.076923076923077,True
7,9,0.6220934984752527,2686.5427229996676,22.99575937320647,0.2390028383087528,0.0060876405195205,12,13.6,43,37.6,3.0833333333333335,2.77989010989011,5,efficientnet_b0,EfficientNet B0,/Volumes/ssd/thesis_organization/ndb_ufes_data_organizer/results/phase2_tuning/phase2_all_results_efficientnet_b0_averaged.csv,2686.5427229996676,0.2390028383087528,12,3.0833333333333335,True
8,2,0.6490271665213296,6377.8608582630295,0.0,0.2978921748075822,0.0,100,100.0,103,103.0,1.03,1.03,5,efficientnet_b0,EfficientNet B0,/Volumes/ssd/thesis_organization/ndb_ufes_data_organizer/results/phase2_tuning/phase2_all_results_efficientnet_b0_averaged.csv,6377.8608582630295,0.2978921748075822,100,1.03,True
8,3,0.6490271665213296,5228.155206162568,0.0068077541012976,0.2850232728084678,0.0003756148718618,48,48.4,103,103.0,2.1458333333333335,2.128316326530612,5,efficientnet_b0,EfficientNet B0,/Volumes/ssd/thesis_organization/ndb_ufes_data_organizer/results/phase2_tuning/phase2_all_results_efficientnet_b0_averaged.csv,5228.155206162568,0.2850232728084678,48,2.1458333333333335,True
8,4,0.6490271665213296,4457.709487623767,0.5983841859510396,0.2568344440244849,0.0016345650937006,34,37.0,69,66.0,2.0294117647058822,1.7963800904977376,5,efficientnet_b0,EfficientNet B0,/Volumes/ssd/thesis_organization/ndb_ufes_data_organizer/results/phase2_tuning/phase2_all_results_efficientnet_b0_averaged.csv,4457.709487623767,0.2568344440244849,34,2.0294117647058822,True
8,5,0.6490271665213296,4028.3389388600626,14.085460111997628,0.2582978539896041,0.0014496907197711,24,30.4,54,52.6,2.2083333333333335,1.7573484848484848,5,efficientnet_b0,EfficientNet B0,/Volumes/ssd/thesis_organization/ndb_ufes_data_organizer/results/phase2_tuning/phase2_all_results_efficientnet_b0_averaged.csv,4028.3389388600626,0.2582978539896041,24,2.2083333333333335,True
8,6,0.6490271665213296,3699.215995145509,10.52931665572229,0.2335282492271572,0.0010739538699171,16,21.4,49,44.8,2.875,2.1443809523809523,5,efficientnet_b0,EfficientNet B0,/Volumes/ssd/thesis_organization/ndb_ufes_data_organizer/results/phase2_tuning/phase2_all_results_efficientnet_b0_averaged.csv,3699.215995145509,0.2335282492271572,16,2.875,True
8,7,0.6490271665213296,3428.918414354351,23.16538180522824,0.2320692610476138,0.0065572266101519,15,17.2,48,40.6,2.8666666666666667,2.3796929824561404,5,efficientnet_b0,EfficientNet B0,/Volumes/ssd/thesis_organization/ndb_ufes_data_organizer/results/phase2_tuning/phase2_all_results_efficientnet_b0_averaged.csv,3428.918414354351,0.2320692610476138,15,2.8666666666666667,True
8,8,0.6490271665213296,3139.184155245147,5.368767300015927,0.2352505082677937,0.0023076340938122,14,15.4,38,36.4,2.642857142857143,2.378886554621849,5,efficientnet_b0,EfficientNet B0,/Volumes/ssd/thesis_organization/ndb_ufes_data_organizer/results/phase2_tuning/phase2_all_results_efficientnet_b0_averaged.csv,3139.184155245147,0.2352505082677937,14,2.642857142857143,True
8,9,0.6490271665213296,2994.540917691279,14.944501213999148,0.2282430518656416,0.0033020807367675,4,11.6,37,35.0,8.75,3.8535714285714286,5,efficientnet_b0,EfficientNet B0,/Volumes/ssd/thesis_organization/ndb_ufes_data_organizer/results/phase2_tuning/phase2_all_results_efficientnet_b0_averaged.csv,2994.540917691279,0.2282430518656416,4,8.75,False
10,2,0.6917372782248352,6984.142978505644,0.0,0.2807120674570806,0.0,100,100.0,103,103.0,1.03,1.03,5,efficientnet_b0,EfficientNet B0,/Volumes/ssd/thesis_organization/ndb_ufes_data_organizer/results/phase2_tuning/phase2_all_results_efficientnet_b0_averaged.csv,6984.142978505644,0.2807120674570806,100,1.03,True
10,3,0.6917372782248352,5833.694342518941,0.3518856867123019,0.2664643150572848,0.0004530412986787,46,48.0,103,103.0,2.239130434782609,2.146975746820467,5,efficientnet_b0,EfficientNet B0,/Volumes/ssd/thesis_organization/ndb_ufes_data_organizer/results/phase2_tuning/phase2_all_results_efficientnet_b0_averaged.csv,5833.694342518941,0.2664643150572848,46,2.239130434782609,True
10,4,0.6917372782248352,5058.08518303753,0.7480766406410025,0.2364853094221001,0.0012624834484712,34,35.0,69,68.0,2.0294117647058822,1.9517345399698336,5,efficientnet_b0,EfficientNet B0,/Volumes/ssd/thesis_organization/ndb_ufes_data_organizer/results/phase2_tuning/phase2_all_results_efficientnet_b0_averaged.csv,5058.08518303753,0.2364853094221001,34,2.0294117647058822,True
10,5,0.6917372782248352,4600.939281087971,1.192739466495221,0.2375307539364032,0.0002033725131453,33,33.0,54,51.8,1.6363636363636365,1.5696969696969698,5,efficientnet_b0,EfficientNet B0,/Volumes/ssd/thesis_organization/ndb_ufes_data_organizer/results/phase2_tuning/phase2_all_results_efficientnet_b0_averaged.csv,4600.939281087971,0.2375307539364032,33,1.6363636363636365,True
10,6,0.6917372782248352,4286.747493234105,21.04907763187436,0.2131709558958218,0.00508687849766,22,22.4,47,44.2,2.136363636363636,1.9731225296442687,5,efficientnet_b0,EfficientNet B0,/Volumes/ssd/thesis_organization/ndb_ufes_data_organizer/results/phase2_tuning/phase2_all_results_efficientnet_b0_averaged.csv,4286.747493234105,0.2131709558958218,22,2.136363636363636,True
10,7,0.6917372782248352,3989.69089248455,13.03158358165483,0.213756996472797,0.004917725582535,14,17.0,46,42.0,3.2857142857142856,2.5554761904761905,5,efficientnet_b0,EfficientNet B0,/Volumes/ssd/thesis_organization/ndb_ufes_data_organizer/results/phase2_tuning/phase2_all_results_efficientnet_b0_averaged.csv,3989.69089248455,0.213756996472797,14,3.2857142857142856,True
10,8,0.6917372782248352,3724.535540710701,44.43349224888564,0.2097050015637661,0.0067742064258818,15,15.6,39,37.0,2.533333333333333,2.3776960784313728,5,efficientnet_b0,EfficientNet B0,/Volumes/ssd/thesis_organization/ndb_ufes_data_organizer/results/phase2_tuning/phase2_all_results_efficientnet_b0_averaged.csv,3724.535540710701,0.2097050015637661,15,2.533333333333333,True
10,9,0.6917372782248352,3545.4263961542447,13.5584150446327,0.2041918902269485,0.0048221658456271,6,12.8,36,35.4,5.666666666666667,3.130833333333334,5,efficientnet_b0,EfficientNet B0,/Volumes/ssd/thesis_organization/ndb_ufes_data_organizer/results/phase2_tuning/phase2_all_results_efficientnet_b0_averaged.csv,3545.4263961542447,0.2041918902269485,6,5.666666666666667,False
12,2,0.7228811709982295,7430.652063070983,0.0,0.2685128696549907,0.0,100,100.0,103,103.0,1.03,1.03,5,efficientnet_b0,EfficientNet B0,/Volumes/ssd/thesis_organization/ndb_ufes_data_organizer/results/phase2_tuning/phase2_all_results_efficientnet_b0_averaged.csv,7430.652063070983,0.2685128696549907,100,1.03,True
12,3,0.7228811709982295,6274.4685954651995,0.5865018698455566,0.2527036316598494,0.0002296014038754,47,47.6,103,103.0,2.1914893617021276,2.164095744680851,5,efficientnet_b0,EfficientNet B0,/Volumes/ssd/thesis_organization/ndb_ufes_data_organizer/results/phase2_tuning/phase2_all_results_efficientnet_b0_averaged.csv,6274.4685954651995,0.2527036316598494,47,2.1914893617021276,True
12,4,0.7228811709982295,5493.9009322646,0.3870308683229668,0.2216862942125403,0.0003606726720519,38,38.6,65,64.4,1.7105263157894737,1.668825910931174,5,efficientnet_b0,EfficientNet B0,/Volumes/ssd/thesis_organization/ndb_ufes_data_organizer/results/phase2_tuning/phase2_all_results_efficientnet_b0_averaged.csv,5493.9009322646,0.2216862942125403,38,1.7105263157894737,True
12,5,0.7228811709982295,5048.2069834353415,16.478783421507146,0.2253754620219306,0.0009225617302066,20,30.2,55,53.6,2.7,1.8493841642228737,5,efficientnet_b0,EfficientNet B0,/Volumes/ssd/thesis_organization/ndb_ufes_data_organizer/results/phase2_tuning/phase2_all_results_efficientnet_b0_averaged.csv,5048.2069834353415,0.2253754620219306,20,2.7,True
12,6,0.7228811709982295,4728.648800746903,20.916775555203326,0.1984666378276836,0.0065432287963643,22,24.6,46,41.4,2.0,1.7070689655172415,5,efficientnet_b0,EfficientNet B0,/Volumes/ssd/thesis_organization/ndb_ufes_data_organizer/results/phase2_tuning/phase2_all_results_efficientnet_b0_averaged.csv,4728.648800746903,0.1984666378276836,22,2.0,True
12,7,0.7228811709982295,4424.110463811159,10.532399645174545,0.2006100463161733,0.0048542483294816,13,17.8,46,40.8,3.5384615384615383,2.4085296282664705,5,efficientnet_b0,EfficientNet B0,/Volumes/ssd/thesis_organization/ndb_ufes_data_organizer/results/phase2_tuning/phase2_all_results_efficientnet_b0_averaged.csv,4424.110463811159,0.2006100463161733,13,3.5384615384615383,True
12,8,0.7228811709982295,4145.750869954613,16.61763539602259,0.1973568791124605,0.0025865416149362,12,15.0,42,39.0,3.5,2.6441666666666666,5,efficientnet_b0,EfficientNet B0,/Volumes/ssd/thesis_organization/ndb_ufes_data_organizer/results/phase2_tuning/phase2_all_results_efficientnet_b0_averaged.csv,4145.750869954613,0.1973568791124605,12,3.5,True
12,9,0.7228811709982295,3990.010517301625,15.702220444286144,0.1864040289214349,0.0037793478289042,10,12.8,42,37.6,3.5,3.0166666666666666,5,efficientnet_b0,EfficientNet B0,/Volumes/ssd/thesis_organization/ndb_ufes_data_organizer/results/phase2_tuning/phase2_all_results_efficientnet_b0_averaged.csv,3990.010517301625,0.1864040289214349,10,3.5,False
15,2,0.7604435717250324,7969.241667152301,0.0,0.2554068989371252,0.0,100,100.0,103,103.0,1.03,1.03,5,efficientnet_b0,EfficientNet B0,/Volumes/ssd/thesis_organization/ndb_ufes_data_organizer/results/phase2_tuning/phase2_all_results_efficientnet_b0_averaged.csv,7969.241667152301,0.2554068989371252,100,1.03,True
15,3,0.7604435717250324,6811.042156408667,0.4177323119283215,0.2365506383813381,0.000121347761234,46,46.8,103,103.0,2.239130434782609,2.201811594202898,5,efficientnet_b0,EfficientNet B0,/Volumes/ssd/thesis_organization/ndb_ufes_data_organizer/results/phase2_tuning/phase2_all_results_efficientnet_b0_averaged.csv,6811.042156408667,0.2365506383813381,46,2.239130434782609,True
15,4,0.7604435717250324,6023.803881805756,0.395407605382735,0.2085613546534557,0.0008702923965551,34,37.4,69,65.6,2.0294117647058822,1.7604032706199888,5,efficientnet_b0,EfficientNet B0,/Volumes/ssd/thesis_organization/ndb_ufes_data_organizer/results/phase2_tuning/phase2_all_results_efficientnet_b0_averaged.csv,6023.803881805756,0.2085613546534557,34,2.0294117647058822,True
15,5,0.7604435717250324,5570.145203253241,9.00375526620245,0.2112829910626999,0.0007565659385442,27,31.8,53,51.6,1.8888888888888888,1.6362091503267973,5,efficientnet_b0,EfficientNet B0,/Volumes/ssd/thesis_organization/ndb_ufes_data_organizer/results/phase2_tuning/phase2_all_results_efficientnet_b0_averaged.csv,5570.145203253241,0.2112829910626999,27,1.8888888888888888,True
15,6,0.7604435717250324,5249.117782612288,12.486387330270778,0.1962991899849791,0.0130677667529799,12,18.2,52,47.6,4.0,2.909018759018759,5,efficientnet_b0,EfficientNet B0,/Volumes/ssd/thesis_organization/ndb_ufes_data_organizer/results/phase2_tuning/phase2_all_results_efficientnet_b0_averaged.csv,5249.117782612288,0.1962991899849791,12,4.0,True
15,7,0.7604435717250324,4927.970033326049,8.906254077464736,0.1870066547069514,0.0030407509613535,15,16.8,47,41.6,2.9375,2.5421969696969695,5,efficientnet_b0,EfficientNet B0,/Volumes/ssd/thesis_organization/ndb_ufes_data_organizer/results/phase2_tuning/phase2_all_results_efficientnet_b0_averaged.csv,4927.970033326049,0.1870066547069514,15,2.9375,True
15,8,0.7604435717250324,4661.079118583048,38.89137335393256,0.1808514329779286,0.0057432520981424,15,15.4,36,34.2,2.4,2.228235294117647,5,efficientnet_b0,EfficientNet B0,/Volumes/ssd/thesis_organization/ndb_ufes_data_organizer/results/phase2_tuning/phase2_all_results_efficientnet_b0_averaged.csv,4661.079118583048,0.1808514329779286,15,2.4,True
15,9,0.7604435717250324,4455.106216894603,14.51593117661115,0.1765454092928912,0.0026035209998281,14,14.8,38,35.4,2.533333333333333,2.3933333333333335,5,efficientnet_b0,EfficientNet B0,/Volumes/ssd/thesis_organization/ndb_ufes_data_organizer/results/phase2_tuning/phase2_all_results_efficientnet_b0_averaged.csv,4455.106216894603,0.1765454092928912,14,2.533333333333333,True
18,2,0.7913891343381338,8413.098291395356,0.0,0.2452962244072998,0.0,100,100.0,103,103.0,1.03,1.03,5,efficientnet_b0,EfficientNet B0,/Volumes/ssd/thesis_organization/ndb_ufes_data_organizer/results/phase2_tuning/phase2_all_results_efficientnet_b0_averaged.csv,8413.098291395356,0.2452962244072998,100,1.03,True
18,3,0.7913891343381338,7254.574977858725,0.454009381315299,0.2247475333986512,0.0001210289037073,46,46.8,103,103.0,2.239130434782609,2.201811594202898,5,efficientnet_b0,EfficientNet B0,/Volumes/ssd/thesis_organization/ndb_ufes_data_organizer/results/phase2_tuning/phase2_all_results_efficientnet_b0_averaged.csv,7254.574977858725,0.2247475333986512,46,2.239130434782609,True
18,4,0.7913891343381338,6463.221720484122,0.327027575727292,0.1979813344814224,0.0003571301812559,38,38.8,65,64.2,1.7105263157894737,1.6549257759784075,5,efficientnet_b0,EfficientNet B0,/Volumes/ssd/thesis_organization/ndb_ufes_data_organizer/results/phase2_tuning/phase2_all_results_efficientnet_b0_averaged.csv,6463.221720484122,0.1979813344814224,38,1.7105263157894737,True
18,5,0.7913891343381338,5998.852158913386,1.554777802106578,0.2001267776231748,0.0004274938967972,33,33.2,53,52.2,1.606060606060606,1.5727272727272728,5,efficientnet_b0,EfficientNet B0,/Volumes/ssd/thesis_organization/ndb_ufes_data_organizer/results/phase2_tuning/phase2_all_results_efficientnet_b0_averaged.csv,5998.852158913386,0.2001267776231748,33,1.606060606060606,True
18,6,0.7913891343381338,5683.097523716433,6.8622800045687855,0.1800007302949504,0.0100992206455743,17,22.2,54,46.0,3.176470588235294,2.137566844919786,5,efficientnet_b0,EfficientNet B0,/Volumes/ssd/thesis_organization/ndb_ufes_data_organizer/results/phase2_tuning/phase2_all_results_efficientnet_b0_averaged.csv,5683.097523716433,0.1800007302949504,17,3.176470588235294,True
18,7,0.7913891343381338,5365.780783969372,24.409285280960557,0.1742142181809853,0.0022783045727809,15,17.2,47,42.6,2.8,2.512236842105263,5,efficientnet_b0,EfficientNet B0,/Volumes/ssd/thesis_organization/ndb_ufes_data_organizer/results/phase2_tuning/phase2_all_results_efficientnet_b0_averaged.csv,5365.780783969372,0.1742142181809853,15,2.8,True
18,8,0.7913891343381338,5070.855250119626,27.795607104020043,0.1709766666111947,0.0071358272726073,11,14.0,45,38.2,4.090909090909091,2.8440151515151513,5,efficientnet_b0,EfficientNet B0,/Volumes/ssd/thesis_organization/ndb_ufes_data_organizer/results/phase2_tuning/phase2_all_results_efficientnet_b0_averaged.csv,5070.855250119626,0.1709766666111947,11,4.090909090909091,True
18,9,0.7913891343381338,4886.534365798083,35.14637877296166,0.1670605347678252,0.0053312201701674,4,10.6,42,36.6,8.5,4.251794871794872,5,efficientnet_b0,EfficientNet B0,/Volumes/ssd/thesis_organization/ndb_ufes_data_organizer/results/phase2_tuning/phase2_all_results_efficientnet_b0_averaged.csv,4886.534365798083,0.1670605347678252,4,8.5,False
20,2,0.8081885990752207,8653.991296059387,0.0,0.2403120028673741,0.0,100,100.0,103,103.0,1.03,1.03,5,efficientnet_b0,EfficientNet B0,/Volumes/ssd/thesis_organization/ndb_ufes_data_organizer/results/phase2_tuning/phase2_all_results_efficientnet_b0_averaged.csv,8653.991296059387,0.2403120028673741,100,1.03,True
20,3,0.8081885990752207,7494.23543371356,0.0,0.219042921899095,0.0,48,48.0,103,103.0,2.1458333333333335,2.1458333333333335,5,efficientnet_b0,EfficientNet B0,/Volumes/ssd/thesis_organization/ndb_ufes_data_organizer/results/phase2_tuning/phase2_all_results_efficientnet_b0_averaged.csv,7494.23543371356,0.219042921899095,48,2.1458333333333335,True
20,4,0.8081885990752207,6702.246444452887,0.2629769741021158,0.192257885009342,0.0002697116396538,38,38.8,65,64.2,1.7105263157894737,1.6549257759784075,5,efficientnet_b0,EfficientNet B0,/Volumes/ssd/thesis_organization/ndb_ufes_data_organizer/results/phase2_tuning/phase2_all_results_efficientnet_b0_averaged.csv,6702.246444452887,0.192257885009342,38,1.7105263157894737,True
20,5,0.8081885990752207,6260.598459521296,57.57238189476059,0.1895925564581231,0.0114944739870523,25,30.8,64,54.8,2.56,1.8144621212121212,5,efficientnet_b0,EfficientNet B0,/Volumes/ssd/thesis_organization/ndb_ufes_data_organizer/results/phase2_tuning/phase2_all_results_efficientnet_b0_averaged.csv,6260.598459521296,0.1895925564581231,25,2.56,True
20,6,0.8081885990752207,5911.758376616781,12.467679909008597,0.1709762224854159,0.0043670331132018,20,22.8,47,41.8,2.2,1.846818181818182,5,efficientnet_b0,EfficientNet B0,/Volumes/ssd/thesis_organization/ndb_ufes_data_organizer/results/phase2_tuning/phase2_all_results_efficientnet_b0_averaged.csv,5911.758376616781,0.1709762224854159,20,2.2,True
20,7,0.8081885990752207,5605.671635932155,17.662861056052503,0.1675965214554083,0.002514125176573,14,17.8,42,39.6,2.8,2.284761904761905,5,efficientnet_b0,EfficientNet B0,/Volumes/ssd/thesis_organization/ndb_ufes_data_organizer/results/phase2_tuning/phase2_all_results_efficientnet_b0_averaged.csv,5605.671635932155,0.1675965214554083,14,2.8,True
20,8,0.8081885990752207,5281.36648229315,10.70729764812877,0.1665151766892356,0.0033240411044383,14,15.4,39,36.0,2.4375,2.3407142857142857,5,efficientnet_b0,EfficientNet B0,/Volumes/ssd/thesis_organization/ndb_ufes_data_organizer/results/phase2_tuning/phase2_all_results_efficientnet_b0_averaged.csv,5281.36648229315,0.1665151766892356,14,2.4375,True
20,9,0.8081885990752207,5099.16392681809,22.79411530641141,0.1623940986554092,0.0049706981359319,4,12.2,42,36.0,10.5,4.053928571428571,5,efficientnet_b0,EfficientNet B0,/Volumes/ssd/thesis_organization/ndb_ufes_data_organizer/results/phase2_tuning/phase2_all_results_efficientnet_b0_averaged.csv,5099.16392681809,0.1623940986554092,4,10.5,False
25,2,0.8391519471441955,9098.03312286294,0.0,0.2318514477628381,0.0,100,100.0,103,103.0,1.03,1.03,5,efficientnet_b0,EfficientNet B0,/Volumes/ssd/thesis_organization/ndb_ufes_data_organizer/results/phase2_tuning/phase2_all_results_efficientnet_b0_averaged.csv,9098.03312286294,0.2318514477628381,100,1.03,True
25,3,0.8391519471441955,7938.503775641568,0.7254911908694448,0.2092239478934134,0.000472490176098,46,47.0,103,103.0,2.239130434782609,2.193053090801538,5,efficientnet_b0,EfficientNet B0,/Volumes/ssd/thesis_organization/ndb_ufes_data_organizer/results/phase2_tuning/phase2_all_results_efficientnet_b0_averaged.csv,7938.503775641568,0.2092239478934134,46,2.239130434782609,True
25,4,0.8391519471441955,7143.650581671206,0.8050350829494181,0.1826293720783669,0.0002284721302207,39,39.0,64,64.0,1.641025641025641,1.641025641025641,5,efficientnet_b0,EfficientNet B0,/Volumes/ssd/thesis_organization/ndb_ufes_data_organizer/results/phase2_tuning/phase2_all_results_efficientnet_b0_averaged.csv,7143.650581671206,0.1826293720783669,39,1.641025641025641,True
25,5,0.8391519471441955,6675.334611322025,1.818522184203332,0.1859075189572321,0.0002717922989324,32,33.0,55,53.0,1.6666666666666667,1.6060940285204992,5,efficientnet_b0,EfficientNet B0,/Volumes/ssd/thesis_organization/ndb_ufes_data_organizer/results/phase2_tuning/phase2_all_results_efficientnet_b0_averaged.csv,6675.334611322025,0.1859075189572321,32,1.6666666666666667,True
25,6,0.8391519471441955,6346.320880335876,10.903221009233794,0.1638637857348605,0.0044602598519812,14,22.0,49,44.8,3.2857142857142856,2.1613673798021624,5,efficientnet_b0,EfficientNet B0,/Volumes/ssd/thesis_organization/ndb_ufes_data_organizer/results/phase2_tuning/phase2_all_results_efficientnet_b0_averaged.csv,6346.320880335876,0.1638637857348605,14,3.2857142857142856,True
25,7,0.8391519471441955,6034.396970847532,25.412337863014372,0.1593416867828836,0.0033271363682711,13,16.8,47,42.6,3.076923076923077,2.6062179487179487,5,efficientnet_b0,EfficientNet B0,/Volumes/ssd/thesis_organization/ndb_ufes_data_organizer/results/phase2_tuning/phase2_all_results_efficientnet_b0_averaged.csv,6034.396970847532,0.1593416867828836,13,3.076923076923077,True
25,8,0.8391519471441955,5753.861215558894,65.36779774445614,0.1555192602692751,0.0058658564793497,12,15.0,38,36.2,3.1666666666666665,2.456029411764706,5,efficientnet_b0,EfficientNet B0,/Volumes/ssd/thesis_organization/ndb_ufes_data_organizer/results/phase2_tuning/phase2_all_results_efficientnet_b0_averaged.csv,5753.861215558894,0.1555192602692751,12,3.1666666666666665,True
25,9,0.8391519471441955,5537.002594404139,28.50374839728943,0.148550393917268,0.0056925206359223,10,12.2,36,35.0,3.6,2.920699300699301,5,efficientnet_b0,EfficientNet B0,/Volumes/ssd/thesis_organization/ndb_ufes_data_organizer/results/phase2_tuning/phase2_all_results_efficientnet_b0_averaged.csv,5537.002594404139,0.148550393917268,10,3.6,False
30,2,0.8630214412234263,9440.453219260267,0.0,0.2256507747919814,0.0,100,100.0,103,103.0,1.03,1.03,5,efficientnet_b0,EfficientNet B0,/Volumes/ssd/thesis_organization/ndb_ufes_data_organizer/results/phase2_tuning/phase2_all_results_efficientnet_b0_averaged.csv,9440.453219260267,0.2256507747919814,100,1.03,True
30,3,0.8630214412234263,8280.219450718989,0.4775228662257904,0.2018192194604994,0.0001920032147312,45,46.8,103,103.0,2.2888888888888888,2.2022350704080584,5,efficientnet_b0,EfficientNet B0,/Volumes/ssd/thesis_organization/ndb_ufes_data_organizer/results/phase2_tuning/phase2_all_results_efficientnet_b0_averaged.csv,8280.219450718989,0.2018192194604994,45,2.2888888888888888,True
30,4,0.8630214412234263,7485.27995142193,0.4761995977744386,0.1761183482177913,0.0001849856628201,39,39.0,64,64.0,1.641025641025641,1.641025641025641,5,efficientnet_b0,EfficientNet B0,/Volumes/ssd/thesis_organization/ndb_ufes_data_organizer/results/phase2_tuning/phase2_all_results_efficientnet_b0_averaged.csv,7485.27995142193,0.1761183482177913,39,1.641025641025641,True
30,5,0.8630214412234263,7015.385796598294,1.0414646685422553,0.1797739629817923,0.0003886843291563,33,33.0,55,53.2,1.6666666666666667,1.612121212121212,5,efficientnet_b0,EfficientNet B0,/Volumes/ssd/thesis_organization/ndb_ufes_data_organizer/results/phase2_tuning/phase2_all_results_efficientnet_b0_averaged.csv,7015.385796598294,0.1797739629817923,33,1.6666666666666667,True
30,6,0.8630214412234263,6698.744664988194,20.913240790403684,0.1546956970669377,0.0089393535506542,13,22.4,47,43.6,3.5384615384615383,2.1205972188730806,5,efficientnet_b0,EfficientNet B0,/Volumes/ssd/thesis_organization/ndb_ufes_data_organizer/results/phase2_tuning/phase2_all_results_efficientnet_b0_averaged.csv,6698.744664988194,0.1546956970669377,13,3.5384615384615383,True
30,7,0.8630214412234263,6357.030156194623,10.237628580030874,0.1555485836618171,0.0028956318240805,12,18.6,39,37.0,3.0,2.085474555955105,5,efficientnet_b0,EfficientNet B0,/Volumes/ssd/thesis_organization/ndb_ufes_data_organizer/results/phase2_tuning/phase2_all_results_efficientnet_b0_averaged.csv,6357.030156194623,0.1555485836618171,12,3.0,True
30,8,0.8630214412234263,6076.209423865401,28.330147462568235,0.1478967368023245,0.0039887562141189,15,15.8,38,36.0,2.466666666666667,2.2858333333333336,5,efficientnet_b0,EfficientNet B0,/Volumes/ssd/thesis_organization/ndb_ufes_data_organizer/results/phase2_tuning/phase2_all_results_efficientnet_b0_averaged.csv,6076.209423865401,0.1478967368023245,15,2.466666666666667,True
30,9,0.8630214412234263,5859.5591995353225,31.178673030805783,0.1450255780480077,0.0033243938532414,11,13.2,36,34.6,3.090909090909091,2.6515151515151514,5,efficientnet_b0,EfficientNet B0,/Volumes/ssd/thesis_organization/ndb_ufes_data_organizer/results/phase2_tuning/phase2_all_results_efficientnet_b0_averaged.csv,5859.5591995353225,0.1450255780480077,11,3.090909090909091,True
2,2,0.3383158796514987,2596.6031117901757,0.0,0.536994090130785,0.0,97,97.0,106,106.0,1.092783505154639,1.092783505154639,5,deit_base_patch16_224,DeiT Base Patch 16 224,/Volumes/ssd/thesis_organization/ndb_ufes_data_organizer/results/phase2_tuning/phase2_all_results_deit_base_patch16_224_averaged.csv,2596.6031117901757,0.536994090130785,97,1.092783505154639,True
2,3,0.3383158796514987,1655.7306984435631,0.3594849479047342,0.4925874494269708,7.15393206211344e-05,51,51.4,93,92.8,1.8235294117647056,1.8059933407325193,5,deit_base_patch16_224,DeiT Base Patch 16 224,/Volumes/ssd/thesis_organization/ndb_ufes_data_organizer/results/phase2_tuning/phase2_all_results_deit_base_patch16_224_averaged.csv,1655.7306984435631,0.4925874494269708,51,1.8235294117647056,True
2,4,0.3383158796514987,1096.1162040836384,0.5610707484391798,0.4556548480242609,0.0023602912715856,39,39.0,65,64.4,1.6666666666666667,1.6512820512820514,5,deit_base_patch16_224,DeiT Base Patch 16 224,/Volumes/ssd/thesis_organization/ndb_ufes_data_organizer/results/phase2_tuning/phase2_all_results_deit_base_patch16_224_averaged.csv,1096.1162040836384,0.4556548480242609,39,1.6666666666666667,True
2,5,0.3383158796514987,897.7258946463392,2.133188259156469,0.4130942369313303,0.0038508628675073,27,29.6,52,50.4,1.851851851851852,1.7060692951015533,5,deit_base_patch16_224,DeiT Base Patch 16 224,/Volumes/ssd/thesis_organization/ndb_ufes_data_organizer/results/phase2_tuning/phase2_all_results_deit_base_patch16_224_averaged.csv,897.7258946463392,0.4130942369313303,27,1.851851851851852,True
2,6,0.3383158796514987,744.9505427294514,0.8989183650267083,0.3817568274614185,0.0010224657746036,25,25.2,45,43.8,1.8,1.7384615384615385,5,deit_base_patch16_224,DeiT Base Patch 16 224,/Volumes/ssd/thesis_organization/ndb_ufes_data_organizer/results/phase2_tuning/phase2_all_results_deit_base_patch16_224_averaged.csv,744.9505427294514,0.3817568274614185,25,1.8,True
2,7,0.3383158796514987,631.8095380392666,1.017960612982772,0.389287038228275,0.0027110109814974,17,17.6,43,39.4,2.5294117647058822,2.243137254901961,5,deit_base_patch16_224,DeiT Base Patch 16 224,/Volumes/ssd/thesis_organization/ndb_ufes_data_organizer/results/phase2_tuning/phase2_all_results_deit_base_patch16_224_averaged.csv,631.8095380392666,0.389287038228275,17,2.5294117647058822,True
2,8,0.3383158796514987,547.6143797061742,2.5318255114710877,0.3762622318815548,0.0066243479162608,15,16.0,40,33.4,2.6666666666666665,2.099607843137255,5,deit_base_patch16_224,DeiT Base Patch 16 224,/Volumes/ssd/thesis_organization/ndb_ufes_data_organizer/results/phase2_tuning/phase2_all_results_deit_base_patch16_224_averaged.csv,547.6143797061742,0.3762622318815548,15,2.6666666666666665,True
2,9,0.3383158796514987,491.4279043239723,2.026591353698299,0.3678705383352031,0.0044999797917905,9,9.4,34,32.4,3.7777777777777777,3.462222222222222,5,deit_base_patch16_224,DeiT Base Patch 16 224,/Volumes/ssd/thesis_organization/ndb_ufes_data_organizer/results/phase2_tuning/phase2_all_results_deit_base_patch16_224_averaged.csv,491.4279043239723,0.3678705383352031,9,3.7777777777777777,False
3,2,0.4030675216150633,3882.425979724166,0.0620345366238912,0.4483950902908013,0.0001459416018022,97,97.2,106,105.8,1.092783505154639,1.0885125184094255,5,deit_base_patch16_224,DeiT Base Patch 16 224,/Volumes/ssd/thesis_organization/ndb_ufes_data_organizer/results/phase2_tuning/phase2_all_results_deit_base_patch16_224_averaged.csv,3882.425979724166,0.4483950902908013,97,1.092783505154639,True
3,3,0.4030675216150633,2921.372070187928,0.2692792497150689,0.387680869449951,0.0001841843228258,52,52.8,93,93.0,1.7884615384615383,1.76171585228189,5,deit_base_patch16_224,DeiT Base Patch 16 224,/Volumes/ssd/thesis_organization/ndb_ufes_data_organizer/results/phase2_tuning/phase2_all_results_deit_base_patch16_224_averaged.csv,2921.372070187928,0.387680869449951,52,1.7884615384615383,True
3,4,0.4030675216150633,2359.5078686374304,1.0072024970569,0.3272239555106381,0.0009206802329201,39,39.8,60,59.6,1.5384615384615383,1.4976923076923077,5,deit_base_patch16_224,DeiT Base Patch 16 224,/Volumes/ssd/thesis_organization/ndb_ufes_data_organizer/results/phase2_tuning/phase2_all_results_deit_base_patch16_224_averaged.csv,2359.5078686374304,0.3272239555106381,39,1.5384615384615383,True
3,5,0.4030675216150633,1900.410130694382,0.9333764765848586,0.3503629078733401,0.0015108772493022,27,27.6,63,60.6,2.25,2.1960317460317462,5,deit_base_patch16_224,DeiT Base Patch 16 224,/Volumes/ssd/thesis_organization/ndb_ufes_data_organizer/results/phase2_tuning/phase2_all_results_deit_base_patch16_224_averaged.csv,1900.410130694382,0.3503629078733401,27,2.25,True
3,6,0.4030675216150633,1621.1956144767069,0.9229863368744166,0.3479241616585288,0.0014840790457063,21,22.0,49,46.4,2.1818181818181817,2.1109307359307357,5,deit_base_patch16_224,DeiT Base Patch 16 224,/Volumes/ssd/thesis_organization/ndb_ufes_data_organizer/results/phase2_tuning/phase2_all_results_deit_base_patch16_224_averaged.csv,1621.1956144767069,0.3479241616585288,21,2.1818181818181817,True
3,7,0.4030675216150633,1450.135324202207,3.407578702260529,0.3313928839942892,0.0024898194797611,18,20.2,45,42.6,2.3684210526315788,2.1226019594440646,5,deit_base_patch16_224,DeiT Base Patch 16 224,/Volumes/ssd/thesis_organization/ndb_ufes_data_organizer/results/phase2_tuning/phase2_all_results_deit_base_patch16_224_averaged.csv,1450.135324202207,0.3313928839942892,18,2.3684210526315788,True
3,8,0.4030675216150633,1309.850032765634,5.510127385530168,0.3082377838406942,0.0024244638797045,13,17.8,35,34.2,2.6153846153846154,1.9708630550735815,5,deit_base_patch16_224,DeiT Base Patch 16 224,/Volumes/ssd/thesis_organization/ndb_ufes_data_organizer/results/phase2_tuning/phase2_all_results_deit_base_patch16_224_averaged.csv,1309.850032765634,0.3082377838406942,13,2.6153846153846154,True
3,9,0.4030675216150633,1197.102908677983,4.019000756853328,0.3100974967602132,0.0026424104512686,8,10.0,35,33.8,4.25,3.4795454545454545,5,deit_base_patch16_224,DeiT Base Patch 16 224,/Volumes/ssd/thesis_organization/ndb_ufes_data_organizer/results/phase2_tuning/phase2_all_results_deit_base_patch16_224_averaged.csv,1197.102908677983,0.3100974967602132,8,4.25,False
4,2,0.456542671506689,4863.753331084019,0.0,0.4155802731842324,0.0,100,100.0,103,103.0,1.03,1.03,5,deit_base_patch16_224,DeiT Base Patch 16 224,/Volumes/ssd/thesis_organization/ndb_ufes_data_organizer/results/phase2_tuning/phase2_all_results_deit_base_patch16_224_averaged.csv,4863.753331084019,0.4155802731842324,100,1.03,True
4,3,0.456542671506689,3893.382963580817,0.0793153683296056,0.3486516860528917,0.0002207452880142,49,49.6,99,99.0,2.020408163265306,1.9961632653061223,5,deit_base_patch16_224,DeiT Base Patch 16 224,/Volumes/ssd/thesis_organization/ndb_ufes_data_organizer/results/phase2_tuning/phase2_all_results_deit_base_patch16_224_averaged.csv,3893.382963580817,0.3486516860528917,49,2.020408163265306,True
4,4,0.456542671506689,3058.317289284517,0.2862126510406462,0.3080272629624049,9.459121632392266e-05,42,42.0,61,61.0,1.4523809523809523,1.4523809523809523,5,deit_base_patch16_224,DeiT Base Patch 16 224,/Volumes/ssd/thesis_organization/ndb_ufes_data_organizer/results/phase2_tuning/phase2_all_results_deit_base_patch16_224_averaged.csv,3058.317289284517,0.3080272629624049,42,1.4523809523809523,True
4,5,0.456542671506689,2609.1054862768856,0.518098509109375,0.3201508059222844,0.0017234202403079,25,26.0,60,58.2,2.4,2.2406837606837606,5,deit_base_patch16_224,DeiT Base Patch 16 224,/Volumes/ssd/thesis_organization/ndb_ufes_data_organizer/results/phase2_tuning/phase2_all_results_deit_base_patch16_224_averaged.csv,2609.1054862768856,0.3201508059222844,25,2.4,True
4,6,0.456542671506689,2267.3165719107737,2.3036027646836468,0.3113971010462871,0.0019619553994755,23,24.0,45,43.2,1.9130434782608696,1.8028260869565216,5,deit_base_patch16_224,DeiT Base Patch 16 224,/Volumes/ssd/thesis_organization/ndb_ufes_data_organizer/results/phase2_tuning/phase2_all_results_deit_base_patch16_224_averaged.csv,2267.3165719107737,0.3113971010462871,23,1.9130434782608696,True
4,7,0.456542671506689,2016.411615602204,6.785428906542203,0.3228894048122025,0.0021243339340984,15,16.0,45,43.6,3.0,2.7338235294117643,5,deit_base_patch16_224,DeiT Base Patch 16 224,/Volumes/ssd/thesis_organization/ndb_ufes_data_organizer/results/phase2_tuning/phase2_all_results_deit_base_patch16_224_averaged.csv,2016.411615602204,0.3228894048122025,15,3.0,True
4,8,0.456542671506689,1840.1048845882572,4.423508753462926,0.3075637274028864,0.0062641774311322,10,12.0,44,39.8,4.4,3.5,5,deit_base_patch16_224,DeiT Base Patch 16 224,/Volumes/ssd/thesis_organization/ndb_ufes_data_organizer/results/phase2_tuning/phase2_all_results_deit_base_patch16_224_averaged.csv,1840.1048845882572,0.3075637274028864,10,4.4,False
4,9,0.456542671506689,1671.3642954557963,5.924942536570795,0.2888609754633516,0.0035369439849491,10,11.2,34,34.0,3.4,3.086153846153846,5,deit_base_patch16_224,DeiT Base Patch 16 224,/Volumes/ssd/thesis_organization/ndb_ufes_data_organizer/results/phase2_tuning/phase2_all_results_deit_base_patch16_224_averaged.csv,1671.3642954557963,0.2888609754633516,10,3.4,False
5,2,0.5034450164991953,5795.055335925586,0.0,0.3792245232926232,0.0,100,100.0,103,103.0,1.03,1.03,5,deit_base_patch16_224,DeiT Base Patch 16 224,/Volumes/ssd/thesis_organization/ndb_ufes_data_organizer/results/phase2_tuning/phase2_all_results_deit_base_patch16_224_averaged.csv,5795.055335925586,0.3792245232926232,100,1.03,True
5,3,0.5034450164991953,4736.541246978364,0.0,0.317488406331327,0.0,45,45.0,100,100.0,2.2222222222222223,2.2222222222222223,5,deit_base_patch16_224,DeiT Base Patch 16 224,/Volumes/ssd/thesis_organization/ndb_ufes_data_organizer/results/phase2_tuning/phase2_all_results_deit_base_patch16_224_averaged.csv,4736.541246978364,0.317488406331327,45,2.2222222222222223,True
5,4,0.5034450164991953,3885.799655626117,0.0,0.2763997333944664,0.0,42,42.0,61,61.0,1.4523809523809523,1.4523809523809523,5,deit_base_patch16_224,DeiT Base Patch 16 224,/Volumes/ssd/thesis_organization/ndb_ufes_data_organizer/results/phase2_tuning/phase2_all_results_deit_base_patch16_224_averaged.csv,3885.799655626117,0.2763997333944664,42,1.4523809523809523,True
5,5,0.5034450164991953,3325.8956512076634,0.0,0.2964304393408085,0.0,28,28.0,55,55.0,1.9642857142857144,1.9642857142857144,5,deit_base_patch16_224,DeiT Base Patch 16 224,/Volumes/ssd/thesis_organization/ndb_ufes_data_organizer/results/phase2_tuning/phase2_all_results_deit_base_patch16_224_averaged.csv,3325.8956512076634,0.2964304393408085,28,1.9642857142857144,True
5,6,0.5034450164991953,2852.8909632542445,0.1961496782172638,0.3041196479612922,0.0005573168627462,26,26.0,41,40.2,1.5769230769230769,1.5461538461538462,5,deit_base_patch16_224,DeiT Base Patch 16 224,/Volumes/ssd/thesis_organization/ndb_ufes_data_organizer/results/phase2_tuning/phase2_all_results_deit_base_patch16_224_averaged.csv,2852.8909632542445,0.3041196479612922,26,1.5769230769230769,True
5,7,0.5034450164991953,2621.7718466096317,17.298854215669667,0.2966127166155106,0.0046153191218049,11,15.2,41,40.6,3.5454545454545454,2.740332739156268,5,deit_base_patch16_224,DeiT Base Patch 16 224,/Volumes/ssd/thesis_organization/ndb_ufes_data_organizer/results/phase2_tuning/phase2_all_results_deit_base_patch16_224_averaged.csv,2621.7718466096317,0.2966127166155106,11,3.5454545454545454,True
5,8,0.5034450164991953,2421.0082928581064,6.72190356811382,0.2817573092758861,0.0021757132246176,12,14.4,41,39.8,3.25,2.7833333333333337,5,deit_base_patch16_224,DeiT Base Patch 16 224,/Volumes/ssd/thesis_organization/ndb_ufes_data_organizer/results/phase2_tuning/phase2_all_results_deit_base_patch16_224_averaged.csv,2421.0082928581064,0.2817573092758861,12,3.25,True
5,9,0.5034450164991953,2275.060929983324,19.5299848913427,0.2507079097168986,0.0084798216285826,10,13.8,35,33.6,3.3,2.492738095238095,5,deit_base_patch16_224,DeiT Base Patch 16 224,/Volumes/ssd/thesis_organization/ndb_ufes_data_organizer/results/phase2_tuning/phase2_all_results_deit_base_patch16_224_averaged.csv,2275.060929983324,0.2507079097168986,10,3.3,False
6,2,0.5409603694742314,6534.198408463313,0.0,0.3536770912122896,0.0,100,100.0,103,103.0,1.03,1.03,5,deit_base_patch16_224,DeiT Base Patch 16 224,/Volumes/ssd/thesis_organization/ndb_ufes_data_organizer/results/phase2_tuning/phase2_all_results_deit_base_patch16_224_averaged.csv,6534.198408463313,0.3536770912122896,100,1.03,True
6,3,0.5409603694742314,5479.972028422293,0.2945845263689704,0.2881110604580305,0.0001047007177658,45,45.4,100,100.0,2.2222222222222223,2.2028985507246377,5,deit_base_patch16_224,DeiT Base Patch 16 224,/Volumes/ssd/thesis_organization/ndb_ufes_data_organizer/results/phase2_tuning/phase2_all_results_deit_base_patch16_224_averaged.csv,5479.972028422293,0.2881110604580305,45,2.2222222222222223,True
6,4,0.5409603694742314,4624.0252178803785,0.0,0.2490385710464581,0.0,42,42.0,61,61.0,1.4523809523809523,1.4523809523809523,5,deit_base_patch16_224,DeiT Base Patch 16 224,/Volumes/ssd/thesis_organization/ndb_ufes_data_organizer/results/phase2_tuning/phase2_all_results_deit_base_patch16_224_averaged.csv,4624.0252178803785,0.2490385710464581,42,1.4523809523809523,True
6,5,0.5409603694742314,4019.6888558822648,1.3316244806452495,0.2702843111546342,0.0006690152566126,29,29.0,55,55.0,1.896551724137931,1.896551724137931,5,deit_base_patch16_224,DeiT Base Patch 16 224,/Volumes/ssd/thesis_organization/ndb_ufes_data_organizer/results/phase2_tuning/phase2_all_results_deit_base_patch16_224_averaged.csv,4019.6888558822648,0.2702843111546342,29,1.896551724137931,True
6,6,0.5409603694742314,3552.927804903582,1.1101094091185046,0.2751898061283095,0.0009695644526618,25,25.0,42,40.8,1.68,1.632,5,deit_base_patch16_224,DeiT Base Patch 16 224,/Volumes/ssd/thesis_organization/ndb_ufes_data_organizer/results/phase2_tuning/phase2_all_results_deit_base_patch16_224_averaged.csv,3552.927804903582,0.2751898061283095,25,1.68,True
6,7,0.5409603694742314,3310.6991406790935,13.646087875504014,0.263456299038532,0.0084881393644617,10,13.8,42,41.6,4.2,3.1422222222222222,5,deit_base_patch16_224,DeiT Base Patch 16 224,/Volumes/ssd/thesis_organization/ndb_ufes_data_organizer/results/phase2_tuning/phase2_all_results_deit_base_patch16_224_averaged.csv,3310.6991406790935,0.263456299038532,10,4.2,False
6,8,0.5409603694742314,3110.7425740631147,10.993707228538034,0.2496952863607649,0.0070917021710043,11,13.6,41,39.4,3.727272727272727,2.9682836771072063,5,deit_base_patch16_224,DeiT Base Patch 16 224,/Volumes/ssd/thesis_organization/ndb_ufes_data_organizer/results/phase2_tuning/phase2_all_results_deit_base_patch16_224_averaged.csv,3110.7425740631147,0.2496952863607649,11,3.727272727272727,True
6,9,0.5409603694742314,2917.1800791747505,12.808480972598243,0.2476881508075051,0.0060854116078357,10,11.6,40,38.0,4.0,3.352227772227772,5,deit_base_patch16_224,DeiT Base Patch 16 224,/Volumes/ssd/thesis_organization/ndb_ufes_data_organizer/results/phase2_tuning/phase2_all_results_deit_base_patch16_224_averaged.csv,2917.1800791747505,0.2476881508075051,10,4.0,False
7,2,0.572259006349848,7154.7182276986305,0.0,0.3346460521198168,0.0,100,100.0,103,103.0,1.03,1.03,5,deit_base_patch16_224,DeiT Base Patch 16 224,/Volumes/ssd/thesis_organization/ndb_ufes_data_organizer/results/phase2_tuning/phase2_all_results_deit_base_patch16_224_averaged.csv,7154.7182276986305,0.3346460521198168,100,1.03,True
7,3,0.572259006349848,6095.247592145035,0.0,0.2660215217797518,0.0,46,46.0,100,100.0,2.1739130434782608,2.1739130434782608,5,deit_base_patch16_224,DeiT Base Patch 16 224,/Volumes/ssd/thesis_organization/ndb_ufes_data_organizer/results/phase2_tuning/phase2_all_results_deit_base_patch16_224_averaged.csv,6095.247592145035,0.2660215217797518,46,2.1739130434782608,True
7,4,0.572259006349848,5238.8966730228685,0.0,0.2315334419253655,0.0,42,42.0,61,61.0,1.4523809523809523,1.4523809523809523,5,deit_base_patch16_224,DeiT Base Patch 16 224,/Volumes/ssd/thesis_organization/ndb_ufes_data_organizer/results/phase2_tuning/phase2_all_results_deit_base_patch16_224_averaged.csv,5238.8966730228685,0.2315334419253655,42,1.4523809523809523,True
7,5,0.572259006349848,4628.842803626052,0.2158709982792486,0.2495549081390265,0.0015940517195837,28,28.8,55,54.2,1.9642857142857144,1.882512315270936,5,deit_base_patch16_224,DeiT Base Patch 16 224,/Volumes/ssd/thesis_organization/ndb_ufes_data_organizer/results/phase2_tuning/phase2_all_results_deit_base_patch16_224_averaged.csv,4628.842803626052,0.2495549081390265,28,1.9642857142857144,True
7,6,0.572259006349848,4156.577529401584,2.242751109056803,0.2521543148091917,0.0012287013509111,22,23.8,41,39.6,1.818181818181818,1.6666363636363637,5,deit_base_patch16_224,DeiT Base Patch 16 224,/Volumes/ssd/thesis_organization/ndb_ufes_data_organizer/results/phase2_tuning/phase2_all_results_deit_base_patch16_224_averaged.csv,4156.577529401584,0.2521543148091917,22,1.818181818181818,True
7,7,0.572259006349848,3902.1148027813497,6.537879421911916,0.2399748451009439,0.0027928686898333,15,17.2,41,40.4,2.6666666666666665,2.360130718954248,5,deit_base_patch16_224,DeiT Base Patch 16 224,/Volumes/ssd/thesis_organization/ndb_ufes_data_organizer/results/phase2_tuning/phase2_all_results_deit_base_patch16_224_averaged.csv,3902.1148027813497,0.2399748451009439,15,2.6666666666666665,True
7,8,0.572259006349848,3671.8657690616697,16.146666695877027,0.2370889705759695,0.0033958727518912,11,12.6,41,39.8,3.727272727272727,3.1996003996003997,5,deit_base_patch16_224,DeiT Base Patch 16 224,/Volumes/ssd/thesis_organization/ndb_ufes_data_organizer/results/phase2_tuning/phase2_all_results_deit_base_patch16_224_averaged.csv,3671.8657690616697,0.2370889705759695,11,3.727272727272727,True
7,9,0.572259006349848,3493.243717465617,14.107383155035608,0.2186368029755683,0.0146003383232478,10,11.6,40,35.2,3.5454545454545454,3.069004329004329,5,deit_base_patch16_224,DeiT Base Patch 16 224,/Volumes/ssd/thesis_organization/ndb_ufes_data_organizer/results/phase2_tuning/phase2_all_results_deit_base_patch16_224_averaged.csv,3493.243717465617,0.2186368029755683,10,3.5454545454545454,False
8,2,0.5986474514952724,7677.155650658104,0.0,0.3203123898115838,0.0,100,100.0,103,103.0,1.03,1.03,5,deit_base_patch16_224,DeiT Base Patch 16 224,/Volumes/ssd/thesis_organization/ndb_ufes_data_organizer/results/phase2_tuning/phase2_all_results_deit_base_patch16_224_averaged.csv,7677.155650658104,0.3203123898115838,100,1.03,True
8,3,0.5986474514952724,6604.022474864,0.0,0.251805324667996,0.0,46,46.0,100,100.0,2.1739130434782608,2.1739130434782608,5,deit_base_patch16_224,DeiT Base Patch 16 224,/Volumes/ssd/thesis_organization/ndb_ufes_data_organizer/results/phase2_tuning/phase2_all_results_deit_base_patch16_224_averaged.csv,6604.022474864,0.251805324667996,46,2.1739130434782608,True
8,4,0.5986474514952724,5734.9839899192075,0.0,0.2169349685182312,0.0,43,43.0,57,57.0,1.3255813953488371,1.3255813953488371,5,deit_base_patch16_224,DeiT Base Patch 16 224,/Volumes/ssd/thesis_organization/ndb_ufes_data_organizer/results/phase2_tuning/phase2_all_results_deit_base_patch16_224_averaged.csv,5734.9839899192075,0.2169349685182312,43,1.3255813953488371,True
8,5,0.5986474514952724,5113.536140222681,0.6578193547039449,0.2328785876191298,0.0004873226982219,27,27.8,57,56.6,2.111111111111111,2.0365079365079364,5,deit_base_patch16_224,DeiT Base Patch 16 224,/Volumes/ssd/thesis_organization/ndb_ufes_data_organizer/results/phase2_tuning/phase2_all_results_deit_base_patch16_224_averaged.csv,5113.536140222681,0.2328785876191298,27,2.111111111111111,True
8,6,0.5986474514952724,4629.491810340822,9.283854569295494,0.2338717009741196,0.0023590987527601,24,25.8,40,39.6,1.6666666666666667,1.5408877099911584,5,deit_base_patch16_224,DeiT Base Patch 16 224,/Volumes/ssd/thesis_organization/ndb_ufes_data_organizer/results/phase2_tuning/phase2_all_results_deit_base_patch16_224_averaged.csv,4629.491810340822,0.2338717009741196,24,1.6666666666666667,True
8,7,0.5986474514952724,4358.84198733216,11.88738992771489,0.2270486163028165,0.0039463839956215,14,15.4,41,40.2,2.9285714285714284,2.622135854341737,5,deit_base_patch16_224,DeiT Base Patch 16 224,/Volumes/ssd/thesis_organization/ndb_ufes_data_organizer/results/phase2_tuning/phase2_all_results_deit_base_patch16_224_averaged.csv,4358.84198733216,0.2270486163028165,14,2.9285714285714284,True
8,8,0.5986474514952724,4140.620963479536,17.67312202423169,0.2210747074908007,0.003171018211476,10,13.0,40,39.6,4.0,3.161111111111111,5,deit_base_patch16_224,DeiT Base Patch 16 224,/Volumes/ssd/thesis_organization/ndb_ufes_data_organizer/results/phase2_tuning/phase2_all_results_deit_base_patch16_224_averaged.csv,4140.620963479536,0.2210747074908007,10,4.0,False
8,9,0.5986474514952724,3941.6927865914745,27.185360891010983,0.2122342898477975,0.0085160358827662,8,9.4,41,38.0,5.125,4.137777777777778,5,deit_base_patch16_224,DeiT Base Patch 16 224,/Volumes/ssd/thesis_organization/ndb_ufes_data_organizer/results/phase2_tuning/phase2_all_results_deit_base_patch16_224_averaged.csv,3941.6927865914745,0.2122342898477975,8,5.125,False
10,2,0.640842753362271,8511.718453271886,0.0,0.299068547361268,0.0,100,100.0,103,103.0,1.03,1.03,5,deit_base_patch16_224,DeiT Base Patch 16 224,/Volumes/ssd/thesis_organization/ndb_ufes_data_organizer/results/phase2_tuning/phase2_all_results_deit_base_patch16_224_averaged.csv,8511.718453271886,0.299068547361268,100,1.03,True
10,3,0.640842753362271,7429.940611916891,0.2588223166271698,0.2305055111381229,0.0003239051937485,45,45.4,100,100.0,2.2222222222222223,2.2028985507246377,5,deit_base_patch16_224,DeiT Base Patch 16 224,/Volumes/ssd/thesis_organization/ndb_ufes_data_organizer/results/phase2_tuning/phase2_all_results_deit_base_patch16_224_averaged.csv,7429.940611916891,0.2305055111381229,45,2.2222222222222223,True
10,4,0.640842753362271,6546.488342082125,0.8985550966458274,0.1976482839752684,0.0006787267173455,41,43.6,59,56.6,1.4390243902439024,1.3013401294505638,5,deit_base_patch16_224,DeiT Base Patch 16 224,/Volumes/ssd/thesis_organization/ndb_ufes_data_organizer/results/phase2_tuning/phase2_all_results_deit_base_patch16_224_averaged.csv,6546.488342082125,0.1976482839752684,41,1.4390243902439024,True
10,5,0.640842753362271,5907.053036263404,1.568646519575655,0.212992930290269,0.0006831571990377,28,29.4,59,57.4,2.0344827586206895,1.9535632183908045,5,deit_base_patch16_224,DeiT Base Patch 16 224,/Volumes/ssd/thesis_organization/ndb_ufes_data_organizer/results/phase2_tuning/phase2_all_results_deit_base_patch16_224_averaged.csv,5907.053036263404,0.212992930290269,28,2.0344827586206895,True
10,6,0.640842753362271,5411.523390314986,1.405068625406399,0.2141344685194052,0.0013814205173909,25,25.6,41,40.0,1.64,1.5637037037037038,5,deit_base_patch16_224,DeiT Base Patch 16 224,/Volumes/ssd/thesis_organization/ndb_ufes_data_organizer/results/phase2_tuning/phase2_all_results_deit_base_patch16_224_averaged.csv,5411.523390314986,0.2141344685194052,25,1.64,True
10,7,0.640842753362271,5133.729427229597,7.030114298240228,0.2037327548398806,0.0025105378768445,12,15.4,42,40.6,3.25,2.7202714932126697,5,deit_base_patch16_224,DeiT Base Patch 16 224,/Volumes/ssd/thesis_organization/ndb_ufes_data_organizer/results/phase2_tuning/phase2_all_results_deit_base_patch16_224_averaged.csv,5133.729427229597,0.2037327548398806,12,3.25,True
10,8,0.640842753362271,4914.723294800338,26.82562485776842,0.1889866981540401,0.0087431919201491,12,13.8,41,39.4,3.0,2.8657142857142857,5,deit_base_patch16_224,DeiT Base Patch 16 224,/Volumes/ssd/thesis_organization/ndb_ufes_data_organizer/results/phase2_tuning/phase2_all_results_deit_base_patch16_224_averaged.csv,4914.723294800338,0.1889866981540401,12,3.0,True
10,9,0.640842753362271,4690.892571359785,16.453932087390687,0.1883919734952171,0.0068500081888491,10,11.6,41,36.8,3.6,3.18969696969697,5,deit_base_patch16_224,DeiT Base Patch 16 224,/Volumes/ssd/thesis_organization/ndb_ufes_data_organizer/results/phase2_tuning/phase2_all_results_deit_base_patch16_224_averaged.csv,4690.892571359785,0.1883919734952171,10,3.6,False
12,2,0.6745907628815047,9180.849479151737,0.0,0.2841266020672278,0.0,100,100.0,103,103.0,1.03,1.03,5,deit_base_patch16_224,DeiT Base Patch 16 224,/Volumes/ssd/thesis_organization/ndb_ufes_data_organizer/results/phase2_tuning/phase2_all_results_deit_base_patch16_224_averaged.csv,9180.849479151737,0.2841266020672278,100,1.03,True
12,3,0.6745907628815047,8099.281637528496,0.4066856401017424,0.2132041309831067,0.0002921823289928,45,46.0,100,100.0,2.2222222222222223,2.174324185425018,5,deit_base_patch16_224,DeiT Base Patch 16 224,/Volumes/ssd/thesis_organization/ndb_ufes_data_organizer/results/phase2_tuning/phase2_all_results_deit_base_patch16_224_averaged.csv,8099.281637528496,0.2132041309831067,45,2.2222222222222223,True
12,4,0.6745907628815047,7205.968194163678,0.9487256020591228,0.1838883640423372,8.40026323561593e-06,43,43.0,57,57.0,1.3255813953488371,1.3255813953488371,5,deit_base_patch16_224,DeiT Base Patch 16 224,/Volumes/ssd/thesis_organization/ndb_ufes_data_organizer/results/phase2_tuning/phase2_all_results_deit_base_patch16_224_averaged.csv,7205.968194163678,0.1838883640423372,43,1.3255813953488371,True
12,5,0.6745907628815047,6570.4385866239845,5.582692727655306,0.1958304396104328,0.0011275469858933,29,30.0,59,58.2,2.0344827586206895,1.9408750463477935,5,deit_base_patch16_224,DeiT Base Patch 16 224,/Volumes/ssd/thesis_organization/ndb_ufes_data_organizer/results/phase2_tuning/phase2_all_results_deit_base_patch16_224_averaged.csv,6570.4385866239845,0.1958304396104328,29,2.0344827586206895,True
12,6,0.6745907628815047,6071.601270948404,2.6810831696109543,0.1961041189522607,0.0006926198505889,24,25.2,42,40.0,1.75,1.5893846153846154,5,deit_base_patch16_224,DeiT Base Patch 16 224,/Volumes/ssd/thesis_organization/ndb_ufes_data_organizer/results/phase2_tuning/phase2_all_results_deit_base_patch16_224_averaged.csv,6071.601270948404,0.1961041189522607,24,1.75,True
12,7,0.6745907628815047,5801.951167647618,15.790131107395323,0.1854699817826505,0.0033612763505773,14,16.2,45,41.6,3.2142857142857144,2.5899159663865547,5,deit_base_patch16_224,DeiT Base Patch 16 224,/Volumes/ssd/thesis_organization/ndb_ufes_data_organizer/results/phase2_tuning/phase2_all_results_deit_base_patch16_224_averaged.csv,5801.951167647618,0.1854699817826505,14,3.2142857142857144,True
12,8,0.6745907628815047,5542.2113498354765,22.599160125702156,0.180649584429333,0.0037383456201298,10,13.8,42,40.4,4.1,3.0500904977375565,5,deit_base_patch16_224,DeiT Base Patch 16 224,/Volumes/ssd/thesis_organization/ndb_ufes_data_organizer/results/phase2_tuning/phase2_all_results_deit_base_patch16_224_averaged.csv,5542.2113498354765,0.180649584429333,10,4.1,False
12,9,0.6745907628815047,5348.063597793822,25.003735723325175,0.1692662311274567,0.0067357622366183,11,12.6,42,38.2,3.8181818181818183,3.0928030303030303,5,deit_base_patch16_224,DeiT Base Patch 16 224,/Volumes/ssd/thesis_organization/ndb_ufes_data_organizer/results/phase2_tuning/phase2_all_results_deit_base_patch16_224_averaged.csv,5348.063597793822,0.1692662311274567,11,3.8181818181818183,True
15,2,0.7146959894352135,9977.210074377625,0.0,0.2692241908390563,0.0,100,100.0,103,103.0,1.03,1.03,5,deit_base_patch16_224,DeiT Base Patch 16 224,/Volumes/ssd/thesis_organization/ndb_ufes_data_organizer/results/phase2_tuning/phase2_all_results_deit_base_patch16_224_averaged.csv,9977.210074377625,0.2692241908390563,100,1.03,True
15,3,0.7146959894352135,8881.975376169654,0.4067402188681261,0.1979004326309239,2.609910846990028e-05,46,46.6,100,100.0,2.1739130434782608,2.1461609620721553,5,deit_base_patch16_224,DeiT Base Patch 16 224,/Volumes/ssd/thesis_organization/ndb_ufes_data_organizer/results/phase2_tuning/phase2_all_results_deit_base_patch16_224_averaged.csv,8881.975376169654,0.1979004326309239,46,2.1739130434782608,True
15,4,0.7146959894352135,7986.016564020929,1.57501061302358,0.1721185042064196,0.0008718295413197,37,44.4,66,56.2,1.7837837837837838,1.2870476396840875,5,deit_base_patch16_224,DeiT Base Patch 16 224,/Volumes/ssd/thesis_organization/ndb_ufes_data_organizer/results/phase2_tuning/phase2_all_results_deit_base_patch16_224_averaged.csv,7986.016564020929,0.1721185042064196,37,1.7837837837837838,True
15,5,0.7146959894352135,7336.267947043903,2.8799395928247007,0.1816306179972074,0.001829537428185,27,28.8,58,54.6,2.1481481481481484,1.9047196473447865,5,deit_base_patch16_224,DeiT Base Patch 16 224,/Volumes/ssd/thesis_organization/ndb_ufes_data_organizer/results/phase2_tuning/phase2_all_results_deit_base_patch16_224_averaged.csv,7336.267947043903,0.1816306179972074,27,2.1481481481481484,True
15,6,0.7146959894352135,6844.751655999617,9.314391978142504,0.180507099318829,0.0017128820176015,24,25.4,43,41.0,1.7916666666666667,1.623528735632184,5,deit_base_patch16_224,DeiT Base Patch 16 224,/Volumes/ssd/thesis_organization/ndb_ufes_data_organizer/results/phase2_tuning/phase2_all_results_deit_base_patch16_224_averaged.csv,6844.751655999617,0.180507099318829,24,1.7916666666666667,True
15,7,0.7146959894352135,6559.328688139416,16.642016764763735,0.1667422705170333,0.0044824369234782,13,16.2,43,41.8,3.3076923076923075,2.62964303670186,5,deit_base_patch16_224,DeiT Base Patch 16 224,/Volumes/ssd/thesis_organization/ndb_ufes_data_organizer/results/phase2_tuning/phase2_all_results_deit_base_patch16_224_averaged.csv,6559.328688139416,0.1667422705170333,13,3.3076923076923075,True
15,8,0.7146959894352135,6294.920152202034,17.052443214361997,0.1658415594174313,0.0053368599063001,11,13.4,40,38.8,3.636363636363636,2.961824009324009,5,deit_base_patch16_224,DeiT Base Patch 16 224,/Volumes/ssd/thesis_organization/ndb_ufes_data_organizer/results/phase2_tuning/phase2_all_results_deit_base_patch16_224_averaged.csv,6294.920152202034,0.1658415594174313,11,3.636363636363636,True
15,9,0.7146959894352135,6073.9525815451925,30.906667847691654,0.1486867234679109,0.0140581560457789,11,13.0,37,31.8,2.8333333333333335,2.4593939393939395,5,deit_base_patch16_224,DeiT Base Patch 16 224,/Volumes/ssd/thesis_organization/ndb_ufes_data_organizer/results/phase2_tuning/phase2_all_results_deit_base_patch16_224_averaged.csv,6073.9525815451925,0.1486867234679109,11,2.8333333333333335,True
18,2,0.7472278741254238,10623.006265290496,0.0,0.2587669701401657,0.0,100,100.0,103,103.0,1.03,1.03,5,deit_base_patch16_224,DeiT Base Patch 16 224,/Volumes/ssd/thesis_organization/ndb_ufes_data_organizer/results/phase2_tuning/phase2_all_results_deit_base_patch16_224_averaged.csv,10623.006265290496,0.2587669701401657,100,1.03,True
18,3,0.7472278741254238,9526.86762837448,0.2298330450543774,0.1862610662715071,1.3142509101401924e-05,46,46.4,100,100.0,2.1739130434782608,2.1554116558741905,5,deit_base_patch16_224,DeiT Base Patch 16 224,/Volumes/ssd/thesis_organization/ndb_ufes_data_organizer/results/phase2_tuning/phase2_all_results_deit_base_patch16_224_averaged.csv,9526.86762837448,0.1862610662715071,46,2.1739130434782608,True
18,4,0.7472278741254238,8628.765039184682,0.8291239128970126,0.161842561797456,0.0005931443724732,43,45.0,57,55.4,1.3255813953488371,1.2338403287223287,5,deit_base_patch16_224,DeiT Base Patch 16 224,/Volumes/ssd/thesis_organization/ndb_ufes_data_organizer/results/phase2_tuning/phase2_all_results_deit_base_patch16_224_averaged.csv,8628.765039184682,0.161842561797456,43,1.3255813953488371,True
18,5,0.7472278741254238,7977.763029173788,2.4294392352529663,0.1700671030109854,0.0021473767215936,28,28.6,59,56.0,2.107142857142857,1.9607224958949097,5,deit_base_patch16_224,DeiT Base Patch 16 224,/Volumes/ssd/thesis_organization/ndb_ufes_data_organizer/results/phase2_tuning/phase2_all_results_deit_base_patch16_224_averaged.csv,7977.763029173788,0.1700671030109854,28,2.107142857142857,True
18,6,0.7472278741254238,7471.952504862553,5.707137304530143,0.169532268233279,0.0013008825245166,24,25.6,43,40.8,1.7916666666666667,1.598014245014245,5,deit_base_patch16_224,DeiT Base Patch 16 224,/Volumes/ssd/thesis_organization/ndb_ufes_data_organizer/results/phase2_tuning/phase2_all_results_deit_base_patch16_224_averaged.csv,7471.952504862553,0.169532268233279,24,1.7916666666666667,True
18,7,0.7472278741254238,7189.79504514656,37.825405169849375,0.1570069932566927,0.0012998041301236,13,17.2,43,40.2,3.0714285714285716,2.42659913186229,5,deit_base_patch16_224,DeiT Base Patch 16 224,/Volumes/ssd/thesis_organization/ndb_ufes_data_organizer/results/phase2_tuning/phase2_all_results_deit_base_patch16_224_averaged.csv,7189.79504514656,0.1570069932566927,13,3.0714285714285716,True
18,8,0.7472278741254238,6926.062478469164,25.81788235097236,0.1474579914137317,0.0125426517869073,9,15.6,43,37.4,4.444444444444445,2.6017156862745097,5,deit_base_patch16_224,DeiT Base Patch 16 224,/Volumes/ssd/thesis_organization/ndb_ufes_data_organizer/results/phase2_tuning/phase2_all_results_deit_base_patch16_224_averaged.csv,6926.062478469164,0.1474579914137317,9,4.444444444444445,False
18,9,0.7472278741254238,6702.356936051538,20.46522718542727,0.1442410988639228,0.0097979626336253,9,13.2,42,36.4,4.666666666666667,2.9432798573975045,5,deit_base_patch16_224,DeiT Base Patch 16 224,/Volumes/ssd/thesis_organization/ndb_ufes_data_organizer/results/phase2_tuning/phase2_all_results_deit_base_patch16_224_averaged.csv,6702.356936051538,0.1442410988639228,9,4.666666666666667,False
20,2,0.7644719051519413,10964.577812978598,0.0,0.2530551612203394,0.0,100,100.0,103,103.0,1.03,1.03,5,deit_base_patch16_224,DeiT Base Patch 16 224,/Volumes/ssd/thesis_organization/ndb_ufes_data_organizer/results/phase2_tuning/phase2_all_results_deit_base_patch16_224_averaged.csv,10964.577812978598,0.2530551612203394,100,1.03,True
20,3,0.7644719051519413,9867.893085810225,0.0,0.1805695762906111,0.0,46,46.0,100,100.0,2.1739130434782608,2.1739130434782608,5,deit_base_patch16_224,DeiT Base Patch 16 224,/Volumes/ssd/thesis_organization/ndb_ufes_data_organizer/results/phase2_tuning/phase2_all_results_deit_base_patch16_224_averaged.csv,9867.893085810225,0.1805695762906111,46,2.1739130434782608,True
20,4,0.7644719051519413,8968.703851463297,1.440129502487378,0.1569202820979482,0.0007525857004767,43,44.4,60,56.4,1.3953488372093024,1.2738721683196008,5,deit_base_patch16_224,DeiT Base Patch 16 224,/Volumes/ssd/thesis_organization/ndb_ufes_data_organizer/results/phase2_tuning/phase2_all_results_deit_base_patch16_224_averaged.csv,8968.703851463297,0.1569202820979482,43,1.3953488372093024,True
20,5,0.7644719051519413,8318.23935054846,7.121782945038642,0.1652891963280571,0.0020991934231337,27,29.2,59,56.0,2.185185185185185,1.9231697771186091,5,deit_base_patch16_224,DeiT Base Patch 16 224,/Volumes/ssd/thesis_organization/ndb_ufes_data_organizer/results/phase2_tuning/phase2_all_results_deit_base_patch16_224_averaged.csv,8318.23935054846,0.1652891963280571,27,2.185185185185185,True
20,6,0.7644719051519413,7805.200494895951,3.280987063455124,0.1631539174667556,0.0015541003504733,25,26.0,42,40.2,1.6153846153846154,1.5487252747252749,5,deit_base_patch16_224,DeiT Base Patch 16 224,/Volumes/ssd/thesis_organization/ndb_ufes_data_organizer/results/phase2_tuning/phase2_all_results_deit_base_patch16_224_averaged.csv,7805.200494895951,0.1631539174667556,25,1.6153846153846154,True
20,7,0.7644719051519413,7525.237487782392,31.81805474552165,0.1537140113158416,0.0040611057125988,13,16.0,43,41.2,3.0,2.6058333333333334,5,deit_base_patch16_224,DeiT Base Patch 16 224,/Volumes/ssd/thesis_organization/ndb_ufes_data_organizer/results/phase2_tuning/phase2_all_results_deit_base_patch16_224_averaged.csv,7525.237487782392,0.1537140113158416,13,3.0,True
20,8,0.7644719051519413,7249.88694050588,15.274649122583556,0.1533407544799478,0.0065371698575878,8,13.0,43,40.4,5.375,3.353186274509804,5,deit_base_patch16_224,DeiT Base Patch 16 224,/Volumes/ssd/thesis_organization/ndb_ufes_data_organizer/results/phase2_tuning/phase2_all_results_deit_base_patch16_224_averaged.csv,7249.88694050588,0.1533407544799478,8,5.375,False
20,9,0.7644719051519413,7031.133675680705,24.10474277634923,0.1374502613194273,0.0108549787693403,9,11.0,42,37.4,4.666666666666667,3.4912554112554113,5,deit_base_patch16_224,DeiT Base Patch 16 224,/Volumes/ssd/thesis_organization/ndb_ufes_data_organizer/results/phase2_tuning/phase2_all_results_deit_base_patch16_224_averaged.csv,7031.133675680705,0.1374502613194273,9,4.666666666666667,False
25,2,0.8005540246977063,11680.806162549916,0.0,0.2423982215259529,0.0,100,100.0,103,103.0,1.03,1.03,5,deit_base_patch16_224,DeiT Base Patch 16 224,/Volumes/ssd/thesis_organization/ndb_ufes_data_organizer/results/phase2_tuning/phase2_all_results_deit_base_patch16_224_averaged.csv,11680.806162549916,0.2423982215259529,100,1.03,True
25,3,0.8005540246977063,10580.050137498314,0.2832237558752883,0.1693670955775507,0.0002704038413049,45,46.4,100,100.0,2.2222222222222223,2.1558227978209477,5,deit_base_patch16_224,DeiT Base Patch 16 224,/Volumes/ssd/thesis_organization/ndb_ufes_data_organizer/results/phase2_tuning/phase2_all_results_deit_base_patch16_224_averaged.csv,10580.050137498314,0.1693670955775507,45,2.2222222222222223,True
25,4,0.8005540246977063,9680.03383692837,1.2921843980267482,0.1492636606850215,0.0018388467190162,37,42.6,66,59.2,1.7837837837837838,1.4123048801309672,5,deit_base_patch16_224,DeiT Base Patch 16 224,/Volumes/ssd/thesis_organization/ndb_ufes_data_organizer/results/phase2_tuning/phase2_all_results_deit_base_patch16_224_averaged.csv,9680.03383692837,0.1492636606850215,37,1.7837837837837838,True
25,5,0.8005540246977063,9017.823679001278,1.756012466401773,0.1569156511323051,0.0015016527880832,29,29.4,56,54.4,1.9310344827586208,1.851034482758621,5,deit_base_patch16_224,DeiT Base Patch 16 224,/Volumes/ssd/thesis_organization/ndb_ufes_data_organizer/results/phase2_tuning/phase2_all_results_deit_base_patch16_224_averaged.csv,9017.823679001278,0.1569156511323051,29,1.9310344827586208,True
25,6,0.8005540246977063,8509.926778956773,7.768595961978027,0.1523808789909331,0.0035321525594086,25,26.2,43,40.0,1.6538461538461535,1.5285242165242166,5,deit_base_patch16_224,DeiT Base Patch 16 224,/Volumes/ssd/thesis_organization/ndb_ufes_data_organizer/results/phase2_tuning/phase2_all_results_deit_base_patch16_224_averaged.csv,8509.926778956773,0.1523808789909331,25,1.6538461538461535,True
25,7,0.8005540246977063,8232.334815549655,29.586049925843888,0.1451894876965814,0.0054957506092155,14,15.8,43,41.4,3.0,2.6441666666666666,5,deit_base_patch16_224,DeiT Base Patch 16 224,/Volumes/ssd/thesis_organization/ndb_ufes_data_organizer/results/phase2_tuning/phase2_all_results_deit_base_patch16_224_averaged.csv,8232.334815549655,0.1451894876965814,14,3.0,True
25,8,0.8005540246977063,7949.943376779022,35.61676163093236,0.1402092524728925,0.0054677905157032,12,13.2,44,41.8,3.6666666666666665,3.208653846153846,5,deit_base_patch16_224,DeiT Base Patch 16 224,/Volumes/ssd/thesis_organization/ndb_ufes_data_organizer/results/phase2_tuning/phase2_all_results_deit_base_patch16_224_averaged.csv,7949.943376779022,0.1402092524728925,12,3.6666666666666665,True
25,9,0.8005540246977063,7721.629091736693,27.499539466315063,0.1282729533243763,0.0116602087120859,7,9.8,43,38.2,5.571428571428571,4.073174603174603,5,deit_base_patch16_224,DeiT Base Patch 16 224,/Volumes/ssd/thesis_organization/ndb_ufes_data_organizer/results/phase2_tuning/phase2_all_results_deit_base_patch16_224_averaged.csv,7721.629091736693,0.1282729533243763,7,5.571428571428571,False
30,2,0.8285433652509544,12236.203203268631,0.0,0.234563295390277,0.0,100,100.0,103,103.0,1.03,1.03,5,deit_base_patch16_224,DeiT Base Patch 16 224,/Volumes/ssd/thesis_organization/ndb_ufes_data_organizer/results/phase2_tuning/phase2_all_results_deit_base_patch16_224_averaged.csv,12236.203203268631,0.234563295390277,100,1.03,True
30,3,0.8285433652509544,11135.226812544404,0.0265425186729691,0.1615805032263683,6.0285383827124865e-05,46,46.4,100,100.0,2.1739130434782608,2.1554116558741905,5,deit_base_patch16_224,DeiT Base Patch 16 224,/Volumes/ssd/thesis_organization/ndb_ufes_data_organizer/results/phase2_tuning/phase2_all_results_deit_base_patch16_224_averaged.csv,11135.226812544404,0.1615805032263683,46,2.1739130434782608,True
30,4,0.8285433652509544,10233.775240864965,2.9604080319873938,0.1412141542858309,0.0016494155247221,37,43.4,66,57.2,1.7837837837837838,1.336733013961248,5,deit_base_patch16_224,DeiT Base Patch 16 224,/Volumes/ssd/thesis_organization/ndb_ufes_data_organizer/results/phase2_tuning/phase2_all_results_deit_base_patch16_224_averaged.csv,10233.775240864965,0.1412141542858309,37,1.7837837837837838,True
30,5,0.8285433652509544,9567.289098059138,0.7852397764994024,0.1498212544747994,0.000471617478151,28,29.6,57,54.8,2.0357142857142856,1.854595582393135,5,deit_base_patch16_224,DeiT Base Patch 16 224,/Volumes/ssd/thesis_organization/ndb_ufes_data_organizer/results/phase2_tuning/phase2_all_results_deit_base_patch16_224_averaged.csv,9567.289098059138,0.1498212544747994,28,2.0357142857142856,True
30,6,0.8285433652509544,9060.632481363136,15.621697211095965,0.1450023852234104,0.0026173583648714,24,24.8,44,41.0,1.8333333333333333,1.6576923076923076,5,deit_base_patch16_224,DeiT Base Patch 16 224,/Volumes/ssd/thesis_organization/ndb_ufes_data_organizer/results/phase2_tuning/phase2_all_results_deit_base_patch16_224_averaged.csv,9060.632481363136,0.1450023852234104,24,1.8333333333333333,True
30,7,0.8285433652509544,8760.299820001575,24.738151909368295,0.132761792071712,0.0035000105552071,16,17.6,44,40.2,2.75,2.3168449197860963,5,deit_base_patch16_224,DeiT Base Patch 16 224,/Volumes/ssd/thesis_organization/ndb_ufes_data_organizer/results/phase2_tuning/phase2_all_results_deit_base_patch16_224_averaged.csv,8760.299820001575,0.132761792071712,16,2.75,True
30,8,0.8285433652509544,8493.151152088762,21.68502929260246,0.1286607503956856,0.0071791489477817,13,16.0,42,37.8,2.8461538461538463,2.424230769230769,5,deit_base_patch16_224,DeiT Base Patch 16 224,/Volumes/ssd/thesis_organization/ndb_ufes_data_organizer/results/phase2_tuning/phase2_all_results_deit_base_patch16_224_averaged.csv,8493.151152088762,0.1286607503956856,13,2.8461538461538463,True
30,9,0.8285433652509544,8268.95276014301,25.782022774965313,0.1212616400372561,0.0095501463030559,8,11.8,41,35.8,5.125,3.228030303030303,5,deit_base_patch16_224,DeiT Base Patch 16 224,/Volumes/ssd/thesis_organization/ndb_ufes_data_organizer/results/phase2_tuning/phase2_all_results_deit_base_patch16_224_averaged.csv,8268.95276014301,0.1212616400372561,8,5.125,False
2,2,0.3720848844191078,4820.960988212767,0.0,0.4527942789961859,0.0,97,97.0,106,106.0,1.092783505154639,1.092783505154639,5,vit_large_patch16_224,ViT Large Patch 16 224,/Volumes/ssd/thesis_organization/ndb_ufes_data_organizer/results/phase2_tuning/phase2_all_results_vit_large_patch16_224_averaged.csv,4820.960988212767,0.4527942789961859,97,1.092783505154639,True
2,3,0.3720848844191078,2621.7855192716615,0.0,0.497783100971757,0.0,57,57.0,79,79.0,1.3859649122807018,1.3859649122807018,5,vit_large_patch16_224,ViT Large Patch 16 224,/Volumes/ssd/thesis_organization/ndb_ufes_data_organizer/results/phase2_tuning/phase2_all_results_vit_large_patch16_224_averaged.csv,2621.7855192716615,0.497783100971757,57,1.3859649122807018,True
2,4,0.3720848844191078,1511.0099464208563,0.0,0.5362036496362029,0.0,39,39.0,66,66.0,1.6923076923076923,1.6923076923076923,5,vit_large_patch16_224,ViT Large Patch 16 224,/Volumes/ssd/thesis_organization/ndb_ufes_data_organizer/results/phase2_tuning/phase2_all_results_vit_large_patch16_224_averaged.csv,1511.0099464208563,0.5362036496362029,39,1.6923076923076923,True
2,5,0.3720848844191078,1205.6819217753944,1.668052177622715,0.4693246517246233,0.0032019280836577,28,30.4,51,51.0,1.8214285714285712,1.680414746543779,5,vit_large_patch16_224,ViT Large Patch 16 224,/Volumes/ssd/thesis_organization/ndb_ufes_data_organizer/results/phase2_tuning/phase2_all_results_vit_large_patch16_224_averaged.csv,1205.6819217753944,0.4693246517246233,28,1.8214285714285712,True
2,6,0.3720848844191078,978.9990615505247,1.079296252676576,0.444589297746176,0.0101044372566373,20,24.0,49,47.2,2.45,2.0061481481481485,5,vit_large_patch16_224,ViT Large Patch 16 224,/Volumes/ssd/thesis_organization/ndb_ufes_data_organizer/results/phase2_tuning/phase2_all_results_vit_large_patch16_224_averaged.csv,978.9990615505247,0.444589297746176,20,2.45,True
2,7,0.3720848844191078,798.8231398237027,2.7284401064248875,0.4281493488213819,0.0019208135150732,16,18.0,44,42.4,2.6875,2.3931232492997196,5,vit_large_patch16_224,ViT Large Patch 16 224,/Volumes/ssd/thesis_organization/ndb_ufes_data_organizer/results/phase2_tuning/phase2_all_results_vit_large_patch16_224_averaged.csv,798.8231398237027,0.4281493488213819,16,2.6875,True
2,8,0.3720848844191078,665.0159953191297,0.6340716790101413,0.416779648928084,0.000227352033326,16,16.8,41,41.0,2.5625,2.4452614379084965,5,vit_large_patch16_224,ViT Large Patch 16 224,/Volumes/ssd/thesis_organization/ndb_ufes_data_organizer/results/phase2_tuning/phase2_all_results_vit_large_patch16_224_averaged.csv,665.0159953191297,0.416779648928084,16,2.5625,True
2,9,0.3720848844191078,604.1817998869872,4.077687671763884,0.4041641443128707,0.0140110480765745,6,11.6,41,36.4,6.833333333333333,3.6041666666666665,5,vit_large_patch16_224,ViT Large Patch 16 224,/Volumes/ssd/thesis_organization/ndb_ufes_data_organizer/results/phase2_tuning/phase2_all_results_vit_large_patch16_224_averaged.csv,604.1817998869872,0.4041641443128707,6,6.833333333333333,False
3,2,0.4499883938857459,6636.64941908967,0.0,0.3768932972593395,0.0,97,97.0,106,106.0,1.092783505154639,1.092783505154639,5,vit_large_patch16_224,ViT Large Patch 16 224,/Volumes/ssd/thesis_organization/ndb_ufes_data_organizer/results/phase2_tuning/phase2_all_results_vit_large_patch16_224_averaged.csv,6636.64941908967,0.3768932972593395,97,1.092783505154639,True
3,3,0.4499883938857459,4462.279512802828,0.0,0.389507816843299,0.0,59,59.0,79,79.0,1.3389830508474576,1.3389830508474576,5,vit_large_patch16_224,ViT Large Patch 16 224,/Volumes/ssd/thesis_organization/ndb_ufes_data_organizer/results/phase2_tuning/phase2_all_results_vit_large_patch16_224_averaged.csv,4462.279512802828,0.389507816843299,59,1.3389830508474576,True
3,4,0.4499883938857459,3309.678388318532,0.0,0.4068076531648811,0.0,36,36.0,66,66.0,1.8333333333333333,1.8333333333333333,5,vit_large_patch16_224,ViT Large Patch 16 224,/Volumes/ssd/thesis_organization/ndb_ufes_data_organizer/results/phase2_tuning/phase2_all_results_vit_large_patch16_224_averaged.csv,3309.678388318532,0.4068076531648811,36,1.8333333333333333,True
3,5,0.4499883938857459,2682.0500603892015,0.0,0.4018585623042393,0.0,27,27.0,63,63.0,2.3333333333333335,2.3333333333333335,5,vit_large_patch16_224,ViT Large Patch 16 224,/Volumes/ssd/thesis_organization/ndb_ufes_data_organizer/results/phase2_tuning/phase2_all_results_vit_large_patch16_224_averaged.csv,2682.0500603892015,0.4018585623042393,27,2.3333333333333335,True
3,6,0.4499883938857459,2347.765681052321,0.8902209711609825,0.3487971426445989,0.000547774322718,22,22.0,49,49.0,2.227272727272727,2.227272727272727,5,vit_large_patch16_224,ViT Large Patch 16 224,/Volumes/ssd/thesis_organization/ndb_ufes_data_organizer/results/phase2_tuning/phase2_all_results_vit_large_patch16_224_averaged.csv,2347.765681052321,0.3487971426445989,22,2.227272727272727,True
3,7,0.4499883938857459,2054.766906752534,7.113341523105371,0.333258534328951,0.0013893538414308,20,20.0,40,38.2,2.0,1.9099999999999997,5,vit_large_patch16_224,ViT Large Patch 16 224,/Volumes/ssd/thesis_organization/ndb_ufes_data_organizer/results/phase2_tuning/phase2_all_results_vit_large_patch16_224_averaged.csv,2054.766906752534,0.333258534328951,20,2.0,True
3,8,0.4499883938857459,1772.544448508152,5.774514476412478,0.3482670670780945,0.0016561756779949,16,17.4,42,37.6,2.625,2.187156862745098,5,vit_large_patch16_224,ViT Large Patch 16 224,/Volumes/ssd/thesis_organization/ndb_ufes_data_organizer/results/phase2_tuning/phase2_all_results_vit_large_patch16_224_averaged.csv,1772.544448508152,0.3482670670780945,16,2.625,True
3,9,0.4499883938857459,1565.4735736844384,7.01824404547406,0.3578220418325236,0.0025664358410674,15,15.4,32,31.8,2.1333333333333333,2.0675,5,vit_large_patch16_224,ViT Large Patch 16 224,/Volumes/ssd/thesis_organization/ndb_ufes_data_organizer/results/phase2_tuning/phase2_all_results_vit_large_patch16_224_averaged.csv,1565.4735736844384,0.3578220418325236,15,2.1333333333333333,True
4,2,0.5186127218327689,8285.432592338258,0.0,0.3257626963731609,0.0,97,97.0,106,106.0,1.092783505154639,1.092783505154639,5,vit_large_patch16_224,ViT Large Patch 16 224,/Volumes/ssd/thesis_organization/ndb_ufes_data_organizer/results/phase2_tuning/phase2_all_results_vit_large_patch16_224_averaged.csv,8285.432592338258,0.3257626963731609,97,1.092783505154639,True
4,3,0.5186127218327689,6050.1655306794855,0.0,0.3313911921695405,0.0,61,61.0,79,79.0,1.2950819672131149,1.2950819672131149,5,vit_large_patch16_224,ViT Large Patch 16 224,/Volumes/ssd/thesis_organization/ndb_ufes_data_organizer/results/phase2_tuning/phase2_all_results_vit_large_patch16_224_averaged.csv,6050.1655306794855,0.3313911921695405,61,1.2950819672131149,True
4,4,0.5186127218327689,4894.08389886454,0.551313994239059,0.3337237107524743,0.0009567405800449,37,37.0,66,65.6,1.7837837837837838,1.772972972972973,5,vit_large_patch16_224,ViT Large Patch 16 224,/Volumes/ssd/thesis_organization/ndb_ufes_data_organizer/results/phase2_tuning/phase2_all_results_vit_large_patch16_224_averaged.csv,4894.08389886454,0.3337237107524743,37,1.7837837837837838,True
4,5,0.5186127218327689,4264.682743816401,9.452806777900452,0.332936507002537,0.0050565932614987,22,23.8,65,64.0,2.863636363636364,2.693060606060606,5,vit_large_patch16_224,ViT Large Patch 16 224,/Volumes/ssd/thesis_organization/ndb_ufes_data_organizer/results/phase2_tuning/phase2_all_results_vit_large_patch16_224_averaged.csv,4264.682743816401,0.332936507002537,22,2.863636363636364,True
4,6,0.5186127218327689,3749.470455643808,39.10457310068897,0.2961413530841891,0.0037530596130934,11,20.2,54,52.0,4.636363636363637,2.788636363636364,5,vit_large_patch16_224,ViT Large Patch 16 224,/Volumes/ssd/thesis_organization/ndb_ufes_data_organizer/results/phase2_tuning/phase2_all_results_vit_large_patch16_224_averaged.csv,3749.470455643808,0.2961413530841891,11,4.636363636363637,True
4,7,0.5186127218327689,3344.4689913890675,14.908760528356035,0.2799054975159801,0.0023954371273132,9,18.0,43,41.2,4.777777777777778,2.5650793650793653,5,vit_large_patch16_224,ViT Large Patch 16 224,/Volumes/ssd/thesis_organization/ndb_ufes_data_organizer/results/phase2_tuning/phase2_all_results_vit_large_patch16_224_averaged.csv,3344.4689913890675,0.2799054975159801,9,4.777777777777778,False
4,8,0.5186127218327689,2999.8551928277275,16.624514858050816,0.2878267764396697,0.005205227525507,14,16.0,41,38.8,2.9285714285714284,2.46922268907563,5,vit_large_patch16_224,ViT Large Patch 16 224,/Volumes/ssd/thesis_organization/ndb_ufes_data_organizer/results/phase2_tuning/phase2_all_results_vit_large_patch16_224_averaged.csv,2999.8551928277275,0.2878267764396697,14,2.9285714285714284,True
4,9,0.5186127218327689,2716.6782202305717,19.130450551272556,0.2856910247832224,0.0033456922794185,6,10.8,44,36.8,6.0,3.880555555555555,5,vit_large_patch16_224,ViT Large Patch 16 224,/Volumes/ssd/thesis_organization/ndb_ufes_data_organizer/results/phase2_tuning/phase2_all_results_vit_large_patch16_224_averaged.csv,2716.6782202305717,0.2856910247832224,6,6.0,False
5,2,0.5666520217657991,9439.31615352328,0.5519753626783848,0.298015095872965,0.0007380101539945,97,97.8,106,105.2,1.092783505154639,1.0758721232948036,5,vit_large_patch16_224,ViT Large Patch 16 224,/Volumes/ssd/thesis_organization/ndb_ufes_data_organizer/results/phase2_tuning/phase2_all_results_vit_large_patch16_224_averaged.csv,9439.31615352328,0.298015095872965,97,1.092783505154639,True
5,3,0.5666520217657991,7190.974016993411,0.0,0.2928969646792337,0.0,57,57.0,79,79.0,1.3859649122807018,1.3859649122807018,5,vit_large_patch16_224,ViT Large Patch 16 224,/Volumes/ssd/thesis_organization/ndb_ufes_data_organizer/results/phase2_tuning/phase2_all_results_vit_large_patch16_224_averaged.csv,7190.974016993411,0.2928969646792337,57,1.3859649122807018,True
5,4,0.5666520217657991,6029.245193366761,4.220449872161709,0.2950109201254287,0.0003908118321302,36,37.2,67,65.2,1.8611111111111112,1.7572649572649577,5,vit_large_patch16_224,ViT Large Patch 16 224,/Volumes/ssd/thesis_organization/ndb_ufes_data_organizer/results/phase2_tuning/phase2_all_results_vit_large_patch16_224_averaged.csv,6029.245193366761,0.2950109201254287,36,1.8611111111111112,True
5,5,0.5666520217657991,5333.261223970001,13.56786864512412,0.293382704347821,0.0035379600947329,22,23.4,67,63.2,2.9130434782608696,2.708790513833992,5,vit_large_patch16_224,ViT Large Patch 16 224,/Volumes/ssd/thesis_organization/ndb_ufes_data_organizer/results/phase2_tuning/phase2_all_results_vit_large_patch16_224_averaged.csv,5333.261223970001,0.293382704347821,22,2.9130434782608696,True
5,6,0.5666520217657991,4723.467114896404,31.99276636695823,0.2827587091155656,0.0071133629708324,15,20.8,55,52.6,3.6,2.612909090909091,5,vit_large_patch16_224,ViT Large Patch 16 224,/Volumes/ssd/thesis_organization/ndb_ufes_data_organizer/results/phase2_tuning/phase2_all_results_vit_large_patch16_224_averaged.csv,4723.467114896404,0.2827587091155656,15,3.6,True
5,7,0.5666520217657991,4254.52639763982,40.27123195449015,0.2778364263927993,0.0076727912711087,10,16.8,54,48.6,4.5,3.0488888888888885,5,vit_large_patch16_224,ViT Large Patch 16 224,/Volumes/ssd/thesis_organization/ndb_ufes_data_organizer/results/phase2_tuning/phase2_all_results_vit_large_patch16_224_averaged.csv,4254.52639763982,0.2778364263927993,10,4.5,False
5,8,0.5666520217657991,3833.2295581355856,51.30400984783015,0.2639582527503911,0.0025629457811308,9,13.6,43,39.8,4.444444444444445,3.101538461538462,5,vit_large_patch16_224,ViT Large Patch 16 224,/Volumes/ssd/thesis_organization/ndb_ufes_data_organizer/results/phase2_tuning/phase2_all_results_vit_large_patch16_224_averaged.csv,3833.2295581355856,0.2639582527503911,9,4.444444444444445,False
5,9,0.5666520217657991,3465.2337928195616,13.124126706392447,0.2692322152800003,0.0074673642787246,13,14.4,42,35.8,3.1538461538461537,2.503733031674208,5,vit_large_patch16_224,ViT Large Patch 16 224,/Volumes/ssd/thesis_organization/ndb_ufes_data_organizer/results/phase2_tuning/phase2_all_results_vit_large_patch16_224_averaged.csv,3465.2337928195616,0.2692322152800003,13,3.1538461538461537,True
6,2,0.6056890430943889,10371.356881902742,0.0,0.2817626946831343,0.0,100,100.0,103,103.0,1.03,1.03,5,vit_large_patch16_224,ViT Large Patch 16 224,/Volumes/ssd/thesis_organization/ndb_ufes_data_organizer/results/phase2_tuning/phase2_all_results_vit_large_patch16_224_averaged.csv,10371.356881902742,0.2817626946831343,100,1.03,True
6,3,0.6056890430943889,8117.640228022656,0.0,0.2688656483764845,0.0,57,57.0,80,80.0,1.4035087719298245,1.4035087719298245,5,vit_large_patch16_224,ViT Large Patch 16 224,/Volumes/ssd/thesis_organization/ndb_ufes_data_organizer/results/phase2_tuning/phase2_all_results_vit_large_patch16_224_averaged.csv,8117.640228022656,0.2688656483764845,57,1.4035087719298245,True
6,4,0.6056890430943889,6861.406644774351,0.4792816275984947,0.27542610707082,0.0007760284219258,35,35.8,67,66.6,1.9142857142857144,1.8606349206349209,5,vit_large_patch16_224,ViT Large Patch 16 224,/Volumes/ssd/thesis_organization/ndb_ufes_data_organizer/results/phase2_tuning/phase2_all_results_vit_large_patch16_224_averaged.csv,6861.406644774351,0.27542610707082,35,1.9142857142857144,True
6,5,0.6056890430943889,6181.080916516815,42.48354436337916,0.2718060618614685,0.0093213014437935,11,21.0,67,61.2,6.090909090909091,3.271849446849447,5,vit_large_patch16_224,ViT Large Patch 16 224,/Volumes/ssd/thesis_organization/ndb_ufes_data_organizer/results/phase2_tuning/phase2_all_results_vit_large_patch16_224_averaged.csv,6181.080916516815,0.2718060618614685,11,6.090909090909091,False
6,6,0.6056890430943889,5509.5640272448345,41.09435634801787,0.2624383724091301,0.0076677663239793,22,22.0,54,54.0,2.4545454545454546,2.4545454545454546,5,vit_large_patch16_224,ViT Large Patch 16 224,/Volumes/ssd/thesis_organization/ndb_ufes_data_organizer/results/phase2_tuning/phase2_all_results_vit_large_patch16_224_averaged.csv,5509.5640272448345,0.2624383724091301,22,2.4545454545454546,True
6,7,0.6056890430943889,5013.713822190463,12.900488557445897,0.2654427223565744,0.0031375872776563,15,17.6,55,53.8,3.466666666666667,3.0722807017543863,5,vit_large_patch16_224,ViT Large Patch 16 224,/Volumes/ssd/thesis_organization/ndb_ufes_data_organizer/results/phase2_tuning/phase2_all_results_vit_large_patch16_224_averaged.csv,5013.713822190463,0.2654427223565744,15,3.466666666666667,True
6,8,0.6056890430943889,4649.793805067311,50.36006983892757,0.2441412565006294,0.0119043349212431,12,14.8,54,43.2,4.5,3.0504273504273507,5,vit_large_patch16_224,ViT Large Patch 16 224,/Volumes/ssd/thesis_organization/ndb_ufes_data_organizer/results/phase2_tuning/phase2_all_results_vit_large_patch16_224_averaged.csv,4649.793805067311,0.2441412565006294,12,4.5,True
6,9,0.6056890430943889,4262.232584743276,9.289353377133134,0.2388638562492493,0.0072314946489126,11,13.2,42,36.4,3.5,2.824722336487042,5,vit_large_patch16_224,ViT Large Patch 16 224,/Volumes/ssd/thesis_organization/ndb_ufes_data_organizer/results/phase2_tuning/phase2_all_results_vit_large_patch16_224_averaged.csv,4262.232584743276,0.2388638562492493,11,3.5,True
7,2,0.6337977775228243,11046.301933851704,0.0,0.2691737423348485,0.0,100,100.0,103,103.0,1.03,1.03,5,vit_large_patch16_224,ViT Large Patch 16 224,/Volumes/ssd/thesis_organization/ndb_ufes_data_organizer/results/phase2_tuning/phase2_all_results_vit_large_patch16_224_averaged.csv,11046.301933851704,0.2691737423348485,100,1.03,True
7,3,0.6337977775228243,8758.258890688297,0.7480110047427666,0.2574571358776844,2.9240053190525997e-05,59,59.0,80,79.2,1.3559322033898304,1.342372881355932,5,vit_large_patch16_224,ViT Large Patch 16 224,/Volumes/ssd/thesis_organization/ndb_ufes_data_organizer/results/phase2_tuning/phase2_all_results_vit_large_patch16_224_averaged.csv,8758.258890688297,0.2574571358776844,59,1.3559322033898304,True
7,4,0.6337977775228243,7374.087264984252,0.5013461577160244,0.2728660691178401,0.0004035137113061,36,36.8,67,66.2,1.8611111111111112,1.7992492492492491,5,vit_large_patch16_224,ViT Large Patch 16 224,/Volumes/ssd/thesis_organization/ndb_ufes_data_organizer/results/phase2_tuning/phase2_all_results_vit_large_patch16_224_averaged.csv,7374.087264984252,0.2728660691178401,36,1.8611111111111112,True
7,5,0.6337977775228243,6643.895892633722,15.941891467465693,0.2706199398647186,0.0056289362798184,21,22.2,66,66.0,3.142857142857143,2.9763975155279505,5,vit_large_patch16_224,ViT Large Patch 16 224,/Volumes/ssd/thesis_organization/ndb_ufes_data_organizer/results/phase2_tuning/phase2_all_results_vit_large_patch16_224_averaged.csv,6643.895892633722,0.2706199398647186,21,3.142857142857143,True
7,6,0.6337977775228243,6015.745287346647,37.68436842069225,0.2523938187390996,0.0056215967275934,21,21.8,55,55.0,2.619047619047619,2.5238095238095237,5,vit_large_patch16_224,ViT Large Patch 16 224,/Volumes/ssd/thesis_organization/ndb_ufes_data_organizer/results/phase2_tuning/phase2_all_results_vit_large_patch16_224_averaged.csv,6015.745287346647,0.2523938187390996,21,2.619047619047619,True
7,7,0.6337977775228243,5558.038086841907,10.4462545328364,0.2416229539584786,0.0137700202843111,11,17.0,52,44.0,4.7272727272727275,2.8186291486291486,5,vit_large_patch16_224,ViT Large Patch 16 224,/Volumes/ssd/thesis_organization/ndb_ufes_data_organizer/results/phase2_tuning/phase2_all_results_vit_large_patch16_224_averaged.csv,5558.038086841907,0.2416229539584786,11,4.7272727272727275,True
7,8,0.6337977775228243,5114.557128391134,16.82319525556177,0.2304110035521746,0.0060815579693081,10,13.2,43,40.0,4.3,3.2850877192982457,5,vit_large_patch16_224,ViT Large Patch 16 224,/Volumes/ssd/thesis_organization/ndb_ufes_data_organizer/results/phase2_tuning/phase2_all_results_vit_large_patch16_224_averaged.csv,5114.557128391134,0.2304110035521746,10,4.3,False
7,9,0.6337977775228243,4757.763466500729,21.1900986108521,0.2282764005846652,0.0074679087511389,10,11.2,42,36.8,3.5,3.291305361305361,5,vit_large_patch16_224,ViT Large Patch 16 224,/Volumes/ssd/thesis_organization/ndb_ufes_data_organizer/results/phase2_tuning/phase2_all_results_vit_large_patch16_224_averaged.csv,4757.763466500729,0.2282764005846652,10,3.5,False
8,2,0.6565075563466212,11591.822877673249,0.0,0.2588408998545239,0.0,100,100.0,103,103.0,1.03,1.03,5,vit_large_patch16_224,ViT Large Patch 16 224,/Volumes/ssd/thesis_organization/ndb_ufes_data_organizer/results/phase2_tuning/phase2_all_results_vit_large_patch16_224_averaged.csv,11591.822877673249,0.2588408998545239,100,1.03,True
8,3,0.6565075563466212,9303.344367213744,0.748164539503746,0.2454811917793906,4.953935525943258e-05,59,59.0,80,79.2,1.3559322033898304,1.342372881355932,5,vit_large_patch16_224,ViT Large Patch 16 224,/Volumes/ssd/thesis_organization/ndb_ufes_data_organizer/results/phase2_tuning/phase2_all_results_vit_large_patch16_224_averaged.csv,9303.344367213744,0.2454811917793906,59,1.3559322033898304,True
8,4,0.6565075563466212,7909.897939817989,0.0,0.2599751945296809,0.0,37,37.0,66,66.0,1.7837837837837838,1.7837837837837838,5,vit_large_patch16_224,ViT Large Patch 16 224,/Volumes/ssd/thesis_organization/ndb_ufes_data_organizer/results/phase2_tuning/phase2_all_results_vit_large_patch16_224_averaged.csv,7909.897939817989,0.2599751945296809,37,1.7837837837837838,True
8,5,0.6565075563466212,7193.468485488789,64.85033562380158,0.2560762671718138,0.0110700234150218,22,22.2,66,64.4,3.0,2.9043478260869566,5,vit_large_patch16_224,ViT Large Patch 16 224,/Volumes/ssd/thesis_organization/ndb_ufes_data_organizer/results/phase2_tuning/phase2_all_results_vit_large_patch16_224_averaged.csv,7193.468485488789,0.2560762671718138,22,3.0,True
8,6,0.6565075563466212,6547.807506474614,26.337592377645382,0.2390941179482124,0.0069007064045146,21,21.8,55,55.0,2.619047619047619,2.5238095238095237,5,vit_large_patch16_224,ViT Large Patch 16 224,/Volumes/ssd/thesis_organization/ndb_ufes_data_organizer/results/phase2_tuning/phase2_all_results_vit_large_patch16_224_averaged.csv,6547.807506474614,0.2390941179482124,21,2.619047619047619,True
8,7,0.6565075563466212,6105.704289908737,40.01789916279308,0.2252645996542748,0.0112816555617963,10,14.6,55,45.8,4.454545454545454,3.3209090909090913,5,vit_large_patch16_224,ViT Large Patch 16 224,/Volumes/ssd/thesis_organization/ndb_ufes_data_organizer/results/phase2_tuning/phase2_all_results_vit_large_patch16_224_averaged.csv,6105.704289908737,0.2252645996542748,10,4.454545454545454,False
8,8,0.6565075563466212,5640.158677233204,51.61387638882986,0.2154246145935663,0.0060622630753972,12,14.6,43,37.8,3.4166666666666665,2.6411484593837535,5,vit_large_patch16_224,ViT Large Patch 16 224,/Volumes/ssd/thesis_organization/ndb_ufes_data_organizer/results/phase2_tuning/phase2_all_results_vit_large_patch16_224_averaged.csv,5640.158677233204,0.2154246145935663,12,3.4166666666666665,True
8,9,0.6565075563466212,5268.689431325107,31.602952048935297,0.2179170937465311,0.0046374316073279,10,12.4,43,40.0,4.3,3.2949816849816846,5,vit_large_patch16_224,ViT Large Patch 16 224,/Volumes/ssd/thesis_organization/ndb_ufes_data_organizer/results/phase2_tuning/phase2_all_results_vit_large_patch16_224_averaged.csv,5268.689431325107,0.2179170937465311,10,4.3,False
10,2,0.6929631681126316,12466.897683975778,0.0,0.2441703683396331,0.0,100,100.0,103,103.0,1.03,1.03,5,vit_large_patch16_224,ViT Large Patch 16 224,/Volumes/ssd/thesis_organization/ndb_ufes_data_organizer/results/phase2_tuning/phase2_all_results_vit_large_patch16_224_averaged.csv,12466.897683975778,0.2441703683396331,100,1.03,True
10,3,0.6929631681126316,10172.45077090932,3.673031117855808,0.2308118623464087,0.000830084579578,59,59.4,81,80.6,1.3728813559322033,1.3573214781883856,5,vit_large_patch16_224,ViT Large Patch 16 224,/Volumes/ssd/thesis_organization/ndb_ufes_data_organizer/results/phase2_tuning/phase2_all_results_vit_large_patch16_224_averaged.csv,10172.45077090932,0.2308118623464087,59,1.3728813559322033,True
10,4,0.6929631681126316,8769.273222048492,0.0553616567242536,0.2422100293421372,0.0001276814659276,36,36.6,67,66.4,1.8611111111111112,1.814714714714715,5,vit_large_patch16_224,ViT Large Patch 16 224,/Volumes/ssd/thesis_organization/ndb_ufes_data_organizer/results/phase2_tuning/phase2_all_results_vit_large_patch16_224_averaged.csv,8769.273222048492,0.2422100293421372,36,1.8611111111111112,True
10,5,0.6929631681126316,8038.426034423983,36.87360525766982,0.2355314960141794,0.0120753034164815,21,23.6,66,64.4,3.142857142857143,2.819642857142857,5,vit_large_patch16_224,ViT Large Patch 16 224,/Volumes/ssd/thesis_organization/ndb_ufes_data_organizer/results/phase2_tuning/phase2_all_results_vit_large_patch16_224_averaged.csv,8038.426034423983,0.2355314960141794,21,3.142857142857143,True
10,6,0.6929631681126316,7393.80659347843,12.155439882248816,0.2219513122417584,0.0077199820094646,11,19.0,55,52.0,4.909090909090909,2.9560036454773297,5,vit_large_patch16_224,ViT Large Patch 16 224,/Volumes/ssd/thesis_organization/ndb_ufes_data_organizer/results/phase2_tuning/phase2_all_results_vit_large_patch16_224_averaged.csv,7393.80659347843,0.2219513122417584,11,4.909090909090909,True
10,7,0.6929631681126316,6910.618998759123,37.42048446958437,0.2020653138823518,0.0147363650488356,15,18.0,55,43.8,3.235294117647059,2.467058823529412,5,vit_large_patch16_224,ViT Large Patch 16 224,/Volumes/ssd/thesis_organization/ndb_ufes_data_organizer/results/phase2_tuning/phase2_all_results_vit_large_patch16_224_averaged.csv,6910.618998759123,0.2020653138823518,15,3.235294117647059,True
10,8,0.6929631681126316,6434.131690934579,27.47216224914329,0.1999886514486342,0.0042950982457235,10,12.2,39,35.6,3.9,3.0111038961038963,5,vit_large_patch16_224,ViT Large Patch 16 224,/Volumes/ssd/thesis_organization/ndb_ufes_data_organizer/results/phase2_tuning/phase2_all_results_vit_large_patch16_224_averaged.csv,6434.131690934579,0.1999886514486342,10,3.9,False
10,9,0.6929631681126316,6065.146472513416,20.89515907043655,0.1986915257220805,0.0035447092254707,9,11.8,38,35.2,3.888888888888889,3.039316239316239,5,vit_large_patch16_224,ViT Large Patch 16 224,/Volumes/ssd/thesis_organization/ndb_ufes_data_organizer/results/phase2_tuning/phase2_all_results_vit_large_patch16_224_averaged.csv,6065.146472513416,0.1986915257220805,9,3.888888888888889,False
12,2,0.7251182210794749,13238.223763120064,0.0,0.233421949626803,0.0,100,100.0,103,103.0,1.03,1.03,5,vit_large_patch16_224,ViT Large Patch 16 224,/Volumes/ssd/thesis_organization/ndb_ufes_data_organizer/results/phase2_tuning/phase2_all_results_vit_large_patch16_224_averaged.csv,13238.223763120064,0.233421949626803,100,1.03,True
12,3,0.7251182210794749,10912.193875502457,0.0703056376323757,0.2197947265367218,0.0002736303103522,58,58.2,79,79.0,1.362068965517241,1.3574517825832846,5,vit_large_patch16_224,ViT Large Patch 16 224,/Volumes/ssd/thesis_organization/ndb_ufes_data_organizer/results/phase2_tuning/phase2_all_results_vit_large_patch16_224_averaged.csv,10912.193875502457,0.2197947265367218,58,1.362068965517241,True
12,4,0.7251182210794749,9465.60108131587,0.7949241139949131,0.2317199901616385,0.0004491627201902,35,35.8,67,67.0,1.9142857142857144,1.871746031746032,5,vit_large_patch16_224,ViT Large Patch 16 224,/Volumes/ssd/thesis_organization/ndb_ufes_data_organizer/results/phase2_tuning/phase2_all_results_vit_large_patch16_224_averaged.csv,9465.60108131587,0.2317199901616385,35,1.9142857142857144,True
12,5,0.7251182210794749,8699.335048071282,14.99911448219034,0.2293425094328015,0.0032654029362918,21,21.0,67,67.0,3.1904761904761907,3.1904761904761907,5,vit_large_patch16_224,ViT Large Patch 16 224,/Volumes/ssd/thesis_organization/ndb_ufes_data_organizer/results/phase2_tuning/phase2_all_results_vit_large_patch16_224_averaged.csv,8699.335048071282,0.2293425094328015,21,3.1904761904761907,True
12,6,0.7251182210794749,8040.952132130209,24.26595359101264,0.2093100110595556,0.0057255984114806,21,21.8,55,53.2,2.5714285714285716,2.4415584415584415,5,vit_large_patch16_224,ViT Large Patch 16 224,/Volumes/ssd/thesis_organization/ndb_ufes_data_organizer/results/phase2_tuning/phase2_all_results_vit_large_patch16_224_averaged.csv,8040.952132130209,0.2093100110595556,21,2.5714285714285716,True
12,7,0.7251182210794749,7576.770238194955,26.06468267988648,0.1941103487058454,0.0120185123594589,11,15.8,52,42.8,4.7272727272727275,2.92974025974026,5,vit_large_patch16_224,ViT Large Patch 16 224,/Volumes/ssd/thesis_organization/ndb_ufes_data_organizer/results/phase2_tuning/phase2_all_results_vit_large_patch16_224_averaged.csv,7576.770238194955,0.1941103487058454,11,4.7272727272727275,True
12,8,0.7251182210794749,7087.322333909926,32.487790391090705,0.1890660564680817,0.0042441333541824,10,14.0,43,39.0,4.3,2.983931623931624,5,vit_large_patch16_224,ViT Large Patch 16 224,/Volumes/ssd/thesis_organization/ndb_ufes_data_organizer/results/phase2_tuning/phase2_all_results_vit_large_patch16_224_averaged.csv,7087.322333909926,0.1890660564680817,10,4.3,False
12,9,0.7251182210794749,6690.326755650449,24.560658477664237,0.1855097680927268,0.004264675084403,10,11.8,46,35.2,4.6,3.0661538461538465,5,vit_large_patch16_224,ViT Large Patch 16 224,/Volumes/ssd/thesis_organization/ndb_ufes_data_organizer/results/phase2_tuning/phase2_all_results_vit_large_patch16_224_averaged.csv,6690.326755650449,0.1855097680927268,10,4.6,False
15,2,0.7611350355349755,14101.392350359883,0.0,0.2214422734336919,0.0,100,100.0,103,103.0,1.03,1.03,5,vit_large_patch16_224,ViT Large Patch 16 224,/Volumes/ssd/thesis_organization/ndb_ufes_data_organizer/results/phase2_tuning/phase2_all_results_vit_large_patch16_224_averaged.csv,14101.392350359883,0.2214422734336919,100,1.03,True
15,3,0.7611350355349755,11776.996925240825,7.894398817867229,0.2073916244145074,0.0007424710472132,58,59.0,81,79.4,1.396551724137931,1.3463337517126406,5,vit_large_patch16_224,ViT Large Patch 16 224,/Volumes/ssd/thesis_organization/ndb_ufes_data_organizer/results/phase2_tuning/phase2_all_results_vit_large_patch16_224_averaged.csv,11776.996925240825,0.2073916244145074,58,1.396551724137931,True
15,4,0.7611350355349755,10321.804836245065,0.0,0.2167707173477578,0.0,36,36.0,67,67.0,1.8611111111111112,1.8611111111111112,5,vit_large_patch16_224,ViT Large Patch 16 224,/Volumes/ssd/thesis_organization/ndb_ufes_data_organizer/results/phase2_tuning/phase2_all_results_vit_large_patch16_224_averaged.csv,10321.804836245065,0.2167707173477578,36,1.8611111111111112,True
15,5,0.7611350355349755,9545.715020052075,13.44005047394622,0.2150739128121183,0.0016729284629507,14,18.4,67,67.0,4.785714285714286,3.7995670995671,5,vit_large_patch16_224,ViT Large Patch 16 224,/Volumes/ssd/thesis_organization/ndb_ufes_data_organizer/results/phase2_tuning/phase2_all_results_vit_large_patch16_224_averaged.csv,9545.715020052075,0.2150739128121183,14,4.785714285714286,True
15,6,0.7611350355349755,8866.511125830493,26.085430497751748,0.2017139884388137,0.0053125204211186,15,19.6,55,53.2,3.533333333333333,2.7665664160401,5,vit_large_patch16_224,ViT Large Patch 16 224,/Volumes/ssd/thesis_organization/ndb_ufes_data_organizer/results/phase2_tuning/phase2_all_results_vit_large_patch16_224_averaged.csv,8866.511125830493,0.2017139884388137,15,3.533333333333333,True
15,7,0.7611350355349755,8383.318231215762,32.52059962144262,0.185908932585527,0.012121487444645,11,14.2,54,47.6,4.636363636363637,3.4248971616618675,5,vit_large_patch16_224,ViT Large Patch 16 224,/Volumes/ssd/thesis_organization/ndb_ufes_data_organizer/results/phase2_tuning/phase2_all_results_vit_large_patch16_224_averaged.csv,8383.318231215762,0.185908932585527,11,4.636363636363637,True
15,8,0.7611350355349755,7902.892454875619,34.62501490820656,0.1719429497752004,0.0028109472289585,10,14.2,38,35.4,3.4,2.58,5,vit_large_patch16_224,ViT Large Patch 16 224,/Volumes/ssd/thesis_organization/ndb_ufes_data_organizer/results/phase2_tuning/phase2_all_results_vit_large_patch16_224_averaged.csv,7902.892454875619,0.1719429497752004,10,3.4,False
15,9,0.7611350355349755,7486.829378194258,41.0560011923385,0.1723867604791941,0.0047663809549097,13,14.2,43,35.0,3.3076923076923075,2.482967032967033,5,vit_large_patch16_224,ViT Large Patch 16 224,/Volumes/ssd/thesis_organization/ndb_ufes_data_organizer/results/phase2_tuning/phase2_all_results_vit_large_patch16_224_averaged.csv,7486.829378194258,0.1723867604791941,13,3.3076923076923075,True
18,2,0.7913380969185181,14825.617145496555,0.0,0.2130558351493499,0.0,100,100.0,103,103.0,1.03,1.03,5,vit_large_patch16_224,ViT Large Patch 16 224,/Volumes/ssd/thesis_organization/ndb_ufes_data_organizer/results/phase2_tuning/phase2_all_results_vit_large_patch16_224_averaged.csv,14825.617145496555,0.2130558351493499,100,1.03,True
18,3,0.7913380969185181,12493.623834081462,2.1239281893430233,0.1980397552355727,0.0002238605555406,58,58.2,81,80.2,1.396551724137931,1.3781414377556984,5,vit_large_patch16_224,ViT Large Patch 16 224,/Volumes/ssd/thesis_organization/ndb_ufes_data_organizer/results/phase2_tuning/phase2_all_results_vit_large_patch16_224_averaged.csv,12493.623834081462,0.1980397552355727,58,1.396551724137931,True
18,4,0.7913380969185181,11037.818070146895,0.7747335313179525,0.2062796987122973,0.0003433132637491,36,36.0,67,67.0,1.8611111111111112,1.8611111111111112,5,vit_large_patch16_224,ViT Large Patch 16 224,/Volumes/ssd/thesis_organization/ndb_ufes_data_organizer/results/phase2_tuning/phase2_all_results_vit_large_patch16_224_averaged.csv,11037.818070146895,0.2062796987122973,36,1.8611111111111112,True
18,5,0.7913380969185181,10243.202530824,7.687641470268187,0.2055712256324357,0.0013317668969009,20,20.8,67,67.0,3.35,3.2252813852813853,5,vit_large_patch16_224,ViT Large Patch 16 224,/Volumes/ssd/thesis_organization/ndb_ufes_data_organizer/results/phase2_tuning/phase2_all_results_vit_large_patch16_224_averaged.csv,10243.202530824,0.2055712256324357,20,3.35,True
18,6,0.7913380969185181,9571.030157764166,13.74141717740922,0.1882146668554075,0.0068201271571148,10,17.4,56,52.0,5.2,3.267965367965368,5,vit_large_patch16_224,ViT Large Patch 16 224,/Volumes/ssd/thesis_organization/ndb_ufes_data_organizer/results/phase2_tuning/phase2_all_results_vit_large_patch16_224_averaged.csv,9571.030157764166,0.1882146668554075,10,5.2,False
18,7,0.7913380969185181,9055.524031063194,38.84216741619002,0.1828936059394667,0.0048654977623714,12,15.0,52,49.4,4.333333333333333,3.443333333333334,5,vit_large_patch16_224,ViT Large Patch 16 224,/Volumes/ssd/thesis_organization/ndb_ufes_data_organizer/results/phase2_tuning/phase2_all_results_vit_large_patch16_224_averaged.csv,9055.524031063194,0.1828936059394667,12,4.333333333333333,True
18,8,0.7913380969185181,8614.984014674137,28.4305907093914,0.1676816167352187,0.0067371887065277,13,15.6,51,40.8,3.642857142857143,2.7018057965426387,5,vit_large_patch16_224,ViT Large Patch 16 224,/Volumes/ssd/thesis_organization/ndb_ufes_data_organizer/results/phase2_tuning/phase2_all_results_vit_large_patch16_224_averaged.csv,8614.984014674137,0.1676816167352187,13,3.642857142857143,True
18,9,0.7913380969185181,8207.948754492774,58.39627381103246,0.1620348015324992,0.004489813978539,8,10.2,44,39.0,4.555555555555555,3.867929292929293,5,vit_large_patch16_224,ViT Large Patch 16 224,/Volumes/ssd/thesis_organization/ndb_ufes_data_organizer/results/phase2_tuning/phase2_all_results_vit_large_patch16_224_averaged.csv,8207.948754492774,0.1620348015324992,8,4.555555555555555,False
20,2,0.8078628927709965,15221.83452385018,0.0,0.2087519600772885,0.0,100,100.0,103,103.0,1.03,1.03,5,vit_large_patch16_224,ViT Large Patch 16 224,/Volumes/ssd/thesis_organization/ndb_ufes_data_organizer/results/phase2_tuning/phase2_all_results_vit_large_patch16_224_averaged.csv,15221.83452385018,0.2087519600772885,100,1.03,True
20,3,0.8078628927709965,12891.350732364004,7.9167838841133715,0.1935927914158962,0.0006372150714416,58,59.2,81,79.8,1.3728813559322033,1.348379339088444,5,vit_large_patch16_224,ViT Large Patch 16 224,/Volumes/ssd/thesis_organization/ndb_ufes_data_organizer/results/phase2_tuning/phase2_all_results_vit_large_patch16_224_averaged.csv,12891.350732364004,0.1935927914158962,58,1.3728813559322033,True
20,4,0.8078628927709965,11429.883701552244,0.0,0.2009313975622623,0.0,36,36.0,67,67.0,1.8611111111111112,1.8611111111111112,5,vit_large_patch16_224,ViT Large Patch 16 224,/Volumes/ssd/thesis_organization/ndb_ufes_data_organizer/results/phase2_tuning/phase2_all_results_vit_large_patch16_224_averaged.csv,11429.883701552244,0.2009313975622623,36,1.8611111111111112,True
20,5,0.8078628927709965,10641.135975475394,11.439246318154678,0.199123827045888,0.001235874208286,20,21.0,67,67.0,3.35,3.193376623376623,5,vit_large_patch16_224,ViT Large Patch 16 224,/Volumes/ssd/thesis_organization/ndb_ufes_data_organizer/results/phase2_tuning/phase2_all_results_vit_large_patch16_224_averaged.csv,10641.135975475394,0.199123827045888,20,3.35,True
20,6,0.8078628927709965,9964.46730078726,19.92092283099634,0.1811582635560725,0.0067084484722234,14,19.4,55,52.2,3.642857142857143,2.7587445887445887,5,vit_large_patch16_224,ViT Large Patch 16 224,/Volumes/ssd/thesis_organization/ndb_ufes_data_organizer/results/phase2_tuning/phase2_all_results_vit_large_patch16_224_averaged.csv,9964.46730078726,0.1811582635560725,14,3.642857142857143,True
20,7,0.8078628927709965,9483.879940417126,47.0223325147971,0.1678573729844826,0.0089367556307391,11,16.8,55,45.2,5.0,2.909389282028601,5,vit_large_patch16_224,ViT Large Patch 16 224,/Volumes/ssd/thesis_organization/ndb_ufes_data_organizer/results/phase2_tuning/phase2_all_results_vit_large_patch16_224_averaged.csv,9483.879940417126,0.1678573729844826,11,5.0,True
20,8,0.8078628927709965,9019.008621597706,32.7986703563051,0.1599173771308285,0.0050991416475904,11,14.0,44,40.6,4.0,2.9916971916971917,5,vit_large_patch16_224,ViT Large Patch 16 224,/Volumes/ssd/thesis_organization/ndb_ufes_data_organizer/results/phase2_tuning/phase2_all_results_vit_large_patch16_224_averaged.csv,9019.008621597706,0.1599173771308285,11,4.0,True
20,9,0.8078628927709965,8535.223240739118,37.07603816166139,0.1598649655335024,0.0035808727217586,8,12.6,42,36.2,3.875,2.9574175824175826,5,vit_large_patch16_224,ViT Large Patch 16 224,/Volumes/ssd/thesis_organization/ndb_ufes_data_organizer/results/phase2_tuning/phase2_all_results_vit_large_patch16_224_averaged.csv,8535.223240739118,0.1598649655335024,8,3.875,False
25,2,0.8388743105473393,15966.789580679815,0.0,0.2006474176263421,0.0,100,100.0,103,103.0,1.03,1.03,5,vit_large_patch16_224,ViT Large Patch 16 224,/Volumes/ssd/thesis_organization/ndb_ufes_data_organizer/results/phase2_tuning/phase2_all_results_vit_large_patch16_224_averaged.csv,15966.789580679815,0.2006474176263421,100,1.03,True
25,3,0.8388743105473393,13630.61622574987,5.219463217262286,0.1839510068830472,0.0007983788514897,55,58.0,81,79.8,1.4727272727272729,1.3771287391743263,5,vit_large_patch16_224,ViT Large Patch 16 224,/Volumes/ssd/thesis_organization/ndb_ufes_data_organizer/results/phase2_tuning/phase2_all_results_vit_large_patch16_224_averaged.csv,13630.61622574987,0.1839510068830472,55,1.4727272727272729,True
25,4,0.8388743105473393,12162.2692648553,0.3332741094127065,0.1914794775555763,0.0002950084032751,36,36.0,67,67.0,1.8611111111111112,1.8611111111111112,5,vit_large_patch16_224,ViT Large Patch 16 224,/Volumes/ssd/thesis_organization/ndb_ufes_data_organizer/results/phase2_tuning/phase2_all_results_vit_large_patch16_224_averaged.csv,12162.2692648553,0.1914794775555763,36,1.8611111111111112,True
25,5,0.8388743105473393,11366.803981254652,10.311369024414006,0.189512857446717,0.0008698362590866,14,19.6,67,67.0,4.785714285714286,3.5124242424242427,5,vit_large_patch16_224,ViT Large Patch 16 224,/Volumes/ssd/thesis_organization/ndb_ufes_data_organizer/results/phase2_tuning/phase2_all_results_vit_large_patch16_224_averaged.csv,11366.803981254652,0.189512857446717,14,4.785714285714286,True
25,6,0.8388743105473393,10683.851375910574,15.154632534835915,0.1731674078811944,0.0062644441814856,14,20.2,54,50.4,3.642857142857143,2.585887445887446,5,vit_large_patch16_224,ViT Large Patch 16 224,/Volumes/ssd/thesis_organization/ndb_ufes_data_organizer/results/phase2_tuning/phase2_all_results_vit_large_patch16_224_averaged.csv,10683.851375910574,0.1731674078811944,14,3.642857142857143,True
25,7,0.8388743105473393,10184.7809662535,49.39913816886784,0.1580351393815934,0.0094700770207887,10,16.8,52,42.2,4.2,2.7142857142857144,5,vit_large_patch16_224,ViT Large Patch 16 224,/Volumes/ssd/thesis_organization/ndb_ufes_data_organizer/results/phase2_tuning/phase2_all_results_vit_large_patch16_224_averaged.csv,10184.7809662535,0.1580351393815934,10,4.2,False
25,8,0.8388743105473393,9702.056369940035,46.90706996324126,0.1529469035696899,0.0049959711573462,7,12.0,45,36.8,6.428571428571429,3.560714285714286,5,vit_large_patch16_224,ViT Large Patch 16 224,/Volumes/ssd/thesis_organization/ndb_ufes_data_organizer/results/phase2_tuning/phase2_all_results_vit_large_patch16_224_averaged.csv,9702.056369940035,0.1529469035696899,7,6.428571428571429,False
25,9,0.8388743105473393,9269.081358189946,57.19535772877133,0.1502635522863427,0.0036146836557531,6,11.0,43,39.2,5.166666666666667,3.74915750915751,5,vit_large_patch16_224,ViT Large Patch 16 224,/Volumes/ssd/thesis_organization/ndb_ufes_data_organizer/results/phase2_tuning/phase2_all_results_vit_large_patch16_224_averaged.csv,9269.081358189946,0.1502635522863427,6,5.166666666666667,False
30,2,0.8615895367137849,16512.395313734625,0.0,0.1952123786134123,0.0,100,100.0,103,103.0,1.03,1.03,5,vit_large_patch16_224,ViT Large Patch 16 224,/Volumes/ssd/thesis_organization/ndb_ufes_data_organizer/results/phase2_tuning/phase2_all_results_vit_large_patch16_224_averaged.csv,16512.395313734625,0.1952123786134123,100,1.03,True
30,3,0.8615895367137849,14176.57985906673,8.714199018996105,0.1783704727906401,0.0007311079799639,58,59.0,79,79.0,1.362068965517241,1.3394371999885026,5,vit_large_patch16_224,ViT Large Patch 16 224,/Volumes/ssd/thesis_organization/ndb_ufes_data_organizer/results/phase2_tuning/phase2_all_results_vit_large_patch16_224_averaged.csv,14176.57985906673,0.1783704727906401,58,1.362068965517241,True
30,4,0.8615895367137849,12705.450604967536,0.4357230953078391,0.1847371077664455,0.0003533679269427,36,36.0,67,67.0,1.8611111111111112,1.8611111111111112,5,vit_large_patch16_224,ViT Large Patch 16 224,/Volumes/ssd/thesis_organization/ndb_ufes_data_organizer/results/phase2_tuning/phase2_all_results_vit_large_patch16_224_averaged.csv,12705.450604967536,0.1847371077664455,36,1.8611111111111112,True
30,5,0.8615895367137849,11922.804324251494,11.098430627954148,0.1806718456802316,0.002994450157637,14,19.8,67,66.6,4.714285714285714,3.4621325051759833,5,vit_large_patch16_224,ViT Large Patch 16 224,/Volumes/ssd/thesis_organization/ndb_ufes_data_organizer/results/phase2_tuning/phase2_all_results_vit_large_patch16_224_averaged.csv,11922.804324251494,0.1806718456802316,14,4.714285714285714,True
30,6,0.8615895367137849,11213.941408272698,19.25340994911153,0.1676861165796291,0.0067651347704513,14,18.8,55,51.6,3.642857142857143,2.8505627705627705,5,vit_large_patch16_224,ViT Large Patch 16 224,/Volumes/ssd/thesis_organization/ndb_ufes_data_organizer/results/phase2_tuning/phase2_all_results_vit_large_patch16_224_averaged.csv,11213.941408272698,0.1676861165796291,14,3.642857142857143,True
30,7,0.8615895367137849,10685.18019607387,47.50333993658909,0.1622011888932022,0.004041144321806,16,18.2,54,51.2,3.375,2.8449603174603175,5,vit_large_patch16_224,ViT Large Patch 16 224,/Volumes/ssd/thesis_organization/ndb_ufes_data_organizer/results/phase2_tuning/phase2_all_results_vit_large_patch16_224_averaged.csv,10685.18019607387,0.1622011888932022,16,3.375,True
30,8,0.8615895367137849,10266.301626249216,65.4836759873058,0.1508305769905841,0.0119074563628912,10,12.2,51,41.6,4.636363636363637,3.5247727272727274,5,vit_large_patch16_224,ViT Large Patch 16 224,/Volumes/ssd/thesis_organization/ndb_ufes_data_organizer/results/phase2_tuning/phase2_all_results_vit_large_patch16_224_averaged.csv,10266.301626249216,0.1508305769905841,10,4.636363636363637,False
30,9,0.8615895367137849,9814.95322876145,29.90152088563455,0.1428145672735867,0.0069831036894587,10,11.2,39,34.4,3.5454545454545454,3.131948051948052,5,vit_large_patch16_224,ViT Large Patch 16 224,/Volumes/ssd/thesis_organization/ndb_ufes_data_organizer/results/phase2_tuning/phase2_all_results_vit_large_patch16_224_averaged.csv,9814.95322876145,0.1428145672735867,10,3.5454545454545454,False
2,2,0.3734914590945556,283.50039420567225,0.0,0.5279402553186235,0.0,96,96.0,107,107.0,1.1145833333333333,1.1145833333333333,5,efficientnet_b1,EfficientNet B1,/Volumes/ssd/thesis_organization/ndb_ufes_data_organizer/results/phase2_tuning/phase2_all_results_efficientnet_b1_averaged.csv,283.50039420567225,0.5279402553186235,96,1.1145833333333333,True
2,3,0.3734914590945556,171.27823367455167,0.0090652656264025,0.4888688368050223,0.0010512708463877,45,45.6,91,90.4,2.022222222222222,1.9828019323671495,5,efficientnet_b1,EfficientNet B1,/Volumes/ssd/thesis_organization/ndb_ufes_data_organizer/results/phase2_tuning/phase2_all_results_efficientnet_b1_averaged.csv,171.27823367455167,0.4888688368050223,45,2.022222222222222,True
2,4,0.3734914590945556,124.94671889764837,0.0,0.436758060481094,0.0,34,34.0,67,67.0,1.9705882352941175,1.9705882352941175,5,efficientnet_b1,EfficientNet B1,/Volumes/ssd/thesis_organization/ndb_ufes_data_organizer/results/phase2_tuning/phase2_all_results_efficientnet_b1_averaged.csv,124.94671889764837,0.436758060481094,34,1.9705882352941175,True
2,5,0.3734914590945556,103.83773247831282,0.3941700773973674,0.3744897154016584,0.0021738934349709,26,27.4,64,60.6,2.3076923076923075,2.214131054131054,5,efficientnet_b1,EfficientNet B1,/Volumes/ssd/thesis_organization/ndb_ufes_data_organizer/results/phase2_tuning/phase2_all_results_efficientnet_b1_averaged.csv,103.83773247831282,0.3744897154016584,26,2.3076923076923075,True
2,6,0.3734914590945556,88.13478568471723,0.3509124167814845,0.3531684076473417,0.0033376305209309,22,22.2,49,48.2,2.227272727272727,2.1715415019762845,5,efficientnet_b1,EfficientNet B1,/Volumes/ssd/thesis_organization/ndb_ufes_data_organizer/results/phase2_tuning/phase2_all_results_efficientnet_b1_averaged.csv,88.13478568471723,0.3531684076473417,22,2.227272727272727,True
2,7,0.3734914590945556,75.27287294999982,0.4223597172961928,0.3600360955032501,0.0036115542185774,18,19.4,49,45.0,2.7222222222222223,2.356132756132756,5,efficientnet_b1,EfficientNet B1,/Volumes/ssd/thesis_organization/ndb_ufes_data_organizer/results/phase2_tuning/phase2_all_results_efficientnet_b1_averaged.csv,75.27287294999982,0.3600360955032501,18,2.7222222222222223,True
2,8,0.3734914590945556,62.95565119429087,0.181290849152571,0.3758793256138235,0.0030146967029056,18,18.2,41,39.4,2.2777777777777777,2.166081871345029,5,efficientnet_b1,EfficientNet B1,/Volumes/ssd/thesis_organization/ndb_ufes_data_organizer/results/phase2_tuning/phase2_all_results_efficientnet_b1_averaged.csv,62.95565119429087,0.3758793256138235,18,2.2777777777777777,True
2,9,0.3734914590945556,56.66600708780091,0.3110124930897179,0.3706102167395816,0.0072830051573277,11,14.2,43,38.2,3.8181818181818183,2.7747627372627375,5,efficientnet_b1,EfficientNet B1,/Volumes/ssd/thesis_organization/ndb_ufes_data_organizer/results/phase2_tuning/phase2_all_results_efficientnet_b1_averaged.csv,56.66600708780091,0.3706102167395816,11,3.8181818181818183,True
3,2,0.4519188895869967,429.74235973786983,0.0,0.4474159332784332,0.0,98,98.0,105,105.0,1.0714285714285714,1.0714285714285714,5,efficientnet_b1,EfficientNet B1,/Volumes/ssd/thesis_organization/ndb_ufes_data_organizer/results/phase2_tuning/phase2_all_results_efficientnet_b1_averaged.csv,429.74235973786983,0.4474159332784332,98,1.0714285714285714,True
3,3,0.4519188895869967,314.5752555672688,0.0,0.3967779966110411,0.0,46,46.0,97,97.0,2.108695652173913,2.108695652173913,5,efficientnet_b1,EfficientNet B1,/Volumes/ssd/thesis_organization/ndb_ufes_data_organizer/results/phase2_tuning/phase2_all_results_efficientnet_b1_averaged.csv,314.5752555672688,0.3967779966110411,46,2.108695652173913,True
3,4,0.4519188895869967,250.9711208916181,0.021056520917824,0.3384748127458482,0.0006598644919631,38,38.6,64,63.4,1.6842105263157894,1.642914979757085,5,efficientnet_b1,EfficientNet B1,/Volumes/ssd/thesis_organization/ndb_ufes_data_organizer/results/phase2_tuning/phase2_all_results_efficientnet_b1_averaged.csv,250.9711208916181,0.3384748127458482,38,1.6842105263157894,True
3,5,0.4519188895869967,206.42904272722453,0.0731918979964719,0.3184785885171418,0.0012031679311852,32,33.0,63,61.4,1.96875,1.8634358288770052,5,efficientnet_b1,EfficientNet B1,/Volumes/ssd/thesis_organization/ndb_ufes_data_organizer/results/phase2_tuning/phase2_all_results_efficientnet_b1_averaged.csv,206.42904272722453,0.3184785885171418,32,1.96875,True
3,6,0.4519188895869967,176.47211488297089,0.0814384154823216,0.3245188747515525,0.0009107582260735,19,19.2,47,46.8,2.473684210526316,2.438947368421053,5,efficientnet_b1,EfficientNet B1,/Volumes/ssd/thesis_organization/ndb_ufes_data_organizer/results/phase2_tuning/phase2_all_results_efficientnet_b1_averaged.csv,176.47211488297089,0.3245188747515525,19,2.473684210526316,True
3,7,0.4519188895869967,158.41978910458278,0.2626593635147449,0.3130578566894304,0.0011609446823702,19,21.4,47,46.8,2.473684210526316,2.2068649885583524,5,efficientnet_b1,EfficientNet B1,/Volumes/ssd/thesis_organization/ndb_ufes_data_organizer/results/phase2_tuning/phase2_all_results_efficientnet_b1_averaged.csv,158.41978910458278,0.3130578566894304,19,2.473684210526316,True
3,8,0.4519188895869967,143.72392824774093,1.1889447839233234,0.3145968046706858,0.0053194713650326,12,15.8,47,44.4,3.9166666666666665,2.8723039215686272,5,efficientnet_b1,EfficientNet B1,/Volumes/ssd/thesis_organization/ndb_ufes_data_organizer/results/phase2_tuning/phase2_all_results_efficientnet_b1_averaged.csv,143.72392824774093,0.3145968046706858,12,3.9166666666666665,True
3,9,0.4519188895869967,132.87783407910803,0.93421360707938,0.3099225131308987,0.0043575764265096,11,12.4,46,42.4,3.8333333333333335,3.465454545454546,5,efficientnet_b1,EfficientNet B1,/Volumes/ssd/thesis_organization/ndb_ufes_data_organizer/results/phase2_tuning/phase2_all_results_efficientnet_b1_averaged.csv,132.87783407910803,0.3099225131308987,11,3.8333333333333335,True
4,2,0.5041624708604503,530.6570215221616,0.0,0.4013491542874864,0.0,98,98.0,105,105.0,1.0714285714285714,1.0714285714285714,5,efficientnet_b1,EfficientNet B1,/Volumes/ssd/thesis_organization/ndb_ufes_data_organizer/results/phase2_tuning/phase2_all_results_efficientnet_b1_averaged.csv,530.6570215221616,0.4013491542874864,98,1.0714285714285714,True
4,3,0.5041624708604503,415.4625262291731,0.0006035034187515,0.3432830482942064,9.135324672425464e-05,45,45.4,98,97.6,2.1777777777777776,2.150144927536232,5,efficientnet_b1,EfficientNet B1,/Volumes/ssd/thesis_organization/ndb_ufes_data_organizer/results/phase2_tuning/phase2_all_results_efficientnet_b1_averaged.csv,415.4625262291731,0.3432830482942064,45,2.1777777777777776,True
4,4,0.5041624708604503,351.85082061348953,0.1553858672968055,0.2772576571556231,6.219389599179087e-05,38,39.6,64,62.4,1.6842105263157894,1.5768421052631578,5,efficientnet_b1,EfficientNet B1,/Volumes/ssd/thesis_organization/ndb_ufes_data_organizer/results/phase2_tuning/phase2_all_results_efficientnet_b1_averaged.csv,351.85082061348953,0.2772576571556231,38,1.6842105263157894,True
4,5,0.5041624708604503,306.2040497985063,0.0746311930777467,0.2610028258486163,0.0001144864390981,26,26.8,65,63.0,2.4615384615384617,2.3515669515669515,5,efficientnet_b1,EfficientNet B1,/Volumes/ssd/thesis_organization/ndb_ufes_data_organizer/results/phase2_tuning/phase2_all_results_efficientnet_b1_averaged.csv,306.2040497985063,0.2610028258486163,26,2.4615384615384617,True
4,6,0.5041624708604503,276.4120938167137,0.7270511654592371,0.2601149965962871,0.0064994481736339,19,21.2,49,48.6,2.526315789473684,2.3146475279106857,5,efficientnet_b1,EfficientNet B1,/Volumes/ssd/thesis_organization/ndb_ufes_data_organizer/results/phase2_tuning/phase2_all_results_efficientnet_b1_averaged.csv,276.4120938167137,0.2601149965962871,19,2.526315789473684,True
4,7,0.5041624708604503,255.72699940013712,0.8424008517583459,0.2431991425206539,0.0045103197942491,17,21.0,47,43.2,2.6470588235294117,2.0983324808184145,5,efficientnet_b1,EfficientNet B1,/Volumes/ssd/thesis_organization/ndb_ufes_data_organizer/results/phase2_tuning/phase2_all_results_efficientnet_b1_averaged.csv,255.72699940013712,0.2431991425206539,17,2.6470588235294117,True
4,8,0.5041624708604503,236.2520387336827,2.4974064953478816,0.2445166537291889,0.0057496253605621,7,13.6,45,42.2,5.714285714285714,3.517710084033614,5,efficientnet_b1,EfficientNet B1,/Volumes/ssd/thesis_organization/ndb_ufes_data_organizer/results/phase2_tuning/phase2_all_results_efficientnet_b1_averaged.csv,236.2520387336827,0.2445166537291889,7,5.714285714285714,False
4,9,0.5041624708604503,221.87140571387263,1.224087583214975,0.233220275105512,0.0093469298432872,7,11.2,36,34.0,5.142857142857143,3.3855411255411254,5,efficientnet_b1,EfficientNet B1,/Volumes/ssd/thesis_organization/ndb_ufes_data_organizer/results/phase2_tuning/phase2_all_results_efficientnet_b1_averaged.csv,221.87140571387263,0.233220275105512,7,5.142857142857143,False
5,2,0.5489161514380522,615.2840914636604,0.0,0.3751712496400987,0.0,100,100.0,103,103.0,1.03,1.03,5,efficientnet_b1,EfficientNet B1,/Volumes/ssd/thesis_organization/ndb_ufes_data_organizer/results/phase2_tuning/phase2_all_results_efficientnet_b1_averaged.csv,615.2840914636604,0.3751712496400987,100,1.03,True
5,3,0.5489161514380522,491.354227833113,0.0,0.3246673225278117,0.0,41,41.0,101,101.0,2.4634146341463414,2.4634146341463414,5,efficientnet_b1,EfficientNet B1,/Volumes/ssd/thesis_organization/ndb_ufes_data_organizer/results/phase2_tuning/phase2_all_results_efficientnet_b1_averaged.csv,491.354227833113,0.3246673225278117,41,2.4634146341463414,True
5,4,0.5489161514380522,417.7031486111785,0.2043251987353726,0.2666877198763326,0.0025948130350226,39,39.8,61,60.6,1.564102564102564,1.525700655933214,5,efficientnet_b1,EfficientNet B1,/Volumes/ssd/thesis_organization/ndb_ufes_data_organizer/results/phase2_tuning/phase2_all_results_efficientnet_b1_averaged.csv,417.7031486111785,0.2666877198763326,39,1.564102564102564,True
5,5,0.5489161514380522,367.30373997669454,0.0504569231668102,0.2519106170124129,0.000961202092985,28,28.4,59,59.0,2.107142857142857,2.07807881773399,5,efficientnet_b1,EfficientNet B1,/Volumes/ssd/thesis_organization/ndb_ufes_data_organizer/results/phase2_tuning/phase2_all_results_efficientnet_b1_averaged.csv,367.30373997669454,0.2519106170124129,28,2.107142857142857,True
5,6,0.5489161514380522,325.780098366557,0.9049905583839876,0.2531915548505253,0.0016115506751569,26,26.8,44,43.2,1.6923076923076923,1.6142857142857143,5,efficientnet_b1,EfficientNet B1,/Volumes/ssd/thesis_organization/ndb_ufes_data_organizer/results/phase2_tuning/phase2_all_results_efficientnet_b1_averaged.csv,325.780098366557,0.2531915548505253,26,1.6923076923076923,True
5,7,0.5489161514380522,303.6382718649492,1.3758533924055911,0.2544703101488896,0.0082226700569719,16,18.2,44,43.4,2.75,2.3961988304093564,5,efficientnet_b1,EfficientNet B1,/Volumes/ssd/thesis_organization/ndb_ufes_data_organizer/results/phase2_tuning/phase2_all_results_efficientnet_b1_averaged.csv,303.6382718649492,0.2544703101488896,16,2.75,True
5,8,0.5489161514380522,282.8549082359639,1.3530385491681771,0.2308362891690451,0.0082391310469287,15,17.6,41,36.8,2.2777777777777777,2.0902717578259375,5,efficientnet_b1,EfficientNet B1,/Volumes/ssd/thesis_organization/ndb_ufes_data_organizer/results/phase2_tuning/phase2_all_results_efficientnet_b1_averaged.csv,282.8549082359639,0.2308362891690451,15,2.2777777777777777,True
5,9,0.5489161514380522,267.70262359896407,1.5823041139755212,0.2298903892872773,0.0052371191829526,12,13.0,41,35.4,3.1538461538461537,2.728937728937729,5,efficientnet_b1,EfficientNet B1,/Volumes/ssd/thesis_organization/ndb_ufes_data_organizer/results/phase2_tuning/phase2_all_results_efficientnet_b1_averaged.csv,267.70262359896407,0.2298903892872773,12,3.1538461538461537,True
6,2,0.5861079273894567,684.800775555645,0.0,0.3560714236744052,0.0,100,100.0,103,103.0,1.03,1.03,5,efficientnet_b1,EfficientNet B1,/Volumes/ssd/thesis_organization/ndb_ufes_data_organizer/results/phase2_tuning/phase2_all_results_efficientnet_b1_averaged.csv,684.800775555645,0.3560714236744052,100,1.03,True
6,3,0.5861079273894567,560.5900256578125,0.0,0.3010571439421816,0.0,41,41.0,101,101.0,2.4634146341463414,2.4634146341463414,5,efficientnet_b1,EfficientNet B1,/Volumes/ssd/thesis_organization/ndb_ufes_data_organizer/results/phase2_tuning/phase2_all_results_efficientnet_b1_averaged.csv,560.5900256578125,0.3010571439421816,41,2.4634146341463414,True
6,4,0.5861079273894567,483.00892950331854,0.0870022941884915,0.2491447943429118,0.0028858737426771,39,39.4,64,62.4,1.641025641025641,1.5852407754846778,5,efficientnet_b1,EfficientNet B1,/Volumes/ssd/thesis_organization/ndb_ufes_data_organizer/results/phase2_tuning/phase2_all_results_efficientnet_b1_averaged.csv,483.00892950331854,0.2491447943429118,39,1.641025641025641,True
6,5,0.5861079273894567,429.4416804501555,0.6476784236179273,0.2306605629164223,0.0035910596997199,24,27.0,58,58.0,2.4166666666666665,2.1866935483870966,5,efficientnet_b1,EfficientNet B1,/Volumes/ssd/thesis_organization/ndb_ufes_data_organizer/results/phase2_tuning/phase2_all_results_efficientnet_b1_averaged.csv,429.4416804501555,0.2306605629164223,24,2.4166666666666665,True
6,6,0.5861079273894567,381.4283995323466,0.5593007324853091,0.2407328324983181,0.0036085220926364,23,24.2,46,45.0,2.0,1.8653846153846152,5,efficientnet_b1,EfficientNet B1,/Volumes/ssd/thesis_organization/ndb_ufes_data_organizer/results/phase2_tuning/phase2_all_results_efficientnet_b1_averaged.csv,381.4283995323466,0.2407328324983181,23,2.0,True
6,7,0.5861079273894567,355.61562244010054,2.613319604552635,0.2294119747461876,0.0077797195574355,18,20.8,45,41.6,2.3684210526315788,2.015274021681344,5,efficientnet_b1,EfficientNet B1,/Volumes/ssd/thesis_organization/ndb_ufes_data_organizer/results/phase2_tuning/phase2_all_results_efficientnet_b1_averaged.csv,355.61562244010054,0.2294119747461876,18,2.3684210526315788,True
6,8,0.5861079273894567,335.372674020596,1.549006120508752,0.2158915884205507,0.0095998107503731,14,16.4,42,38.0,2.625,2.3347744360902256,5,efficientnet_b1,EfficientNet B1,/Volumes/ssd/thesis_organization/ndb_ufes_data_organizer/results/phase2_tuning/phase2_all_results_efficientnet_b1_averaged.csv,335.372674020596,0.2158915884205507,14,2.625,True
6,9,0.5861079273894567,315.7308371017729,1.476398133021169,0.2187366039056103,0.0096478007922537,10,11.8,42,37.8,3.727272727272727,3.254545454545455,5,efficientnet_b1,EfficientNet B1,/Volumes/ssd/thesis_organization/ndb_ufes_data_organizer/results/phase2_tuning/phase2_all_results_efficientnet_b1_averaged.csv,315.7308371017729,0.2187366039056103,10,3.727272727272727,False
7,2,0.6183811784300848,747.2250390682602,0.0845015244556505,0.3374551927257599,7.420959854421787e-05,100,100.2,103,102.8,1.03,1.025980198019802,5,efficientnet_b1,EfficientNet B1,/Volumes/ssd/thesis_organization/ndb_ufes_data_organizer/results/phase2_tuning/phase2_all_results_efficientnet_b1_averaged.csv,747.2250390682602,0.3374551927257599,100,1.03,True
7,3,0.6183811784300848,622.8993477166115,0.026691046558427,0.2799788823897045,0.0003079043778062,41,42.6,101,101.0,2.4634146341463414,2.371752694271129,5,efficientnet_b1,EfficientNet B1,/Volumes/ssd/thesis_organization/ndb_ufes_data_organizer/results/phase2_tuning/phase2_all_results_efficientnet_b1_averaged.csv,622.8993477166115,0.2799788823897045,41,2.4634146341463414,True
7,4,0.6183811784300848,545.1473509296636,0.1120273122974718,0.2272740423065133,0.0032988711292707,39,40.4,64,60.6,1.641025641025641,1.505287395531298,5,efficientnet_b1,EfficientNet B1,/Volumes/ssd/thesis_organization/ndb_ufes_data_organizer/results/phase2_tuning/phase2_all_results_efficientnet_b1_averaged.csv,545.1473509296636,0.2272740423065133,39,1.641025641025641,True
7,5,0.6183811784300848,491.6647300061442,0.321256641935991,0.2130540297875673,0.0037328975229986,23,25.4,64,62.4,2.782608695652174,2.5066877470355733,5,efficientnet_b1,EfficientNet B1,/Volumes/ssd/thesis_organization/ndb_ufes_data_organizer/results/phase2_tuning/phase2_all_results_efficientnet_b1_averaged.csv,491.6647300061442,0.2130540297875673,23,2.782608695652174,True
7,6,0.6183811784300848,440.7464065098104,0.3828059979596007,0.2187093949395452,0.0034921142205763,23,24.6,47,44.0,2.0434782608695654,1.796516164994426,5,efficientnet_b1,EfficientNet B1,/Volumes/ssd/thesis_organization/ndb_ufes_data_organizer/results/phase2_tuning/phase2_all_results_efficientnet_b1_averaged.csv,440.7464065098104,0.2187093949395452,23,2.0434782608695654,True
7,7,0.6183811784300848,415.8148531533964,2.450438557873184,0.2067511798343412,0.0064102355593913,18,20.0,46,41.6,2.4444444444444446,2.095826687931951,5,efficientnet_b1,EfficientNet B1,/Volumes/ssd/thesis_organization/ndb_ufes_data_organizer/results/phase2_tuning/phase2_all_results_efficientnet_b1_averaged.csv,415.8148531533964,0.2067511798343412,18,2.4444444444444446,True
7,8,0.6183811784300848,391.03672549282146,2.102070501904423,0.1945151424868728,0.0144289250551872,14,16.8,43,36.0,2.8666666666666667,2.196307435254804,5,efficientnet_b1,EfficientNet B1,/Volumes/ssd/thesis_organization/ndb_ufes_data_organizer/results/phase2_tuning/phase2_all_results_efficientnet_b1_averaged.csv,391.03672549282146,0.1945151424868728,14,2.8666666666666667,True
7,9,0.6183811784300848,370.50501368453433,1.206027655564265,0.1919597733762322,0.0060367425899585,10,12.0,43,33.4,4.3,2.855238095238095,5,efficientnet_b1,EfficientNet B1,/Volumes/ssd/thesis_organization/ndb_ufes_data_organizer/results/phase2_tuning/phase2_all_results_efficientnet_b1_averaged.csv,370.50501368453433,0.1919597733762322,10,4.3,False
8,2,0.6422928733983052,792.9418545016199,0.0,0.3255953950103842,0.0,100,100.0,103,103.0,1.03,1.03,5,efficientnet_b1,EfficientNet B1,/Volumes/ssd/thesis_organization/ndb_ufes_data_organizer/results/phase2_tuning/phase2_all_results_efficientnet_b1_averaged.csv,792.9418545016199,0.3255953950103842,100,1.03,True
8,3,0.6422928733983052,667.2978042187545,0.0692524371204493,0.2720971781613713,0.0016442973303799,47,47.2,102,101.6,2.1702127659574466,2.1527482269503544,5,efficientnet_b1,EfficientNet B1,/Volumes/ssd/thesis_organization/ndb_ufes_data_organizer/results/phase2_tuning/phase2_all_results_efficientnet_b1_averaged.csv,667.2978042187545,0.2720971781613713,47,2.1702127659574466,True
8,4,0.6422928733983052,589.0580085039034,0.2057348102965236,0.215974976800107,0.0036698784068726,39,40.2,64,62.0,1.641025641025641,1.5482517482517482,5,efficientnet_b1,EfficientNet B1,/Volumes/ssd/thesis_organization/ndb_ufes_data_organizer/results/phase2_tuning/phase2_all_results_efficientnet_b1_averaged.csv,589.0580085039034,0.215974976800107,39,1.641025641025641,True
8,5,0.6422928733983052,533.8076595578782,0.1767602365264133,0.2210871139990535,0.0133333100675724,25,27.6,60,59.0,2.36,2.1530185185185187,5,efficientnet_b1,EfficientNet B1,/Volumes/ssd/thesis_organization/ndb_ufes_data_organizer/results/phase2_tuning/phase2_all_results_efficientnet_b1_averaged.csv,533.8076595578782,0.2210871139990535,25,2.36,True
8,6,0.6422928733983052,480.9353361564443,1.8608040662879175,0.2100517680628725,0.0017933744485222,20,24.4,48,43.2,2.4,1.8059426660296225,5,efficientnet_b1,EfficientNet B1,/Volumes/ssd/thesis_organization/ndb_ufes_data_organizer/results/phase2_tuning/phase2_all_results_efficientnet_b1_averaged.csv,480.9353361564443,0.2100517680628725,20,2.4,True
8,7,0.6422928733983052,452.3420393228069,0.2932771748404572,0.1984786676629822,0.0017248208798362,14,19.4,45,43.8,3.142857142857143,2.3308897243107767,5,efficientnet_b1,EfficientNet B1,/Volumes/ssd/thesis_organization/ndb_ufes_data_organizer/results/phase2_tuning/phase2_all_results_efficientnet_b1_averaged.csv,452.3420393228069,0.1984786676629822,14,3.142857142857143,True
8,8,0.6422928733983052,429.7865718222515,3.262242937023244,0.1899282289876044,0.0069417525198933,16,17.6,42,40.2,2.5625,2.300219298245614,5,efficientnet_b1,EfficientNet B1,/Volumes/ssd/thesis_organization/ndb_ufes_data_organizer/results/phase2_tuning/phase2_all_results_efficientnet_b1_averaged.csv,429.7865718222515,0.1899282289876044,16,2.5625,True
8,9,0.6422928733983052,407.6191855178887,1.3196868588184982,0.1948352741704961,0.0091355258139775,7,10.6,43,38.0,6.142857142857143,3.832907092907093,5,efficientnet_b1,EfficientNet B1,/Volumes/ssd/thesis_organization/ndb_ufes_data_organizer/results/phase2_tuning/phase2_all_results_efficientnet_b1_averaged.csv,407.6191855178887,0.1948352741704961,7,6.142857142857143,False
10,2,0.6862749787228342,877.7922238625455,0.0556855325381654,0.305709019138985,0.0001132778150271,100,100.4,103,102.6,1.03,1.021960396039604,5,efficientnet_b1,EfficientNet B1,/Volumes/ssd/thesis_organization/ndb_ufes_data_organizer/results/phase2_tuning/phase2_all_results_efficientnet_b1_averaged.csv,877.7922238625455,0.305709019138985,100,1.03,True
10,3,0.6862749787228342,751.2720881141747,0.0,0.2471224999573871,0.0,43,43.0,101,101.0,2.3488372093023258,2.3488372093023258,5,efficientnet_b1,EfficientNet B1,/Volumes/ssd/thesis_organization/ndb_ufes_data_organizer/results/phase2_tuning/phase2_all_results_efficientnet_b1_averaged.csv,751.2720881141747,0.2471224999573871,43,2.3488372093023258,True
10,4,0.6862749787228342,671.7889550402575,0.9673354056619046,0.1971128524444209,0.0017939245667189,37,38.8,65,63.4,1.7567567567567568,1.6383667557159214,5,efficientnet_b1,EfficientNet B1,/Volumes/ssd/thesis_organization/ndb_ufes_data_organizer/results/phase2_tuning/phase2_all_results_efficientnet_b1_averaged.csv,671.7889550402575,0.1971128524444209,37,1.7567567567567568,True
10,5,0.6862749787228342,614.5814202891745,0.4935499944992815,0.2055033469959581,0.0021625532799122,25,26.0,59,58.0,2.36,2.23211396011396,5,efficientnet_b1,EfficientNet B1,/Volumes/ssd/thesis_organization/ndb_ufes_data_organizer/results/phase2_tuning/phase2_all_results_efficientnet_b1_averaged.csv,614.5814202891745,0.2055033469959581,25,2.36,True
10,6,0.6862749787228342,564.2034856718758,11.291832152380556,0.1868142868720662,0.013631210381589,22,24.6,45,44.2,2.0454545454545454,1.8032447552447557,5,efficientnet_b1,EfficientNet B1,/Volumes/ssd/thesis_organization/ndb_ufes_data_organizer/results/phase2_tuning/phase2_all_results_efficientnet_b1_averaged.csv,564.2034856718758,0.1868142868720662,22,2.0454545454545454,True
10,7,0.6862749787228342,530.5468767421299,1.3769972407112594,0.1827913879873092,0.003894543225075,19,21.6,45,43.4,2.210526315789474,2.018620414673046,5,efficientnet_b1,EfficientNet B1,/Volumes/ssd/thesis_organization/ndb_ufes_data_organizer/results/phase2_tuning/phase2_all_results_efficientnet_b1_averaged.csv,530.5468767421299,0.1827913879873092,19,2.210526315789474,True
10,8,0.6862749787228342,503.7595714426021,0.4669232379499627,0.1737406266783887,0.006120858780678,16,17.6,42,36.4,2.210526315789474,2.07045493636051,5,efficientnet_b1,EfficientNet B1,/Volumes/ssd/thesis_organization/ndb_ufes_data_organizer/results/phase2_tuning/phase2_all_results_efficientnet_b1_averaged.csv,503.7595714426021,0.1737406266783887,16,2.210526315789474,True
10,9,0.6862749787228342,480.5331965752278,2.9127478513891343,0.1692216164721886,0.0077057535469065,13,15.0,42,34.6,3.230769230769231,2.3592350786468432,5,efficientnet_b1,EfficientNet B1,/Volumes/ssd/thesis_organization/ndb_ufes_data_organizer/results/phase2_tuning/phase2_all_results_efficientnet_b1_averaged.csv,480.5331965752278,0.1692216164721886,13,3.230769230769231,True
12,2,0.7204091913560627,943.5404579157928,0.0562360512255395,0.2915600250530603,0.0002094945649898,99,99.8,104,103.2,1.0505050505050506,1.0341010101010102,5,efficientnet_b1,EfficientNet B1,/Volumes/ssd/thesis_organization/ndb_ufes_data_organizer/results/phase2_tuning/phase2_all_results_efficientnet_b1_averaged.csv,943.5404579157928,0.2915600250530603,99,1.0505050505050506,True
12,3,0.7204091913560627,816.3324251460276,0.0883341479285163,0.2329875830054616,0.0004170720642878,41,42.6,101,101.0,2.4634146341463414,2.371752694271129,5,efficientnet_b1,EfficientNet B1,/Volumes/ssd/thesis_organization/ndb_ufes_data_organizer/results/phase2_tuning/phase2_all_results_efficientnet_b1_averaged.csv,816.3324251460276,0.2329875830054616,41,2.4634146341463414,True
12,4,0.7204091913560627,733.9069629935819,0.4886515837119284,0.1880733719009928,0.0025021508587668,36,39.4,67,63.2,1.8611111111111112,1.6101771940796332,5,efficientnet_b1,EfficientNet B1,/Volumes/ssd/thesis_organization/ndb_ufes_data_organizer/results/phase2_tuning/phase2_all_results_efficientnet_b1_averaged.csv,733.9069629935819,0.1880733719009928,36,1.8611111111111112,True
12,5,0.7204091913560627,678.6473464740841,0.7193678385505672,0.1771381512312577,0.0105154384001696,24,28.8,71,63.2,2.5833333333333335,2.223993750502371,5,efficientnet_b1,EfficientNet B1,/Volumes/ssd/thesis_organization/ndb_ufes_data_organizer/results/phase2_tuning/phase2_all_results_efficientnet_b1_averaged.csv,678.6473464740841,0.1771381512312577,24,2.5833333333333335,True
12,6,0.7204091913560627,621.7501304383898,0.8428562562310277,0.1789994732960838,0.0014140653324471,24,26.6,45,44.2,1.8333333333333333,1.6664021164021166,5,efficientnet_b1,EfficientNet B1,/Volumes/ssd/thesis_organization/ndb_ufes_data_organizer/results/phase2_tuning/phase2_all_results_efficientnet_b1_averaged.csv,621.7501304383898,0.1789994732960838,24,1.8333333333333333,True
12,7,0.7204091913560627,592.5118385683846,0.6817735721652168,0.1688309686917079,0.0027638170264712,19,22.0,48,43.4,2.3157894736842106,1.993028024606972,5,efficientnet_b1,EfficientNet B1,/Volumes/ssd/thesis_organization/ndb_ufes_data_organizer/results/phase2_tuning/phase2_all_results_efficientnet_b1_averaged.csv,592.5118385683846,0.1688309686917079,19,2.3157894736842106,True
12,8,0.7204091913560627,565.3963864663763,2.00483150618318,0.1650467183714697,0.0074934391596078,11,15.2,44,39.0,4.0,2.7142094017094016,5,efficientnet_b1,EfficientNet B1,/Volumes/ssd/thesis_organization/ndb_ufes_data_organizer/results/phase2_tuning/phase2_all_results_efficientnet_b1_averaged.csv,565.3963864663763,0.1650467183714697,11,4.0,True
12,9,0.7204091913560627,541.5222708111937,2.4367808010459324,0.1569734163872845,0.0078073573992199,11,14.2,44,33.6,4.0,2.4516666666666667,5,efficientnet_b1,EfficientNet B1,/Volumes/ssd/thesis_organization/ndb_ufes_data_organizer/results/phase2_tuning/phase2_all_results_efficientnet_b1_averaged.csv,541.5222708111937,0.1569734163872845,11,4.0,True
15,2,0.7582999481073527,1016.6979443071972,0.0499326460015282,0.2771968564160301,7.905936200386188e-05,100,100.2,103,102.8,1.03,1.025980198019802,5,efficientnet_b1,EfficientNet B1,/Volumes/ssd/thesis_organization/ndb_ufes_data_organizer/results/phase2_tuning/phase2_all_results_efficientnet_b1_averaged.csv,1016.6979443071972,0.2771968564160301,100,1.03,True
15,3,0.7582999481073527,889.3549599074311,0.1309596907842205,0.2162324558276514,0.0002164689364403,41,42.6,101,101.0,2.4634146341463414,2.371752694271129,5,efficientnet_b1,EfficientNet B1,/Volumes/ssd/thesis_organization/ndb_ufes_data_organizer/results/phase2_tuning/phase2_all_results_efficientnet_b1_averaged.csv,889.3549599074311,0.2162324558276514,41,2.4634146341463414,True
15,4,0.7582999481073527,806.7349073624466,0.8113048542164741,0.1783684317753129,0.0026269216761291,35,38.8,68,64.0,1.9428571428571428,1.6586316635867342,5,efficientnet_b1,EfficientNet B1,/Volumes/ssd/thesis_organization/ndb_ufes_data_organizer/results/phase2_tuning/phase2_all_results_efficientnet_b1_averaged.csv,806.7349073624466,0.1783684317753129,35,1.9428571428571428,True
15,5,0.7582999481073527,749.0202908971442,0.6294284555973163,0.1691017046231976,0.0079013238639284,27,29.2,73,62.4,2.5172413793103448,2.1365154698636344,5,efficientnet_b1,EfficientNet B1,/Volumes/ssd/thesis_organization/ndb_ufes_data_organizer/results/phase2_tuning/phase2_all_results_efficientnet_b1_averaged.csv,749.0202908971442,0.1691017046231976,27,2.5172413793103448,True
15,6,0.7582999481073527,692.673005422857,2.4185200328666747,0.1675519339898451,0.0022401010350395,19,25.8,48,44.4,2.526315789473684,1.7776769509981851,5,efficientnet_b1,EfficientNet B1,/Volumes/ssd/thesis_organization/ndb_ufes_data_organizer/results/phase2_tuning/phase2_all_results_efficientnet_b1_averaged.csv,692.673005422857,0.1675519339898451,19,2.526315789473684,True
15,7,0.7582999481073527,662.6163460308071,1.3818640950114311,0.1603930735278398,0.0024436875031559,17,19.4,49,45.0,2.7222222222222223,2.3463020295837635,5,efficientnet_b1,EfficientNet B1,/Volumes/ssd/thesis_organization/ndb_ufes_data_organizer/results/phase2_tuning/phase2_all_results_efficientnet_b1_averaged.csv,662.6163460308071,0.1603930735278398,17,2.7222222222222223,True
15,8,0.7582999481073527,634.7033428659332,2.000311800241276,0.1568901193309073,0.0044298979573194,9,12.4,44,41.8,4.888888888888889,3.5803030303030305,5,efficientnet_b1,EfficientNet B1,/Volumes/ssd/thesis_organization/ndb_ufes_data_organizer/results/phase2_tuning/phase2_all_results_efficientnet_b1_averaged.csv,634.7033428659332,0.1568901193309073,9,4.888888888888889,False
15,9,0.7582999481073527,608.1668348825668,1.5886997672628609,0.1516442527825862,0.0067106234495502,9,14.0,42,37.8,4.666666666666667,2.8612292609351435,5,efficientnet_b1,EfficientNet B1,/Volumes/ssd/thesis_organization/ndb_ufes_data_organizer/results/phase2_tuning/phase2_all_results_efficientnet_b1_averaged.csv,608.1668348825668,0.1516442527825862,9,4.666666666666667,False
18,2,0.788183777712912,1074.4280939742423,0.060632109923006,0.2670815212617408,9.203339524132956e-05,100,100.4,103,102.6,1.03,1.021960396039604,5,efficientnet_b1,EfficientNet B1,/Volumes/ssd/thesis_organization/ndb_ufes_data_organizer/results/phase2_tuning/phase2_all_results_efficientnet_b1_averaged.csv,1074.4280939742423,0.2670815212617408,100,1.03,True
18,3,0.788183777712912,946.8106003316112,0.2558785409047571,0.2056024977625678,0.0004631501772877,41,42.6,101,101.0,2.4634146341463414,2.371752694271129,5,efficientnet_b1,EfficientNet B1,/Volumes/ssd/thesis_organization/ndb_ufes_data_organizer/results/phase2_tuning/phase2_all_results_efficientnet_b1_averaged.csv,946.8106003316112,0.2056024977625678,41,2.4634146341463414,True
18,4,0.788183777712912,863.8814306324842,0.3653859520335198,0.168999211408484,0.0023073331015199,39,39.2,64,62.8,1.641025641025641,1.6023076923076922,5,efficientnet_b1,EfficientNet B1,/Volumes/ssd/thesis_organization/ndb_ufes_data_organizer/results/phase2_tuning/phase2_all_results_efficientnet_b1_averaged.csv,863.8814306324842,0.168999211408484,39,1.641025641025641,True
18,5,0.788183777712912,805.8623021657385,0.90626566869293,0.1571879933738258,0.008130608644665,27,30.4,68,62.2,2.185185185185185,2.051127946127946,5,efficientnet_b1,EfficientNet B1,/Volumes/ssd/thesis_organization/ndb_ufes_data_organizer/results/phase2_tuning/phase2_all_results_efficientnet_b1_averaged.csv,805.8623021657385,0.1571879933738258,27,2.185185185185185,True
18,6,0.788183777712912,748.6230995810512,0.5182798336342591,0.1587548448443965,0.0014888198851226,25,26.4,46,43.8,1.76,1.6625209605209603,5,efficientnet_b1,EfficientNet B1,/Volumes/ssd/thesis_organization/ndb_ufes_data_organizer/results/phase2_tuning/phase2_all_results_efficientnet_b1_averaged.csv,748.6230995810512,0.1587548448443965,25,1.76,True
18,7,0.788183777712912,718.3358383180448,1.4402942752691257,0.1483201209957441,0.0027086496689568,18,20.2,49,44.4,2.4444444444444446,2.209712687515891,5,efficientnet_b1,EfficientNet B1,/Volumes/ssd/thesis_organization/ndb_ufes_data_organizer/results/phase2_tuning/phase2_all_results_efficientnet_b1_averaged.csv,718.3358383180448,0.1483201209957441,18,2.4444444444444446,True
18,8,0.788183777712912,690.3728678882641,3.128183589518649,0.1477131888851063,0.0044599929024832,13,16.2,45,42.0,3.3846153846153846,2.6381158873805934,5,efficientnet_b1,EfficientNet B1,/Volumes/ssd/thesis_organization/ndb_ufes_data_organizer/results/phase2_tuning/phase2_all_results_efficientnet_b1_averaged.csv,690.3728678882641,0.1477131888851063,13,3.3846153846153846,True
18,9,0.788183777712912,665.8207579657881,1.7233716745982122,0.1377574500379773,0.0048724949228973,15,16.2,48,36.8,3.2,2.2863235294117645,5,efficientnet_b1,EfficientNet B1,/Volumes/ssd/thesis_organization/ndb_ufes_data_organizer/results/phase2_tuning/phase2_all_results_efficientnet_b1_averaged.csv,665.8207579657881,0.1377574500379773,15,3.2,True
20,2,0.8047869044722382,1106.4972484011196,0.0485704814054267,0.2616689861319125,9.23498165862106e-05,100,100.4,103,102.6,1.03,1.021960396039604,5,efficientnet_b1,EfficientNet B1,/Volumes/ssd/thesis_organization/ndb_ufes_data_organizer/results/phase2_tuning/phase2_all_results_efficientnet_b1_averaged.csv,1106.4972484011196,0.2616689861319125,100,1.03,True
20,3,0.8047869044722382,978.6981422177294,0.0827433400757813,0.2004424876152621,0.0005480643690588,42,42.8,102,101.2,2.4285714285714284,2.3647840531561464,5,efficientnet_b1,EfficientNet B1,/Volumes/ssd/thesis_organization/ndb_ufes_data_organizer/results/phase2_tuning/phase2_all_results_efficientnet_b1_averaged.csv,978.6981422177294,0.2004424876152621,42,2.4285714285714284,True
20,4,0.8047869044722382,895.9357886644286,0.6087024597287184,0.1630170462303076,0.0032281620003619,39,39.6,64,62.4,1.641025641025641,1.57729205753596,5,efficientnet_b1,EfficientNet B1,/Volumes/ssd/thesis_organization/ndb_ufes_data_organizer/results/phase2_tuning/phase2_all_results_efficientnet_b1_averaged.csv,895.9357886644286,0.1630170462303076,39,1.641025641025641,True
20,5,0.8047869044722382,837.3358433451555,0.7615214050087853,0.1575615796370656,0.0076952528520729,23,29.4,71,63.0,2.652173913043478,2.173185445923875,5,efficientnet_b1,EfficientNet B1,/Volumes/ssd/thesis_organization/ndb_ufes_data_organizer/results/phase2_tuning/phase2_all_results_efficientnet_b1_averaged.csv,837.3358433451555,0.1575615796370656,23,2.652173913043478,True
20,6,0.8047869044722382,780.0325582897759,1.2845211301979926,0.1539049943152481,0.0022468305537727,24,26.4,50,45.4,2.0833333333333335,1.7295075295075295,5,efficientnet_b1,EfficientNet B1,/Volumes/ssd/thesis_organization/ndb_ufes_data_organizer/results/phase2_tuning/phase2_all_results_efficientnet_b1_averaged.csv,780.0325582897759,0.1539049943152481,24,2.0833333333333335,True
20,7,0.8047869044722382,749.4808702593933,1.3062965691235373,0.1424439556199417,0.0043287296888622,16,19.6,43,41.6,2.5625,2.150782828282828,5,efficientnet_b1,EfficientNet B1,/Volumes/ssd/thesis_organization/ndb_ufes_data_organizer/results/phase2_tuning/phase2_all_results_efficientnet_b1_averaged.csv,749.4808702593933,0.1424439556199417,16,2.5625,True
20,8,0.8047869044722382,720.5959355031684,2.4047180540588564,0.1432800255767082,0.0048607731640271,8,15.6,43,40.8,5.375,2.981742081447964,5,efficientnet_b1,EfficientNet B1,/Volumes/ssd/thesis_organization/ndb_ufes_data_organizer/results/phase2_tuning/phase2_all_results_efficientnet_b1_averaged.csv,720.5959355031684,0.1432800255767082,8,5.375,False
20,9,0.8047869044722382,695.468990837536,2.118274517819614,0.1352168373150771,0.0060186057476908,13,15.2,44,36.8,3.142857142857143,2.4596800258564966,5,efficientnet_b1,EfficientNet B1,/Volumes/ssd/thesis_organization/ndb_ufes_data_organizer/results/phase2_tuning/phase2_all_results_efficientnet_b1_averaged.csv,695.468990837536,0.1352168373150771,13,3.142857142857143,True
25,2,0.8369632043241971,1168.6070708323723,0.0739455164281232,0.2518921955968144,5.9202091672217574e-05,100,100.4,103,102.6,1.03,1.021960396039604,5,efficientnet_b1,EfficientNet B1,/Volumes/ssd/thesis_organization/ndb_ufes_data_organizer/results/phase2_tuning/phase2_all_results_efficientnet_b1_averaged.csv,1168.6070708323723,0.2518921955968144,100,1.03,True
25,3,0.8369632043241971,1040.6185502189785,0.0,0.1905792770995565,0.0,43,43.0,101,101.0,2.3488372093023258,2.3488372093023258,5,efficientnet_b1,EfficientNet B1,/Volumes/ssd/thesis_organization/ndb_ufes_data_organizer/results/phase2_tuning/phase2_all_results_efficientnet_b1_averaged.csv,1040.6185502189785,0.1905792770995565,43,2.3488372093023258,True
25,4,0.8369632043241971,958.1837703771848,0.4709057038638866,0.1550216470141815,0.0032260878434581,37,39.2,66,62.6,1.7837837837837838,1.6007154809593835,5,efficientnet_b1,EfficientNet B1,/Volumes/ssd/thesis_organization/ndb_ufes_data_organizer/results/phase2_tuning/phase2_all_results_efficientnet_b1_averaged.csv,958.1837703771848,0.1550216470141815,37,1.7837837837837838,True
25,5,0.8369632043241971,899.1202039391104,0.8309400506779698,0.1506865618188385,0.0045879737667141,24,27.8,74,62.0,2.642857142857143,2.234022988505747,5,efficientnet_b1,EfficientNet B1,/Volumes/ssd/thesis_organization/ndb_ufes_data_organizer/results/phase2_tuning/phase2_all_results_efficientnet_b1_averaged.csv,899.1202039391104,0.1506865618188385,24,2.642857142857143,True
25,6,0.8369632043241971,840.9490106975284,1.0775226903831587,0.1454053183234188,0.0015578714792477,24,26.2,48,44.4,1.92,1.7033223443223442,5,efficientnet_b1,EfficientNet B1,/Volumes/ssd/thesis_organization/ndb_ufes_data_organizer/results/phase2_tuning/phase2_all_results_efficientnet_b1_averaged.csv,840.9490106975284,0.1454053183234188,24,1.92,True
25,7,0.8369632043241971,812.2398411812916,3.43612318338844,0.1319571648903323,0.0034185535851738,12,18.0,44,40.8,3.25,2.3736363636363635,5,efficientnet_b1,EfficientNet B1,/Volumes/ssd/thesis_organization/ndb_ufes_data_organizer/results/phase2_tuning/phase2_all_results_efficientnet_b1_averaged.csv,812.2398411812916,0.1319571648903323,12,3.25,True
25,8,0.8369632043241971,782.6745475505666,2.2556141277881756,0.1280731947013908,0.0065187478272503,13,15.4,48,39.6,3.3076923076923075,2.629549666020254,5,efficientnet_b1,EfficientNet B1,/Volumes/ssd/thesis_organization/ndb_ufes_data_organizer/results/phase2_tuning/phase2_all_results_efficientnet_b1_averaged.csv,782.6745475505666,0.1280731947013908,13,3.3076923076923075,True
25,9,0.8369632043241971,753.5709261611142,2.983818015890093,0.1295856521745774,0.0042364828302106,9,13.0,48,40.6,5.333333333333333,3.318885281385281,5,efficientnet_b1,EfficientNet B1,/Volumes/ssd/thesis_organization/ndb_ufes_data_organizer/results/phase2_tuning/phase2_all_results_efficientnet_b1_averaged.csv,753.5709261611142,0.1295856521745774,9,5.333333333333333,False
30,2,0.8624742306962867,1217.8575554610818,0.0593628996482958,0.2445834263522684,4.7341291767229544e-05,100,100.2,103,102.8,1.03,1.025980198019802,5,efficientnet_b1,EfficientNet B1,/Volumes/ssd/thesis_organization/ndb_ufes_data_organizer/results/phase2_tuning/phase2_all_results_efficientnet_b1_averaged.csv,1217.8575554610818,0.2445834263522684,100,1.03,True
30,3,0.8624742306962867,1089.9266963087691,0.2544780289152245,0.1829991021186081,0.0005478851631863,41,42.4,102,101.2,2.4634146341463414,2.3876995381249495,5,efficientnet_b1,EfficientNet B1,/Volumes/ssd/thesis_organization/ndb_ufes_data_organizer/results/phase2_tuning/phase2_all_results_efficientnet_b1_averaged.csv,1089.9266963087691,0.1829991021186081,41,2.4634146341463414,True
30,4,0.8624742306962867,1006.9062277035998,0.3173999509456712,0.1542347989253635,0.0048057800266601,32,35.4,71,67.2,2.21875,1.9222252747252744,5,efficientnet_b1,EfficientNet B1,/Volumes/ssd/thesis_organization/ndb_ufes_data_organizer/results/phase2_tuning/phase2_all_results_efficientnet_b1_averaged.csv,1006.9062277035998,0.1542347989253635,32,2.21875,True
30,5,0.8624742306962867,948.571769051988,0.9770752693966231,0.1388886199291549,0.0072752783781659,26,28.4,62,59.0,2.3461538461538463,2.0833048433048433,5,efficientnet_b1,EfficientNet B1,/Volumes/ssd/thesis_organization/ndb_ufes_data_organizer/results/phase2_tuning/phase2_all_results_efficientnet_b1_averaged.csv,948.571769051988,0.1388886199291549,26,2.3461538461538463,True
30,6,0.8624742306962867,888.9562006244907,0.6486793496176351,0.1376101045445543,0.0016555708784116,22,24.8,43,41.4,1.8636363636363635,1.6875541125541127,5,efficientnet_b1,EfficientNet B1,/Volumes/ssd/thesis_organization/ndb_ufes_data_organizer/results/phase2_tuning/phase2_all_results_efficientnet_b1_averaged.csv,888.9562006244907,0.1376101045445543,22,1.8636363636363635,True
30,7,0.8624742306962867,859.3749062555622,3.273169534209153,0.1291557907820855,0.0031369279962671,18,20.0,50,43.6,2.7777777777777777,2.2080055210489995,5,efficientnet_b1,EfficientNet B1,/Volumes/ssd/thesis_organization/ndb_ufes_data_organizer/results/phase2_tuning/phase2_all_results_efficientnet_b1_averaged.csv,859.3749062555622,0.1291557907820855,18,2.7777777777777777,True
30,8,0.8624742306962867,829.4523273001081,1.1302441026957468,0.1257687160928689,0.002485566335303,9,14.4,42,40.2,4.333333333333333,2.9318977591036415,5,efficientnet_b1,EfficientNet B1,/Volumes/ssd/thesis_organization/ndb_ufes_data_organizer/results/phase2_tuning/phase2_all_results_efficientnet_b1_averaged.csv,829.4523273001081,0.1257687160928689,9,4.333333333333333,False
30,9,0.8624742306962867,802.9400043281458,3.82245558307436,0.1194975420653603,0.0051831092472084,10,13.2,43,33.4,3.909090909090909,2.6920855614973265,5,efficientnet_b1,EfficientNet B1,/Volumes/ssd/thesis_organization/ndb_ufes_data_organizer/results/phase2_tuning/phase2_all_results_efficientnet_b1_averaged.csv,802.9400043281458,0.1194975420653603,10,3.909090909090909,False
2,2,0.5425583511643464,238.25269172899,0.0,0.492075898705938,0.0,101,101.0,102,102.0,1.00990099009901,1.00990099009901,5,vit_base_patch32_224,ViT Base Patch 32 224,/Volumes/ssd/thesis_organization/ndb_ufes_data_organizer/results/phase2_tuning/phase2_all_results_vit_base_patch32_224_averaged.csv,238.25269172899,0.492075898705938,101,1.00990099009901,True
2,3,0.5425583511643464,142.5086699176833,0.0,0.4961210140993044,0.0,44,44.0,93,93.0,2.113636363636364,2.113636363636364,5,vit_base_patch32_224,ViT Base Patch 32 224,/Volumes/ssd/thesis_organization/ndb_ufes_data_organizer/results/phase2_tuning/phase2_all_results_vit_base_patch32_224_averaged.csv,142.5086699176833,0.4961210140993044,44,2.113636363636364,True
2,4,0.5425583511643464,100.894488781938,0.0,0.4617088718848675,0.0,43,43.0,65,65.0,1.5116279069767442,1.5116279069767442,5,vit_base_patch32_224,ViT Base Patch 32 224,/Volumes/ssd/thesis_organization/ndb_ufes_data_organizer/results/phase2_tuning/phase2_all_results_vit_base_patch32_224_averaged.csv,100.894488781938,0.4617088718848675,43,1.5116279069767442,True
2,5,0.5425583511643464,81.55171753674679,0.0598546776098463,0.4383409883319098,0.0014643192381234,29,29.2,53,52.0,1.793103448275862,1.7809195402298852,5,vit_base_patch32_224,ViT Base Patch 32 224,/Volumes/ssd/thesis_organization/ndb_ufes_data_organizer/results/phase2_tuning/phase2_all_results_vit_base_patch32_224_averaged.csv,81.55171753674679,0.4383409883319098,29,1.793103448275862,True
2,6,0.5425583511643464,68.87312450193114,0.0184563722170656,0.4156137111546057,0.000796017850111,22,23.0,49,47.4,2.227272727272727,2.063208168642951,5,vit_base_patch32_224,ViT Base Patch 32 224,/Volumes/ssd/thesis_organization/ndb_ufes_data_organizer/results/phase2_tuning/phase2_all_results_vit_base_patch32_224_averaged.csv,68.87312450193114,0.4156137111546057,22,2.227272727272727,True
2,7,0.5425583511643464,59.48903468465826,0.2694559145432075,0.386161201384286,0.001751307648579,17,17.8,41,36.8,2.2777777777777777,2.0673202614379087,5,vit_base_patch32_224,ViT Base Patch 32 224,/Volumes/ssd/thesis_organization/ndb_ufes_data_organizer/results/phase2_tuning/phase2_all_results_vit_base_patch32_224_averaged.csv,59.48903468465826,0.386161201384286,17,2.2777777777777777,True
2,8,0.5425583511643464,51.693310311633105,1.1139341111054295,0.3775895586275969,0.0178146581955719,12,13.6,39,35.4,2.9166666666666665,2.6154212454212455,5,vit_base_patch32_224,ViT Base Patch 32 224,/Volumes/ssd/thesis_organization/ndb_ufes_data_organizer/results/phase2_tuning/phase2_all_results_vit_base_patch32_224_averaged.csv,51.693310311633105,0.3775895586275969,12,2.9166666666666665,True
2,9,0.5425583511643464,45.776475958034,0.4013016699759125,0.3786035125503728,0.0056597437363373,12,12.6,34,30.6,2.8333333333333335,2.444871794871795,5,vit_base_patch32_224,ViT Base Patch 32 224,/Volumes/ssd/thesis_organization/ndb_ufes_data_organizer/results/phase2_tuning/phase2_all_results_vit_base_patch32_224_averaged.csv,45.776475958034,0.3786035125503728,12,2.8333333333333335,True
3,2,0.6203105796314233,314.8085109419781,0.0,0.4367852733622714,0.0,100,100.0,103,103.0,1.03,1.03,5,vit_base_patch32_224,ViT Base Patch 32 224,/Volumes/ssd/thesis_organization/ndb_ufes_data_organizer/results/phase2_tuning/phase2_all_results_vit_base_patch32_224_averaged.csv,314.8085109419781,0.4367852733622714,100,1.03,True
3,3,0.6203105796314233,215.9675134238312,0.0,0.4323540035317023,0.0,43,43.0,98,98.0,2.2790697674418605,2.2790697674418605,5,vit_base_patch32_224,ViT Base Patch 32 224,/Volumes/ssd/thesis_organization/ndb_ufes_data_organizer/results/phase2_tuning/phase2_all_results_vit_base_patch32_224_averaged.csv,215.9675134238312,0.4323540035317023,43,2.2790697674418605,True
3,4,0.6203105796314233,169.40310134367985,0.0,0.3754671169327939,0.0,43,43.0,62,62.0,1.441860465116279,1.441860465116279,5,vit_base_patch32_224,ViT Base Patch 32 224,/Volumes/ssd/thesis_organization/ndb_ufes_data_organizer/results/phase2_tuning/phase2_all_results_vit_base_patch32_224_averaged.csv,169.40310134367985,0.3754671169327939,43,1.441860465116279,True
3,5,0.6203105796314233,146.03032953987392,0.0358726601393816,0.3673311042583752,0.0010081805720932,27,27.6,62,62.0,2.2962962962962963,2.25037037037037,5,vit_base_patch32_224,ViT Base Patch 32 224,/Volumes/ssd/thesis_organization/ndb_ufes_data_organizer/results/phase2_tuning/phase2_all_results_vit_base_patch32_224_averaged.csv,146.03032953987392,0.3673311042583752,27,2.2962962962962963,True
3,6,0.6203105796314233,124.35614530181806,0.5108469598122027,0.3433925757988902,0.0020743271419444,24,25.6,44,41.4,1.8333333333333333,1.6205128205128203,5,vit_base_patch32_224,ViT Base Patch 32 224,/Volumes/ssd/thesis_organization/ndb_ufes_data_organizer/results/phase2_tuning/phase2_all_results_vit_base_patch32_224_averaged.csv,124.35614530181806,0.3433925757988902,24,1.8333333333333333,True
3,7,0.6203105796314233,107.2295038429924,0.0825109813248527,0.3569602316486551,0.0013246277069572,20,20.4,41,40.0,2.05,1.9619047619047616,5,vit_base_patch32_224,ViT Base Patch 32 224,/Volumes/ssd/thesis_organization/ndb_ufes_data_organizer/results/phase2_tuning/phase2_all_results_vit_base_patch32_224_averaged.csv,107.2295038429924,0.3569602316486551,20,2.05,True
3,8,0.6203105796314233,95.39114426663885,0.0147015433300268,0.3473705151284367,0.0001377700882141,20,20.8,36,36.0,1.8,1.731428571428571,5,vit_base_patch32_224,ViT Base Patch 32 224,/Volumes/ssd/thesis_organization/ndb_ufes_data_organizer/results/phase2_tuning/phase2_all_results_vit_base_patch32_224_averaged.csv,95.39114426663885,0.3473705151284367,20,1.8,True
3,9,0.6203105796314233,87.69017871696072,1.3785176367891538,0.3235555238442941,0.0057195438039089,11,12.8,32,31.8,2.909090909090909,2.5015984015984016,5,vit_base_patch32_224,ViT Base Patch 32 224,/Volumes/ssd/thesis_organization/ndb_ufes_data_organizer/results/phase2_tuning/phase2_all_results_vit_base_patch32_224_averaged.csv,87.69017871696072,0.3235555238442941,11,2.909090909090909,True
4,2,0.6764303292152071,370.9585283827726,0.0,0.4041014337896688,0.0,100,100.0,103,103.0,1.03,1.03,5,vit_base_patch32_224,ViT Base Patch 32 224,/Volumes/ssd/thesis_organization/ndb_ufes_data_organizer/results/phase2_tuning/phase2_all_results_vit_base_patch32_224_averaged.csv,370.9585283827726,0.4041014337896688,100,1.03,True
4,3,0.6764303292152071,271.39771264832837,0.0,0.390737495721964,0.0,43,43.0,98,98.0,2.2790697674418605,2.2790697674418605,5,vit_base_patch32_224,ViT Base Patch 32 224,/Volumes/ssd/thesis_organization/ndb_ufes_data_organizer/results/phase2_tuning/phase2_all_results_vit_base_patch32_224_averaged.csv,271.39771264832837,0.390737495721964,43,2.2790697674418605,True
4,4,0.6764303292152071,220.3136955677097,0.0188996766370552,0.3330974705922551,0.001497505611759,42,42.0,62,62.0,1.4761904761904765,1.4761904761904765,5,vit_base_patch32_224,ViT Base Patch 32 224,/Volumes/ssd/thesis_organization/ndb_ufes_data_organizer/results/phase2_tuning/phase2_all_results_vit_base_patch32_224_averaged.csv,220.3136955677097,0.3330974705922551,42,1.4761904761904765,True
4,5,0.6764303292152071,195.80617145406157,0.5534304274383096,0.3189832834577962,0.0073770477605684,23,27.4,62,58.8,2.2962962962962963,2.1511518843752726,5,vit_base_patch32_224,ViT Base Patch 32 224,/Volumes/ssd/thesis_organization/ndb_ufes_data_organizer/results/phase2_tuning/phase2_all_results_vit_base_patch32_224_averaged.csv,195.80617145406157,0.3189832834577962,23,2.2962962962962963,True
4,6,0.6764303292152071,173.0926595790525,1.655168584347923,0.294314631539561,0.0040424849729405,21,24.6,42,40.6,1.8571428571428572,1.6668391994478953,5,vit_base_patch32_224,ViT Base Patch 32 224,/Volumes/ssd/thesis_organization/ndb_ufes_data_organizer/results/phase2_tuning/phase2_all_results_vit_base_patch32_224_averaged.csv,173.0926595790525,0.294314631539561,21,1.8571428571428572,True
4,7,0.6764303292152071,153.02999545099766,0.517411153869771,0.2969500245778176,0.0029705129514781,19,19.0,42,38.2,2.210526315789474,2.0105263157894737,5,vit_base_patch32_224,ViT Base Patch 32 224,/Volumes/ssd/thesis_organization/ndb_ufes_data_organizer/results/phase2_tuning/phase2_all_results_vit_base_patch32_224_averaged.csv,153.02999545099766,0.2969500245778176,19,2.210526315789474,True
4,8,0.6764303292152071,135.53520428498808,0.0844346114033566,0.301608796241387,0.0002011872038991,17,17.8,37,36.2,2.176470588235294,2.037770897832817,5,vit_base_patch32_224,ViT Base Patch 32 224,/Volumes/ssd/thesis_organization/ndb_ufes_data_organizer/results/phase2_tuning/phase2_all_results_vit_base_patch32_224_averaged.csv,135.53520428498808,0.301608796241387,17,2.176470588235294,True
4,9,0.6764303292152071,126.00686201372358,0.1657923003050827,0.2766664036202842,0.0010567864062387,12,13.8,32,31.8,2.6666666666666665,2.333333333333333,5,vit_base_patch32_224,ViT Base Patch 32 224,/Volumes/ssd/thesis_organization/ndb_ufes_data_organizer/results/phase2_tuning/phase2_all_results_vit_base_patch32_224_averaged.csv,126.00686201372358,0.2766664036202842,12,2.6666666666666665,True
5,2,0.7152350131679974,409.8864838777198,0.0,0.3807484525449177,0.0,100,100.0,103,103.0,1.03,1.03,5,vit_base_patch32_224,ViT Base Patch 32 224,/Volumes/ssd/thesis_organization/ndb_ufes_data_organizer/results/phase2_tuning/phase2_all_results_vit_base_patch32_224_averaged.csv,409.8864838777198,0.3807484525449177,100,1.03,True
5,3,0.7152350131679974,310.09700002861894,0.0,0.361211497035482,0.0,42,42.0,99,99.0,2.357142857142857,2.357142857142857,5,vit_base_patch32_224,ViT Base Patch 32 224,/Volumes/ssd/thesis_organization/ndb_ufes_data_organizer/results/phase2_tuning/phase2_all_results_vit_base_patch32_224_averaged.csv,310.09700002861894,0.361211497035482,42,2.357142857142857,True
5,4,0.7152350131679974,258.5514560217217,0.0,0.301713926039192,0.0,42,42.0,62,62.0,1.4761904761904765,1.4761904761904765,5,vit_base_patch32_224,ViT Base Patch 32 224,/Volumes/ssd/thesis_organization/ndb_ufes_data_organizer/results/phase2_tuning/phase2_all_results_vit_base_patch32_224_averaged.csv,258.5514560217217,0.301713926039192,42,1.4761904761904765,True
5,5,0.7152350131679974,229.4768132325146,0.877819967567236,0.3021405151296993,0.0027776267739494,25,25.6,62,61.8,2.48,2.419714285714286,5,vit_base_patch32_224,ViT Base Patch 32 224,/Volumes/ssd/thesis_organization/ndb_ufes_data_organizer/results/phase2_tuning/phase2_all_results_vit_base_patch32_224_averaged.csv,229.4768132325146,0.3021405151296993,25,2.48,True
5,6,0.7152350131679974,206.12021480377203,1.750827849289008,0.2733183851343122,0.0118018246568502,14,23.2,49,45.0,3.5,2.087857142857143,5,vit_base_patch32_224,ViT Base Patch 32 224,/Volumes/ssd/thesis_organization/ndb_ufes_data_organizer/results/phase2_tuning/phase2_all_results_vit_base_patch32_224_averaged.csv,206.12021480377203,0.2733183851343122,14,3.5,True
5,7,0.7152350131679974,186.11863054249068,0.9102121384713188,0.2735807018583601,0.0024409015999591,16,18.0,45,43.0,2.8125,2.4067724458204336,5,vit_base_patch32_224,ViT Base Patch 32 224,/Volumes/ssd/thesis_organization/ndb_ufes_data_organizer/results/phase2_tuning/phase2_all_results_vit_base_patch32_224_averaged.csv,186.11863054249068,0.2735807018583601,16,2.8125,True
5,8,0.7152350131679974,167.55444348553905,0.2950071829427554,0.2716742719237943,0.002936882097056,12,14.8,37,36.6,3.0833333333333335,2.505952380952381,5,vit_base_patch32_224,ViT Base Patch 32 224,/Volumes/ssd/thesis_organization/ndb_ufes_data_organizer/results/phase2_tuning/phase2_all_results_vit_base_patch32_224_averaged.csv,167.55444348553905,0.2716742719237943,12,3.0833333333333335,True
5,9,0.7152350131679974,157.41613277422098,0.1598340499006993,0.2471168443142771,0.0007085957074684,12,12.2,31,30.2,2.5833333333333335,2.476923076923077,5,vit_base_patch32_224,ViT Base Patch 32 224,/Volumes/ssd/thesis_organization/ndb_ufes_data_organizer/results/phase2_tuning/phase2_all_results_vit_base_patch32_224_averaged.csv,157.41613277422098,0.2471168443142771,12,2.5833333333333335,True
6,2,0.7394587576754741,434.1947661517144,0.0,0.367304634202898,0.0,100,100.0,103,103.0,1.03,1.03,5,vit_base_patch32_224,ViT Base Patch 32 224,/Volumes/ssd/thesis_organization/ndb_ufes_data_organizer/results/phase2_tuning/phase2_all_results_vit_base_patch32_224_averaged.csv,434.1947661517144,0.367304634202898,100,1.03,True
6,3,0.7394587576754741,334.2686453072545,0.0,0.3455567333103395,0.0,42,42.0,99,99.0,2.357142857142857,2.357142857142857,5,vit_base_patch32_224,ViT Base Patch 32 224,/Volumes/ssd/thesis_organization/ndb_ufes_data_organizer/results/phase2_tuning/phase2_all_results_vit_base_patch32_224_averaged.csv,334.2686453072545,0.3455567333103395,42,2.357142857142857,True
6,4,0.7394587576754741,282.650692334851,0.0041916463127884,0.2847581105003685,0.0004986344022348,42,42.0,62,62.0,1.4761904761904765,1.4761904761904765,5,vit_base_patch32_224,ViT Base Patch 32 224,/Volumes/ssd/thesis_organization/ndb_ufes_data_organizer/results/phase2_tuning/phase2_all_results_vit_base_patch32_224_averaged.csv,282.650692334851,0.2847581105003685,42,1.4761904761904765,True
6,5,0.7394587576754741,253.5538370413204,0.8410609619543511,0.2826514091259491,0.0021277015619141,25,25.6,62,62.0,2.48,2.4268571428571426,5,vit_base_patch32_224,ViT Base Patch 32 224,/Volumes/ssd/thesis_organization/ndb_ufes_data_organizer/results/phase2_tuning/phase2_all_results_vit_base_patch32_224_averaged.csv,253.5538370413204,0.2826514091259491,25,2.48,True
6,6,0.7394587576754741,230.64524727660609,1.1707457107886448,0.2512176684212341,0.0055026911040287,25,25.8,46,43.4,1.84,1.691862068965517,5,vit_base_patch32_224,ViT Base Patch 32 224,/Volumes/ssd/thesis_organization/ndb_ufes_data_organizer/results/phase2_tuning/phase2_all_results_vit_base_patch32_224_averaged.csv,230.64524727660609,0.2512176684212341,25,1.84,True
6,7,0.7394587576754741,208.98221146893152,0.8773292076341938,0.2533208635456984,0.0008723473238505,16,18.4,45,43.8,2.4375,2.382236842105263,5,vit_base_patch32_224,ViT Base Patch 32 224,/Volumes/ssd/thesis_organization/ndb_ufes_data_organizer/results/phase2_tuning/phase2_all_results_vit_base_patch32_224_averaged.csv,208.98221146893152,0.2533208635456984,16,2.4375,True
6,8,0.7394587576754741,192.9314609568998,4.344601079669409,0.2464880876953699,0.0123979918192806,14,15.8,40,36.4,2.857142857142857,2.3327731092436976,5,vit_base_patch32_224,ViT Base Patch 32 224,/Volumes/ssd/thesis_organization/ndb_ufes_data_organizer/results/phase2_tuning/phase2_all_results_vit_base_patch32_224_averaged.csv,192.9314609568998,0.2464880876953699,14,2.857142857142857,True
6,9,0.7394587576754741,179.75853371892055,0.335596745851701,0.2379384149937383,0.015038073580543,5,11.0,38,33.6,7.6,3.8980219780219785,5,vit_base_patch32_224,ViT Base Patch 32 224,/Volumes/ssd/thesis_organization/ndb_ufes_data_organizer/results/phase2_tuning/phase2_all_results_vit_base_patch32_224_averaged.csv,179.75853371892055,0.2379384149937383,5,7.6,False
7,2,0.7623344377882812,457.07999454277694,0.0,0.3563620230202235,0.0,100,100.0,103,103.0,1.03,1.03,5,vit_base_patch32_224,ViT Base Patch 32 224,/Volumes/ssd/thesis_organization/ndb_ufes_data_organizer/results/phase2_tuning/phase2_all_results_vit_base_patch32_224_averaged.csv,457.07999454277694,0.3563620230202235,100,1.03,True
7,3,0.7623344377882812,356.5908470567864,0.0125847785956068,0.3344296448303218,0.0002775712266821,42,42.2,99,98.8,2.357142857142857,2.341528239202658,5,vit_base_patch32_224,ViT Base Patch 32 224,/Volumes/ssd/thesis_organization/ndb_ufes_data_organizer/results/phase2_tuning/phase2_all_results_vit_base_patch32_224_averaged.csv,356.5908470567864,0.3344296448303218,42,2.357142857142857,True
7,4,0.7623344377882812,304.9370558282747,0.0217182226925297,0.2705849517982882,0.0004498811812786,42,42.0,62,62.0,1.4761904761904765,1.4761904761904765,5,vit_base_patch32_224,ViT Base Patch 32 224,/Volumes/ssd/thesis_organization/ndb_ufes_data_organizer/results/phase2_tuning/phase2_all_results_vit_base_patch32_224_averaged.csv,304.9370558282747,0.2705849517982882,42,1.4761904761904765,True
7,5,0.7623344377882812,276.57769734333687,1.8079292813356949,0.2647922552996483,0.0052827100710522,25,26.6,62,61.8,2.48,2.336275862068965,5,vit_base_patch32_224,ViT Base Patch 32 224,/Volumes/ssd/thesis_organization/ndb_ufes_data_organizer/results/phase2_tuning/phase2_all_results_vit_base_patch32_224_averaged.csv,276.57769734333687,0.2647922552996483,25,2.48,True
7,6,0.7623344377882812,252.10138264869948,0.437129463012989,0.2361256685955772,0.0063851428718093,22,24.2,46,45.6,2.0454545454545454,1.8880909090909093,5,vit_base_patch32_224,ViT Base Patch 32 224,/Volumes/ssd/thesis_organization/ndb_ufes_data_organizer/results/phase2_tuning/phase2_all_results_vit_base_patch32_224_averaged.csv,252.10138264869948,0.2361256685955772,22,2.0454545454545454,True
7,7,0.7623344377882812,230.5311775852655,1.0690887258176915,0.2382713392231747,0.0040118768831564,16,18.0,45,41.6,2.8125,2.327825077399381,5,vit_base_patch32_224,ViT Base Patch 32 224,/Volumes/ssd/thesis_organization/ndb_ufes_data_organizer/results/phase2_tuning/phase2_all_results_vit_base_patch32_224_averaged.csv,230.5311775852655,0.2382713392231747,16,2.8125,True
7,8,0.7623344377882812,210.45112672087265,0.3661470756169439,0.241521387973724,0.0020327226628017,16,17.0,37,36.8,2.3125,2.173297213622291,5,vit_base_patch32_224,ViT Base Patch 32 224,/Volumes/ssd/thesis_organization/ndb_ufes_data_organizer/results/phase2_tuning/phase2_all_results_vit_base_patch32_224_averaged.csv,210.45112672087265,0.241521387973724,16,2.3125,True
7,9,0.7623344377882812,200.49653021029303,0.1722539871081052,0.2114534035732938,0.0012120296038842,12,12.4,31,30.8,2.5833333333333335,2.4871794871794872,5,vit_base_patch32_224,ViT Base Patch 32 224,/Volumes/ssd/thesis_organization/ndb_ufes_data_organizer/results/phase2_tuning/phase2_all_results_vit_base_patch32_224_averaged.csv,200.49653021029303,0.2114534035732938,12,2.5833333333333335,True
8,2,0.7825877782229226,477.4510258405187,0.0,0.3470167250372392,0.0,100,100.0,103,103.0,1.03,1.03,5,vit_base_patch32_224,ViT Base Patch 32 224,/Volumes/ssd/thesis_organization/ndb_ufes_data_organizer/results/phase2_tuning/phase2_all_results_vit_base_patch32_224_averaged.csv,477.4510258405187,0.3470167250372392,100,1.03,True
8,3,0.7825877782229226,376.2094940565741,0.0,0.3251082787060629,0.0,42,42.0,99,99.0,2.357142857142857,2.357142857142857,5,vit_base_patch32_224,ViT Base Patch 32 224,/Volumes/ssd/thesis_organization/ndb_ufes_data_organizer/results/phase2_tuning/phase2_all_results_vit_base_patch32_224_averaged.csv,376.2094940565741,0.3251082787060629,42,2.357142857142857,True
8,4,0.7825877782229226,323.5040123341385,0.0279281739914493,0.2631544881188411,2.163603747210751e-05,42,42.2,62,61.8,1.4761904761904765,1.464673311184939,5,vit_base_patch32_224,ViT Base Patch 32 224,/Volumes/ssd/thesis_organization/ndb_ufes_data_organizer/results/phase2_tuning/phase2_all_results_vit_base_patch32_224_averaged.csv,323.5040123341385,0.2631544881188411,42,1.4761904761904765,True
8,5,0.7825877782229226,293.66028169478284,0.0157588655737456,0.258113259552743,5.697502964896936e-05,25,25.0,62,61.4,2.48,2.456,5,vit_base_patch32_224,ViT Base Patch 32 224,/Volumes/ssd/thesis_organization/ndb_ufes_data_organizer/results/phase2_tuning/phase2_all_results_vit_base_patch32_224_averaged.csv,293.66028169478284,0.258113259552743,25,2.48,True
8,6,0.7825877782229226,270.0907485059972,1.1749246356768186,0.2357618592010782,0.0123899304148553,12,21.0,50,46.2,4.166666666666667,2.506666666666667,5,vit_base_patch32_224,ViT Base Patch 32 224,/Volumes/ssd/thesis_organization/ndb_ufes_data_organizer/results/phase2_tuning/phase2_all_results_vit_base_patch32_224_averaged.csv,270.0907485059972,0.2357618592010782,12,4.166666666666667,True
8,7,0.7825877782229226,247.76355674701767,1.3668698710298317,0.2302963423098282,0.0019219628706345,15,16.4,45,43.6,3.0,2.6764705882352944,5,vit_base_patch32_224,ViT Base Patch 32 224,/Volumes/ssd/thesis_organization/ndb_ufes_data_organizer/results/phase2_tuning/phase2_all_results_vit_base_patch32_224_averaged.csv,247.76355674701767,0.2302963423098282,15,3.0,True
8,8,0.7825877782229226,228.4194397242724,1.0009368647592374,0.229269943634922,0.0020043367649217,11,14.4,38,37.2,3.363636363636364,2.6715508021390373,5,vit_base_patch32_224,ViT Base Patch 32 224,/Volumes/ssd/thesis_organization/ndb_ufes_data_organizer/results/phase2_tuning/phase2_all_results_vit_base_patch32_224_averaged.csv,228.4194397242724,0.229269943634922,11,3.363636363636364,True
8,9,0.7825877782229226,218.92589400749293,1.7445911138747598,0.2075798460299906,0.0072425434045222,12,13.8,38,34.6,3.1666666666666665,2.5324542124542124,5,vit_base_patch32_224,ViT Base Patch 32 224,/Volumes/ssd/thesis_organization/ndb_ufes_data_organizer/results/phase2_tuning/phase2_all_results_vit_base_patch32_224_averaged.csv,218.92589400749293,0.2075798460299906,12,3.1666666666666665,True
10,2,0.8089544457015808,503.68642892694214,0.0,0.3364317918354776,0.0,100,100.0,103,103.0,1.03,1.03,5,vit_base_patch32_224,ViT Base Patch 32 224,/Volumes/ssd/thesis_organization/ndb_ufes_data_organizer/results/phase2_tuning/phase2_all_results_vit_base_patch32_224_averaged.csv,503.68642892694214,0.3364317918354776,100,1.03,True
10,3,0.8089544457015808,401.10624361567994,0.0,0.3143897028479882,0.0,42,42.0,99,99.0,2.357142857142857,2.357142857142857,5,vit_base_patch32_224,ViT Base Patch 32 224,/Volumes/ssd/thesis_organization/ndb_ufes_data_organizer/results/phase2_tuning/phase2_all_results_vit_base_patch32_224_averaged.csv,401.10624361567994,0.3143897028479882,42,2.357142857142857,True
10,4,0.8089544457015808,346.8587106218289,0.0150853411293468,0.2552187649406043,1.2891286953876682e-05,42,42.2,62,61.8,1.4761904761904765,1.464673311184939,5,vit_base_patch32_224,ViT Base Patch 32 224,/Volumes/ssd/thesis_organization/ndb_ufes_data_organizer/results/phase2_tuning/phase2_all_results_vit_base_patch32_224_averaged.csv,346.8587106218289,0.2552187649406043,42,1.4761904761904765,True
10,5,0.8089544457015808,316.85731838365314,0.6299408105519059,0.2482139837888052,0.0015983802842572,23,25.6,62,61.4,2.6956521739130435,2.4140351966873705,5,vit_base_patch32_224,ViT Base Patch 32 224,/Volumes/ssd/thesis_organization/ndb_ufes_data_organizer/results/phase2_tuning/phase2_all_results_vit_base_patch32_224_averaged.csv,316.85731838365314,0.2482139837888052,23,2.6956521739130435,True
10,6,0.8089544457015808,292.7003065875812,1.462397752336587,0.2182678455926846,0.0048517233703843,24,24.2,46,44.4,1.9166666666666667,1.8353333333333337,5,vit_base_patch32_224,ViT Base Patch 32 224,/Volumes/ssd/thesis_organization/ndb_ufes_data_organizer/results/phase2_tuning/phase2_all_results_vit_base_patch32_224_averaged.csv,292.7003065875812,0.2182678455926846,24,1.9166666666666667,True
10,7,0.8089544457015808,270.1774091471634,1.090937050775486,0.2184730090398571,0.0042586018025445,12,17.0,45,41.8,3.75,2.634688644688645,5,vit_base_patch32_224,ViT Base Patch 32 224,/Volumes/ssd/thesis_organization/ndb_ufes_data_organizer/results/phase2_tuning/phase2_all_results_vit_base_patch32_224_averaged.csv,270.1774091471634,0.2184730090398571,12,3.75,True
10,8,0.8089544457015808,249.9781385694453,1.344189431768217,0.2173775809711771,0.0040825947299219,11,14.0,38,36.2,3.272727272727273,2.6529768270944745,5,vit_base_patch32_224,ViT Base Patch 32 224,/Volumes/ssd/thesis_organization/ndb_ufes_data_organizer/results/phase2_tuning/phase2_all_results_vit_base_patch32_224_averaged.csv,249.9781385694453,0.2173775809711771,11,3.272727272727273,True
10,9,0.8089544457015808,239.3156121058745,2.6988104298859823,0.1906272758967809,0.0074685143268391,12,14.2,36,31.2,2.5833333333333335,2.230196078431373,5,vit_base_patch32_224,ViT Base Patch 32 224,/Volumes/ssd/thesis_organization/ndb_ufes_data_organizer/results/phase2_tuning/phase2_all_results_vit_base_patch32_224_averaged.csv,239.3156121058745,0.1906272758967809,12,2.5833333333333335,True
12,2,0.8307305050369538,525.5736969957221,0.0,0.3273154175169295,0.0,100,100.0,103,103.0,1.03,1.03,5,vit_base_patch32_224,ViT Base Patch 32 224,/Volumes/ssd/thesis_organization/ndb_ufes_data_organizer/results/phase2_tuning/phase2_all_results_vit_base_patch32_224_averaged.csv,525.5736969957221,0.3273154175169295,100,1.03,True
12,3,0.8307305050369538,422.972612497916,0.0,0.3034736087942267,0.0,42,42.0,99,99.0,2.357142857142857,2.357142857142857,5,vit_base_patch32_224,ViT Base Patch 32 224,/Volumes/ssd/thesis_organization/ndb_ufes_data_organizer/results/phase2_tuning/phase2_all_results_vit_base_patch32_224_averaged.csv,422.972612497916,0.3034736087942267,42,2.357142857142857,True
12,4,0.8307305050369538,368.4255873809261,0.050103179628705,0.245441591800908,0.0003531534688338,42,42.2,62,61.6,1.4761904761904765,1.4599114064230343,5,vit_base_patch32_224,ViT Base Patch 32 224,/Volumes/ssd/thesis_organization/ndb_ufes_data_organizer/results/phase2_tuning/phase2_all_results_vit_base_patch32_224_averaged.csv,368.4255873809261,0.245441591800908,42,1.4761904761904765,True
12,5,0.8307305050369538,337.7762267941072,0.9241985933382918,0.2384767290517287,0.0012992493167564,25,26.0,62,61.6,2.48,2.3826666666666667,5,vit_base_patch32_224,ViT Base Patch 32 224,/Volumes/ssd/thesis_organization/ndb_ufes_data_organizer/results/phase2_tuning/phase2_all_results_vit_base_patch32_224_averaged.csv,337.7762267941072,0.2384767290517287,25,2.48,True
12,6,0.8307305050369538,312.98388175206827,0.8373218692904647,0.2087117223881687,0.0055045208873159,24,25.0,46,44.2,1.9166666666666667,1.7707179487179487,5,vit_base_patch32_224,ViT Base Patch 32 224,/Volumes/ssd/thesis_organization/ndb_ufes_data_organizer/results/phase2_tuning/phase2_all_results_vit_base_patch32_224_averaged.csv,312.98388175206827,0.2087117223881687,24,1.9166666666666667,True
12,7,0.8307305050369538,291.26949644244536,0.9855399312161544,0.2089958689257005,0.0037564445167585,14,16.2,45,40.4,3.2142857142857144,2.5185924369747896,5,vit_base_patch32_224,ViT Base Patch 32 224,/Volumes/ssd/thesis_organization/ndb_ufes_data_organizer/results/phase2_tuning/phase2_all_results_vit_base_patch32_224_averaged.csv,291.26949644244536,0.2089958689257005,14,3.2142857142857144,True
12,8,0.8307305050369538,269.7620381487864,0.8202906484932175,0.2085180068868612,0.0021944815347379,11,14.4,37,36.2,3.363636363636364,2.604688057040998,5,vit_base_patch32_224,ViT Base Patch 32 224,/Volumes/ssd/thesis_organization/ndb_ufes_data_organizer/results/phase2_tuning/phase2_all_results_vit_base_patch32_224_averaged.csv,269.7620381487864,0.2085180068868612,11,3.363636363636364,True
12,9,0.8307305050369538,257.6942307394777,0.562560656847887,0.1829285615783943,0.0009875056445641,12,14.0,31,30.2,2.5833333333333335,2.1870135746606336,5,vit_base_patch32_224,ViT Base Patch 32 224,/Volumes/ssd/thesis_organization/ndb_ufes_data_organizer/results/phase2_tuning/phase2_all_results_vit_base_patch32_224_averaged.csv,257.6942307394777,0.1829285615783943,12,2.5833333333333335,True
15,2,0.8575497021092298,552.5316625780584,0.0,0.3168978828880677,0.0,100,100.0,103,103.0,1.03,1.03,5,vit_base_patch32_224,ViT Base Patch 32 224,/Volumes/ssd/thesis_organization/ndb_ufes_data_organizer/results/phase2_tuning/phase2_all_results_vit_base_patch32_224_averaged.csv,552.5316625780584,0.3168978828880677,100,1.03,True
15,3,0.8575497021092298,449.77316094818616,0.0,0.2922448443872093,0.0,42,42.0,99,99.0,2.357142857142857,2.357142857142857,5,vit_base_patch32_224,ViT Base Patch 32 224,/Volumes/ssd/thesis_organization/ndb_ufes_data_organizer/results/phase2_tuning/phase2_all_results_vit_base_patch32_224_averaged.csv,449.77316094818616,0.2922448443872093,42,2.357142857142857,True
15,4,0.8575497021092298,394.8102582839411,0.0224025276810661,0.2342716633801305,0.0007003334699181,41,41.8,62,61.6,1.5121951219512195,1.4738675958188154,5,vit_base_patch32_224,ViT Base Patch 32 224,/Volumes/ssd/thesis_organization/ndb_ufes_data_organizer/results/phase2_tuning/phase2_all_results_vit_base_patch32_224_averaged.csv,394.8102582839411,0.2342716633801305,41,1.5121951219512195,True
15,5,0.8575497021092298,363.854931557819,0.0920172478812884,0.227194430184653,0.0007389219849185,23,24.2,62,61.4,2.652173913043478,2.540869565217391,5,vit_base_patch32_224,ViT Base Patch 32 224,/Volumes/ssd/thesis_organization/ndb_ufes_data_organizer/results/phase2_tuning/phase2_all_results_vit_base_patch32_224_averaged.csv,363.854931557819,0.227194430184653,23,2.652173913043478,True
15,6,0.8575497021092298,338.9011614536732,0.4789262093292841,0.2009909810174578,0.0053821853302916,20,24.0,46,44.8,2.2,1.88,5,vit_base_patch32_224,ViT Base Patch 32 224,/Volumes/ssd/thesis_organization/ndb_ufes_data_organizer/results/phase2_tuning/phase2_all_results_vit_base_patch32_224_averaged.csv,338.9011614536732,0.2009909810174578,20,2.2,True
15,7,0.8575497021092298,317.0554461872702,1.1036552802717388,0.2003703574127454,0.0068881971986358,14,17.2,49,44.8,3.2857142857142856,2.6674937343358396,5,vit_base_patch32_224,ViT Base Patch 32 224,/Volumes/ssd/thesis_organization/ndb_ufes_data_organizer/results/phase2_tuning/phase2_all_results_vit_base_patch32_224_averaged.csv,317.0554461872702,0.2003703574127454,14,3.2857142857142856,True
15,8,0.8575497021092298,295.5895289086243,0.2767625836609524,0.1956690769674826,0.001317404918454,13,17.0,37,36.2,2.769230769230769,2.1788229340319125,5,vit_base_patch32_224,ViT Base Patch 32 224,/Volumes/ssd/thesis_organization/ndb_ufes_data_organizer/results/phase2_tuning/phase2_all_results_vit_base_patch32_224_averaged.csv,295.5895289086243,0.1956690769674826,13,2.769230769230769,True
15,9,0.8575497021092298,284.8408267871232,1.5485424086631727,0.1713108061792019,0.0087822912897465,12,13.2,36,31.2,3.0,2.3954945054945056,5,vit_base_patch32_224,ViT Base Patch 32 224,/Volumes/ssd/thesis_organization/ndb_ufes_data_organizer/results/phase2_tuning/phase2_all_results_vit_base_patch32_224_averaged.csv,284.8408267871232,0.1713108061792019,12,3.0,True
18,2,0.8785637577778049,573.6256781181522,0.0,0.3094626942422518,0.0,100,100.0,103,103.0,1.03,1.03,5,vit_base_patch32_224,ViT Base Patch 32 224,/Volumes/ssd/thesis_organization/ndb_ufes_data_organizer/results/phase2_tuning/phase2_all_results_vit_base_patch32_224_averaged.csv,573.6256781181522,0.3094626942422518,100,1.03,True
18,3,0.8785637577778049,470.8379385089249,0.0,0.2838367523869651,0.0,42,42.0,99,99.0,2.357142857142857,2.357142857142857,5,vit_base_patch32_224,ViT Base Patch 32 224,/Volumes/ssd/thesis_organization/ndb_ufes_data_organizer/results/phase2_tuning/phase2_all_results_vit_base_patch32_224_averaged.csv,470.8379385089249,0.2838367523869651,42,2.357142857142857,True
18,4,0.8785637577778049,415.6445013692916,0.0249953611639942,0.2263035100494742,3.550018039333793e-05,41,41.6,62,61.4,1.5121951219512195,1.4763066202090591,5,vit_base_patch32_224,ViT Base Patch 32 224,/Volumes/ssd/thesis_organization/ndb_ufes_data_organizer/results/phase2_tuning/phase2_all_results_vit_base_patch32_224_averaged.csv,415.6445013692916,0.2263035100494742,41,1.5121951219512195,True
18,5,0.8785637577778049,384.23664591627914,0.1841221717425629,0.2188788245270947,0.0005395655077398,23,24.4,62,61.6,2.6956521739130435,2.527463768115942,5,vit_base_patch32_224,ViT Base Patch 32 224,/Volumes/ssd/thesis_organization/ndb_ufes_data_organizer/results/phase2_tuning/phase2_all_results_vit_base_patch32_224_averaged.csv,384.23664591627914,0.2188788245270947,23,2.6956521739130435,True
18,6,0.8785637577778049,358.65895978674297,0.2440046492051537,0.1992218367339291,0.0060753953492761,15,22.6,49,45.8,3.2666666666666666,2.1253333333333333,5,vit_base_patch32_224,ViT Base Patch 32 224,/Volumes/ssd/thesis_organization/ndb_ufes_data_organizer/results/phase2_tuning/phase2_all_results_vit_base_patch32_224_averaged.csv,358.65895978674297,0.1992218367339291,15,3.2666666666666666,True
18,7,0.8785637577778049,336.99114499168263,1.3034398196854284,0.1939680011581993,0.0076613767976368,12,16.8,50,43.4,4.166666666666667,2.707311661506708,5,vit_base_patch32_224,ViT Base Patch 32 224,/Volumes/ssd/thesis_organization/ndb_ufes_data_organizer/results/phase2_tuning/phase2_all_results_vit_base_patch32_224_averaged.csv,336.99114499168263,0.1939680011581993,12,4.166666666666667,True
18,8,0.8785637577778049,317.69732129324376,4.118961379888327,0.1812321355569554,0.0134237977642867,11,14.4,39,37.2,3.363636363636364,2.6879841649578493,5,vit_base_patch32_224,ViT Base Patch 32 224,/Volumes/ssd/thesis_organization/ndb_ufes_data_organizer/results/phase2_tuning/phase2_all_results_vit_base_patch32_224_averaged.csv,317.69732129324376,0.1812321355569554,11,3.363636363636364,True
18,9,0.8785637577778049,303.6916004049168,1.3752862701076063,0.1623574414296466,0.0041773722850239,12,13.8,31,29.8,2.5,2.2031975867269984,5,vit_base_patch32_224,ViT Base Patch 32 224,/Volumes/ssd/thesis_organization/ndb_ufes_data_organizer/results/phase2_tuning/phase2_all_results_vit_base_patch32_224_averaged.csv,303.6916004049168,0.1623574414296466,12,2.5,True
20,2,0.889389287510407,584.4892392967579,0.0,0.3057297151210289,0.0,100,100.0,103,103.0,1.03,1.03,5,vit_base_patch32_224,ViT Base Patch 32 224,/Volumes/ssd/thesis_organization/ndb_ufes_data_organizer/results/phase2_tuning/phase2_all_results_vit_base_patch32_224_averaged.csv,584.4892392967579,0.3057297151210289,100,1.03,True
20,3,0.889389287510407,481.6911141748891,0.0316859990724612,0.2800563486153707,9.527448210376656e-05,42,42.2,99,99.0,2.357142857142857,2.3461794019933557,5,vit_base_patch32_224,ViT Base Patch 32 224,/Volumes/ssd/thesis_organization/ndb_ufes_data_organizer/results/phase2_tuning/phase2_all_results_vit_base_patch32_224_averaged.csv,481.6911141748891,0.2800563486153707,42,2.357142857142857,True
20,4,0.889389287510407,426.477411799541,0.0322762456797781,0.2218547237911554,1.443580517416765e-05,41,41.6,62,61.4,1.5121951219512195,1.4763066202090591,5,vit_base_patch32_224,ViT Base Patch 32 224,/Volumes/ssd/thesis_organization/ndb_ufes_data_organizer/results/phase2_tuning/phase2_all_results_vit_base_patch32_224_averaged.csv,426.477411799541,0.2218547237911554,41,1.5121951219512195,True
20,5,0.889389287510407,394.9964398239805,0.2417491598567751,0.2139385877847461,0.0008668717042913,23,24.8,62,61.6,2.6956521739130435,2.488361204013378,5,vit_base_patch32_224,ViT Base Patch 32 224,/Volumes/ssd/thesis_organization/ndb_ufes_data_organizer/results/phase2_tuning/phase2_all_results_vit_base_patch32_224_averaged.csv,394.9964398239805,0.2139385877847461,23,2.6956521739130435,True
20,6,0.889389287510407,369.60894074555137,0.5209096303954045,0.1890558712810431,0.0062592069952585,21,24.2,45,44.8,2.142857142857143,1.8605714285714283,5,vit_base_patch32_224,ViT Base Patch 32 224,/Volumes/ssd/thesis_organization/ndb_ufes_data_organizer/results/phase2_tuning/phase2_all_results_vit_base_patch32_224_averaged.csv,369.60894074555137,0.1890558712810431,21,2.142857142857143,True
20,7,0.889389287510407,347.44035554240867,2.0555995348289406,0.184575199990004,0.0056176923786222,16,18.6,45,42.2,2.8125,2.2893421052631577,5,vit_base_patch32_224,ViT Base Patch 32 224,/Volumes/ssd/thesis_organization/ndb_ufes_data_organizer/results/phase2_tuning/phase2_all_results_vit_base_patch32_224_averaged.csv,347.44035554240867,0.184575199990004,16,2.8125,True
20,8,0.889389287510407,328.6391097948587,5.0346272137436126,0.1780945204975867,0.010359765075978,12,13.6,44,38.0,3.6666666666666665,2.868627450980392,5,vit_base_patch32_224,ViT Base Patch 32 224,/Volumes/ssd/thesis_organization/ndb_ufes_data_organizer/results/phase2_tuning/phase2_all_results_vit_base_patch32_224_averaged.csv,328.6391097948587,0.1780945204975867,12,3.6666666666666665,True
20,9,0.889389287510407,313.0334117105518,0.2829015539716421,0.1595144474232839,0.0014520151154643,12,15.2,33,31.2,2.5833333333333335,2.0829411764705883,5,vit_base_patch32_224,ViT Base Patch 32 224,/Volumes/ssd/thesis_organization/ndb_ufes_data_organizer/results/phase2_tuning/phase2_all_results_vit_base_patch32_224_averaged.csv,313.0334117105518,0.1595144474232839,12,2.5833333333333335,True
25,2,0.9110779818731072,606.2936789689464,0.0,0.2982960959393305,0.0,100,100.0,103,103.0,1.03,1.03,5,vit_base_patch32_224,ViT Base Patch 32 224,/Volumes/ssd/thesis_organization/ndb_ufes_data_organizer/results/phase2_tuning/phase2_all_results_vit_base_patch32_224_averaged.csv,606.2936789689464,0.2982960959393305,100,1.03,True
25,3,0.9110779818731072,503.4181521101309,0.0,0.2721240045270116,0.0,42,42.0,99,99.0,2.357142857142857,2.357142857142857,5,vit_base_patch32_224,ViT Base Patch 32 224,/Volumes/ssd/thesis_organization/ndb_ufes_data_organizer/results/phase2_tuning/phase2_all_results_vit_base_patch32_224_averaged.csv,503.4181521101309,0.2721240045270116,42,2.357142857142857,True
25,4,0.9110779818731072,447.98198630874685,0.023503926473207,0.2139705846073754,0.0004120497991987,41,41.4,62,61.8,1.5121951219512195,1.4930313588850177,5,vit_base_patch32_224,ViT Base Patch 32 224,/Volumes/ssd/thesis_organization/ndb_ufes_data_organizer/results/phase2_tuning/phase2_all_results_vit_base_patch32_224_averaged.csv,447.98198630874685,0.2139705846073754,41,1.5121951219512195,True
25,5,0.9110779818731072,416.9401530169165,0.9041961213849052,0.2054224999685111,0.0016136938820723,23,25.4,62,61.6,2.6956521739130435,2.4447971014492755,5,vit_base_patch32_224,ViT Base Patch 32 224,/Volumes/ssd/thesis_organization/ndb_ufes_data_organizer/results/phase2_tuning/phase2_all_results_vit_base_patch32_224_averaged.csv,416.9401530169165,0.2054224999685111,23,2.6956521739130435,True
25,6,0.9110779818731072,391.5225794818325,0.593750099400443,0.1822257778814594,0.0063417813624446,22,24.6,46,43.6,2.0454545454545454,1.7878051948051947,5,vit_base_patch32_224,ViT Base Patch 32 224,/Volumes/ssd/thesis_organization/ndb_ufes_data_organizer/results/phase2_tuning/phase2_all_results_vit_base_patch32_224_averaged.csv,391.5225794818325,0.1822257778814594,22,2.0454545454545454,True
25,7,0.9110779818731072,370.1608816339202,0.6306996542450433,0.1760867503236692,0.0061719387289466,17,18.2,42,38.6,2.3529411764705883,2.129731682146543,5,vit_base_patch32_224,ViT Base Patch 32 224,/Volumes/ssd/thesis_organization/ndb_ufes_data_organizer/results/phase2_tuning/phase2_all_results_vit_base_patch32_224_averaged.csv,370.1608816339202,0.1760867503236692,17,2.3529411764705883,True
25,8,0.9110779818731072,348.3412996163196,3.7418272239447945,0.1718007135857036,0.008726204523953,12,14.2,45,37.4,3.75,2.705,5,vit_base_patch32_224,ViT Base Patch 32 224,/Volumes/ssd/thesis_organization/ndb_ufes_data_organizer/results/phase2_tuning/phase2_all_results_vit_base_patch32_224_averaged.csv,348.3412996163196,0.1718007135857036,12,3.75,True
25,9,0.9110779818731072,335.36979692386717,1.3258745078093124,0.15742122846627,0.0091847010588104,6,10.0,38,33.0,6.333333333333333,3.6833333333333336,5,vit_base_patch32_224,ViT Base Patch 32 224,/Volumes/ssd/thesis_organization/ndb_ufes_data_organizer/results/phase2_tuning/phase2_all_results_vit_base_patch32_224_averaged.csv,335.36979692386717,0.15742122846627,6,6.333333333333333,False
30,2,0.9265215303753532,621.8052236268711,0.0,0.2934376636027124,0.0,100,100.0,103,103.0,1.03,1.03,5,vit_base_patch32_224,ViT Base Patch 32 224,/Volumes/ssd/thesis_organization/ndb_ufes_data_organizer/results/phase2_tuning/phase2_all_results_vit_base_patch32_224_averaged.csv,621.8052236268711,0.2934376636027124,100,1.03,True
30,3,0.9265215303753532,518.9249070788838,0.0,0.2668852979080888,0.0,42,42.0,99,99.0,2.357142857142857,2.357142857142857,5,vit_base_patch32_224,ViT Base Patch 32 224,/Volumes/ssd/thesis_organization/ndb_ufes_data_organizer/results/phase2_tuning/phase2_all_results_vit_base_patch32_224_averaged.csv,518.9249070788838,0.2668852979080888,42,2.357142857142857,True
30,4,0.9265215303753532,463.4592512328674,0.0186554390719128,0.2080603375788621,0.0004824834277861,41,41.8,62,61.8,1.5121951219512195,1.4786295005807202,5,vit_base_patch32_224,ViT Base Patch 32 224,/Volumes/ssd/thesis_organization/ndb_ufes_data_organizer/results/phase2_tuning/phase2_all_results_vit_base_patch32_224_averaged.csv,463.4592512328674,0.2080603375788621,41,1.5121951219512195,True
30,5,0.9265215303753532,432.4020205225862,0.8358966907110351,0.199575110063271,0.0013320307810464,23,25.6,62,61.6,2.6956521739130435,2.4199474109099297,5,vit_base_patch32_224,ViT Base Patch 32 224,/Volumes/ssd/thesis_organization/ndb_ufes_data_organizer/results/phase2_tuning/phase2_all_results_vit_base_patch32_224_averaged.csv,432.4020205225862,0.199575110063271,23,2.6956521739130435,True
30,6,0.9265215303753532,406.5355275659568,0.472858952581809,0.1748761877131785,0.0070507832906289,24,24.8,46,44.2,1.9166666666666667,1.783794871794872,5,vit_base_patch32_224,ViT Base Patch 32 224,/Volumes/ssd/thesis_organization/ndb_ufes_data_organizer/results/phase2_tuning/phase2_all_results_vit_base_patch32_224_averaged.csv,406.5355275659568,0.1748761877131785,24,1.9166666666666667,True
30,7,0.9265215303753532,384.8327362467133,1.1302705818591217,0.1685859484586476,0.0038697176458352,13,17.8,45,39.2,3.4615384615384617,2.286789485024779,5,vit_base_patch32_224,ViT Base Patch 32 224,/Volumes/ssd/thesis_organization/ndb_ufes_data_organizer/results/phase2_tuning/phase2_all_results_vit_base_patch32_224_averaged.csv,384.8327362467133,0.1685859484586476,13,3.4615384615384617,True
30,8,0.9265215303753532,364.07493649814353,4.520646221285094,0.1672306056237954,0.0101386514345557,11,15.2,37,35.8,3.272727272727273,2.422878787878788,5,vit_base_patch32_224,ViT Base Patch 32 224,/Volumes/ssd/thesis_organization/ndb_ufes_data_organizer/results/phase2_tuning/phase2_all_results_vit_base_patch32_224_averaged.csv,364.07493649814353,0.1672306056237954,11,3.272727272727273,True
30,9,0.9265215303753532,350.05384629967614,1.4891530569315994,0.1510353853088134,0.0056510920048138,12,12.4,35,31.6,2.9166666666666665,2.561904761904762,5,vit_base_patch32_224,ViT Base Patch 32 224,/Volumes/ssd/thesis_organization/ndb_ufes_data_organizer/results/phase2_tuning/phase2_all_results_vit_base_patch32_224_averaged.csv,350.05384629967614,0.1510353853088134,12,2.9166666666666665,True
2,2,0.7718469225525996,15686.152395793975,0.0,0.4688153167329233,0.0,69,69.0,134,134.0,1.9420289855072463,1.9420289855072463,5,uni,UNI,/Volumes/ssd/thesis_organization/ndb_ufes_data_organizer/results/phase2_tuning/phase2_all_results_uni_averaged.csv,15686.152395793975,0.4688153167329233,69,1.9420289855072463,True
2,3,0.7718469225525996,11104.277469487975,3.810446878918194,0.3917502034622215,0.000945592111241,51,51.8,85,84.4,1.6346153846153846,1.629260935143288,5,uni,UNI,/Volumes/ssd/thesis_organization/ndb_ufes_data_organizer/results/phase2_tuning/phase2_all_results_uni_averaged.csv,11104.277469487975,0.3917502034622215,51,1.6346153846153846,True
2,4,0.7718469225525996,7788.393998264704,0.8557948302451719,0.4075904759993163,0.0002369968936933,26,26.0,67,66.8,2.576923076923077,2.5692307692307694,5,uni,UNI,/Volumes/ssd/thesis_organization/ndb_ufes_data_organizer/results/phase2_tuning/phase2_all_results_uni_averaged.csv,7788.393998264704,0.4075904759993163,26,2.576923076923077,True
2,5,0.7718469225525996,6332.661558935526,92.78807442474404,0.4115622234485402,0.007988477601012,18,19.8,68,65.8,3.7777777777777777,3.4095816464237516,5,uni,UNI,/Volumes/ssd/thesis_organization/ndb_ufes_data_organizer/results/phase2_tuning/phase2_all_results_uni_averaged.csv,6332.661558935526,0.4115622234485402,18,3.7777777777777777,True
2,6,0.7718469225525996,5247.930979295388,20.57503935511235,0.4056647344152904,0.0026948137622142,14,17.4,56,52.2,4.0,3.049122807017544,5,uni,UNI,/Volumes/ssd/thesis_organization/ndb_ufes_data_organizer/results/phase2_tuning/phase2_all_results_uni_averaged.csv,5247.930979295388,0.4056647344152904,14,4.0,True
2,7,0.7718469225525996,4375.467564640769,6.0236438150022815,0.3833287974701583,0.0026193251698784,14,15.6,40,37.4,2.7142857142857144,2.405357142857143,5,uni,UNI,/Volumes/ssd/thesis_organization/ndb_ufes_data_organizer/results/phase2_tuning/phase2_all_results_uni_averaged.csv,4375.467564640769,0.3833287974701583,14,2.7142857142857144,True
2,8,0.7718469225525996,3750.795074561572,19.29422147960857,0.3951754044143606,0.0030193758318475,6,6.0,40,36.8,6.666666666666667,6.133333333333334,5,uni,UNI,/Volumes/ssd/thesis_organization/ndb_ufes_data_organizer/results/phase2_tuning/phase2_all_results_uni_averaged.csv,3750.795074561572,0.3951754044143606,6,6.666666666666667,False
2,9,0.7718469225525996,3332.156020377068,15.32701309089276,0.387713841814024,0.004177077617059,6,6.0,38,35.2,6.333333333333333,5.866666666666666,5,uni,UNI,/Volumes/ssd/thesis_organization/ndb_ufes_data_organizer/results/phase2_tuning/phase2_all_results_uni_averaged.csv,3332.156020377068,0.387713841814024,6,6.333333333333333,False
3,2,0.8402546895891552,18670.09549164121,0.0,0.428594850442299,0.0,69,69.0,134,134.0,1.9420289855072463,1.9420289855072463,5,uni,UNI,/Volumes/ssd/thesis_organization/ndb_ufes_data_organizer/results/phase2_tuning/phase2_all_results_uni_averaged.csv,18670.09549164121,0.428594850442299,69,1.9420289855072463,True
3,3,0.8402546895891552,14076.76110703321,2.2249731011464964,0.3350486416965967,0.0003581382361725,51,51.6,85,84.0,1.6666666666666667,1.6282051282051282,5,uni,UNI,/Volumes/ssd/thesis_organization/ndb_ufes_data_organizer/results/phase2_tuning/phase2_all_results_uni_averaged.csv,14076.76110703321,0.3350486416965967,51,1.6666666666666667,True
3,4,0.8402546895891552,10738.415058212604,1.580646955494338,0.3405429657258206,0.000756951858943,26,26.0,67,66.6,2.576923076923077,2.5615384615384618,5,uni,UNI,/Volumes/ssd/thesis_organization/ndb_ufes_data_organizer/results/phase2_tuning/phase2_all_results_uni_averaged.csv,10738.415058212604,0.3405429657258206,26,2.576923076923077,True
3,5,0.8402546895891552,9253.139775449825,86.57116993688338,0.3423671586484482,0.0080189238837792,17,18.0,67,65.4,3.941176470588235,3.642621259029928,5,uni,UNI,/Volumes/ssd/thesis_organization/ndb_ufes_data_organizer/results/phase2_tuning/phase2_all_results_uni_averaged.csv,9253.139775449825,0.3423671586484482,17,3.941176470588235,True
3,6,0.8402546895891552,8177.106205247948,58.56434587097529,0.3142719731083049,0.0156582418096125,15,18.2,59,50.4,3.933333333333333,2.8753571428571427,5,uni,UNI,/Volumes/ssd/thesis_organization/ndb_ufes_data_organizer/results/phase2_tuning/phase2_all_results_uni_averaged.csv,8177.106205247948,0.3142719731083049,15,3.933333333333333,True
3,7,0.8402546895891552,7226.223972266234,33.4109301043087,0.2932093927535012,0.0044042345330516,14,14.4,46,38.8,3.2857142857142856,2.701904761904762,5,uni,UNI,/Volumes/ssd/thesis_organization/ndb_ufes_data_organizer/results/phase2_tuning/phase2_all_results_uni_averaged.csv,7226.223972266234,0.2932093927535012,14,3.2857142857142856,True
3,8,0.8402546895891552,6427.577123692183,26.38709222787544,0.3111849317819953,0.003525577602028,14,14.2,40,37.0,2.857142857142857,2.604761904761905,5,uni,UNI,/Volumes/ssd/thesis_organization/ndb_ufes_data_organizer/results/phase2_tuning/phase2_all_results_uni_averaged.csv,6427.577123692183,0.3111849317819953,14,2.857142857142857,True
3,9,0.8402546895891552,5871.1466747518125,65.38584160890402,0.3097297795115993,0.0095674476910734,6,8.0,39,35.4,6.5,4.963095238095238,5,uni,UNI,/Volumes/ssd/thesis_organization/ndb_ufes_data_organizer/results/phase2_tuning/phase2_all_results_uni_averaged.csv,5871.1466747518125,0.3097297795115993,6,6.5,False
4,2,0.8945248429555972,21039.763825094626,0.0,0.4035159473086709,0.0,69,69.0,134,134.0,1.9420289855072463,1.9420289855072463,5,uni,UNI,/Volumes/ssd/thesis_organization/ndb_ufes_data_organizer/results/phase2_tuning/phase2_all_results_uni_averaged.csv,21039.763825094626,0.4035159473086709,69,1.9420289855072463,True
4,3,0.8945248429555972,16429.543007591008,5.656261510903743,0.3038183491174568,0.0021643948566315,51,51.6,85,82.6,1.6470588235294117,1.6011312217194569,5,uni,UNI,/Volumes/ssd/thesis_organization/ndb_ufes_data_organizer/results/phase2_tuning/phase2_all_results_uni_averaged.csv,16429.543007591008,0.3038183491174568,51,1.6470588235294117,True
4,4,0.8945248429555972,13080.0546050414,0.0,0.2989851971799981,0.0,26,26.0,66,66.0,2.5384615384615383,2.5384615384615383,5,uni,UNI,/Volumes/ssd/thesis_organization/ndb_ufes_data_organizer/results/phase2_tuning/phase2_all_results_uni_averaged.csv,13080.0546050414,0.2989851971799981,26,2.5384615384615383,True
4,5,0.8945248429555972,11555.241477147025,107.818751710445,0.293723605641594,0.0069411101230811,20,22.6,64,61.2,3.2,2.732787878787879,5,uni,UNI,/Volumes/ssd/thesis_organization/ndb_ufes_data_organizer/results/phase2_tuning/phase2_all_results_uni_averaged.csv,11555.241477147025,0.293723605641594,20,3.2,True
4,6,0.8945248429555972,10312.77934964766,46.50246612261462,0.2822432969500044,0.0028059234397696,16,17.8,55,52.0,3.1875,2.929897660818713,5,uni,UNI,/Volumes/ssd/thesis_organization/ndb_ufes_data_organizer/results/phase2_tuning/phase2_all_results_uni_averaged.csv,10312.77934964766,0.2822432969500044,16,3.1875,True
4,7,0.8945248429555972,9450.350753481369,18.48442407266203,0.2410066979229606,0.0034959335394116,14,15.2,39,37.0,2.7857142857142856,2.463865546218487,5,uni,UNI,/Volumes/ssd/thesis_organization/ndb_ufes_data_organizer/results/phase2_tuning/phase2_all_results_uni_averaged.csv,9450.350753481369,0.2410066979229606,14,2.7857142857142856,True
4,8,0.8945248429555972,8687.037110492218,40.658526643751394,0.2589331410953988,0.0187279098265264,9,13.8,50,38.8,5.555555555555555,3.181699346405229,5,uni,UNI,/Volumes/ssd/thesis_organization/ndb_ufes_data_organizer/results/phase2_tuning/phase2_all_results_uni_averaged.csv,8687.037110492218,0.2589331410953988,9,5.555555555555555,False
4,9,0.8945248429555972,8037.438324973011,80.50520261715945,0.2597949780926257,0.0057826453265795,5,9.4,38,35.2,6.8,4.167936507936508,5,uni,UNI,/Volumes/ssd/thesis_organization/ndb_ufes_data_organizer/results/phase2_tuning/phase2_all_results_uni_averaged.csv,8037.438324973011,0.2597949780926257,5,6.8,False
5,2,0.9262165306714149,22417.23965171616,2.2525667831005416,0.3919372721291771,0.0010118150962598,69,70.0,134,133.0,1.9420289855072463,1.9004735660338845,5,uni,UNI,/Volumes/ssd/thesis_organization/ndb_ufes_data_organizer/results/phase2_tuning/phase2_all_results_uni_averaged.csv,22417.23965171616,0.3919372721291771,69,1.9420289855072463,True
5,3,0.9262165306714149,17549.322547092986,2.0466940038585304,0.2943616948929769,0.0017553511443783,51,52.0,88,85.2,1.7254901960784317,1.6389296792737416,5,uni,UNI,/Volumes/ssd/thesis_organization/ndb_ufes_data_organizer/results/phase2_tuning/phase2_all_results_uni_averaged.csv,17549.322547092986,0.2943616948929769,51,1.7254901960784317,True
5,4,0.9262165306714149,13855.720303506823,2.9422332141501606,0.2956999472043915,0.000301562303928,26,27.6,69,67.8,2.576923076923077,2.4661538461538464,5,uni,UNI,/Volumes/ssd/thesis_organization/ndb_ufes_data_organizer/results/phase2_tuning/phase2_all_results_uni_averaged.csv,13855.720303506823,0.2956999472043915,26,2.576923076923077,True
5,5,0.9262165306714149,12228.342097711058,5.936943615519558,0.2940384747039798,0.0002154352757902,22,22.0,63,62.4,2.863636363636364,2.836363636363637,5,uni,UNI,/Volumes/ssd/thesis_organization/ndb_ufes_data_organizer/results/phase2_tuning/phase2_all_results_uni_averaged.csv,12228.342097711058,0.2940384747039798,22,2.863636363636364,True
5,6,0.9262165306714149,10948.617389346657,21.32247376379749,0.2771526252204644,0.0019604560028587,18,18.8,51,50.6,2.8333333333333335,2.697017543859649,5,uni,UNI,/Volumes/ssd/thesis_organization/ndb_ufes_data_organizer/results/phase2_tuning/phase2_all_results_uni_averaged.csv,10948.617389346657,0.2771526252204644,18,2.8333333333333335,True
5,7,0.9262165306714149,10083.914578095428,20.68433057608122,0.236904851097574,0.002778522477158,14,16.0,37,37.0,2.642857142857143,2.3444106590004425,5,uni,UNI,/Volumes/ssd/thesis_organization/ndb_ufes_data_organizer/results/phase2_tuning/phase2_all_results_uni_averaged.csv,10083.914578095428,0.236904851097574,14,2.642857142857143,True
5,8,0.9262165306714149,9331.982807629442,34.826593751626106,0.241064555788613,0.0033158623223066,7,13.6,37,35.8,5.285714285714286,2.949903038138332,5,uni,UNI,/Volumes/ssd/thesis_organization/ndb_ufes_data_organizer/results/phase2_tuning/phase2_all_results_uni_averaged.csv,9331.982807629442,0.241064555788613,7,5.285714285714286,False
5,9,0.9262165306714149,8653.145602665354,41.58021398578192,0.2438428323811434,0.0042129683150639,5,10.2,36,34.4,7.0,3.9791208791208783,5,uni,UNI,/Volumes/ssd/thesis_organization/ndb_ufes_data_organizer/results/phase2_tuning/phase2_all_results_uni_averaged.csv,8653.145602665354,0.2438428323811434,5,7.0,False
6,2,0.9434499794652422,23164.13003778655,0.3195294597302215,0.386447296158813,0.0002515047191558,69,69.2,134,133.8,1.9420289855072463,1.933623188405797,5,uni,UNI,/Volumes/ssd/thesis_organization/ndb_ufes_data_organizer/results/phase2_tuning/phase2_all_results_uni_averaged.csv,23164.13003778655,0.386447296158813,69,1.9420289855072463,True
6,3,0.9434499794652422,18301.39195133846,5.458022808165004,0.2848673149610795,0.0021010204611306,51,51.4,88,85.8,1.7254901960784317,1.6694570135746605,5,uni,UNI,/Volumes/ssd/thesis_organization/ndb_ufes_data_organizer/results/phase2_tuning/phase2_all_results_uni_averaged.csv,18301.39195133846,0.2848673149610795,51,1.7254901960784317,True
6,4,0.9434499794652422,14571.12990687935,3.2705258985061874,0.2867465866950899,0.0004021974217057,26,26.0,68,67.2,2.6153846153846154,2.5846153846153848,5,uni,UNI,/Volumes/ssd/thesis_organization/ndb_ufes_data_organizer/results/phase2_tuning/phase2_all_results_uni_averaged.csv,14571.12990687935,0.2867465866950899,26,2.6153846153846154,True
6,5,0.9434499794652422,12934.24899566475,28.203803979446334,0.2855126663117907,0.0010836461970604,18,21.2,68,63.8,3.7777777777777777,3.0373737373737373,5,uni,UNI,/Volumes/ssd/thesis_organization/ndb_ufes_data_organizer/results/phase2_tuning/phase2_all_results_uni_averaged.csv,12934.24899566475,0.2855126663117907,18,3.7777777777777777,True
6,6,0.9434499794652422,11648.174412144575,64.62446079919546,0.2673659010657655,0.0021625989096104,14,18.6,58,52.6,4.142857142857143,2.9059398496240605,5,uni,UNI,/Volumes/ssd/thesis_organization/ndb_ufes_data_organizer/results/phase2_tuning/phase2_all_results_uni_averaged.csv,11648.174412144575,0.2673659010657655,14,4.142857142857143,True
6,7,0.9434499794652422,10780.793958987524,19.78746813539586,0.224613036992883,0.0021404012887018,14,17.2,39,36.4,2.7857142857142856,2.1503317116320213,5,uni,UNI,/Volumes/ssd/thesis_organization/ndb_ufes_data_organizer/results/phase2_tuning/phase2_all_results_uni_averaged.csv,10780.793958987524,0.224613036992883,14,2.7857142857142856,True
6,8,0.9434499794652422,10053.660718352094,60.070794313527614,0.2356727024627734,0.0101561705109533,7,11.6,45,36.6,6.428571428571429,3.619047619047619,5,uni,UNI,/Volumes/ssd/thesis_organization/ndb_ufes_data_organizer/results/phase2_tuning/phase2_all_results_uni_averaged.csv,10053.660718352094,0.2356727024627734,7,6.428571428571429,False
6,9,0.9434499794652422,9323.809448949683,148.76200924282492,0.233687646280374,0.0111004508521205,5,8.6,36,35.0,7.0,4.6049999999999995,5,uni,UNI,/Volumes/ssd/thesis_organization/ndb_ufes_data_organizer/results/phase2_tuning/phase2_all_results_uni_averaged.csv,9323.809448949683,0.233687646280374,5,7.0,False
7,2,0.9589205939870278,23836.534829563458,1.6604053591372048,0.3789887445332563,0.000796920551124,70,70.6,133,132.4,1.9,1.875492957746479,5,uni,UNI,/Volumes/ssd/thesis_organization/ndb_ufes_data_organizer/results/phase2_tuning/phase2_all_results_uni_averaged.csv,23836.534829563458,0.3789887445332563,70,1.9,True
7,3,0.9589205939870278,18971.95582679712,3.8734125103600903,0.2752402196363203,0.00133779817307,51,51.8,88,86.6,1.7254901960784317,1.6725618258914596,5,uni,UNI,/Volumes/ssd/thesis_organization/ndb_ufes_data_organizer/results/phase2_tuning/phase2_all_results_uni_averaged.csv,18971.95582679712,0.2752402196363203,51,1.7254901960784317,True
7,4,0.9589205939870278,15237.497747455642,18.258846409619967,0.2773581681788061,0.000577743494182,26,26.8,69,67.6,2.6153846153846154,2.5292307692307694,5,uni,UNI,/Volumes/ssd/thesis_organization/ndb_ufes_data_organizer/results/phase2_tuning/phase2_all_results_uni_averaged.csv,15237.497747455642,0.2773581681788061,26,2.6153846153846154,True
7,5,0.9589205939870278,13625.083271945845,59.13490537618976,0.2714611584068375,0.0050058778260144,20,21.6,64,62.6,3.05,2.900909090909091,5,uni,UNI,/Volumes/ssd/thesis_organization/ndb_ufes_data_organizer/results/phase2_tuning/phase2_all_results_uni_averaged.csv,13625.083271945845,0.2714611584068375,20,3.05,True
7,6,0.9589205939870278,12261.45432737837,8.102546788836486,0.2579356675212993,0.0011679528056479,19,19.8,55,52.2,2.75,2.637368421052632,5,uni,UNI,/Volumes/ssd/thesis_organization/ndb_ufes_data_organizer/results/phase2_tuning/phase2_all_results_uni_averaged.csv,12261.45432737837,0.2579356675212993,19,2.75,True
7,7,0.9589205939870278,11410.784334365706,15.123822770792923,0.2327277285625858,0.0238377210872368,9,15.8,52,41.8,5.777777777777778,2.958032335741314,5,uni,UNI,/Volumes/ssd/thesis_organization/ndb_ufes_data_organizer/results/phase2_tuning/phase2_all_results_uni_averaged.csv,11410.784334365706,0.2327277285625858,9,5.777777777777778,False
7,8,0.9589205939870278,10648.410210362974,78.47176451912867,0.2186903369808506,0.0074405921840143,7,12.4,38,35.4,5.428571428571429,3.2369264069264068,5,uni,UNI,/Volumes/ssd/thesis_organization/ndb_ufes_data_organizer/results/phase2_tuning/phase2_all_results_uni_averaged.csv,10648.410210362974,0.2186903369808506,7,5.428571428571429,False
7,9,0.9589205939870278,10043.714829467306,69.70636162514052,0.2276981275621064,0.0102431922271741,6,9.2,41,36.4,6.666666666666667,4.432380952380952,5,uni,UNI,/Volumes/ssd/thesis_organization/ndb_ufes_data_organizer/results/phase2_tuning/phase2_all_results_uni_averaged.csv,10043.714829467306,0.2276981275621064,6,6.666666666666667,False
8,2,0.9697216159585136,24299.178903195498,1.752901213635271,0.3768798070803574,0.000840485505598,68,69.2,135,133.8,1.9852941176470589,1.9341176470588235,5,uni,UNI,/Volumes/ssd/thesis_organization/ndb_ufes_data_organizer/results/phase2_tuning/phase2_all_results_uni_averaged.csv,24299.178903195498,0.3768798070803574,68,1.9852941176470589,True
8,3,0.9697216159585136,19429.17760097494,1.1115949537840508,0.2705418044752011,0.0010351333215965,51,52.0,88,86.4,1.7254901960784317,1.6625473121033612,5,uni,UNI,/Volumes/ssd/thesis_organization/ndb_ufes_data_organizer/results/phase2_tuning/phase2_all_results_uni_averaged.csv,19429.17760097494,0.2705418044752011,51,1.7254901960784317,True
8,4,0.9697216159585136,15699.78442196647,16.63460053525671,0.2722094252640268,0.0006472707460486,26,26.4,69,67.6,2.6538461538461537,2.562637362637363,5,uni,UNI,/Volumes/ssd/thesis_organization/ndb_ufes_data_organizer/results/phase2_tuning/phase2_all_results_uni_averaged.csv,15699.78442196647,0.2722094252640268,26,2.6538461538461537,True
8,5,0.9697216159585136,14089.971789408408,49.27144579140333,0.2660799160787735,0.0067622137985667,20,21.2,64,61.8,3.2,2.920909090909091,5,uni,UNI,/Volumes/ssd/thesis_organization/ndb_ufes_data_organizer/results/phase2_tuning/phase2_all_results_uni_averaged.csv,14089.971789408408,0.2660799160787735,20,3.2,True
8,6,0.9697216159585136,12718.790196287842,5.211780422305223,0.2488694484810198,0.0021878757609529,19,19.2,54,52.2,2.8421052631578947,2.7194736842105263,5,uni,UNI,/Volumes/ssd/thesis_organization/ndb_ufes_data_organizer/results/phase2_tuning/phase2_all_results_uni_averaged.csv,12718.790196287842,0.2488694484810198,19,2.8421052631578947,True
8,7,0.9697216159585136,11849.346399699763,47.102378025776595,0.2177648561912698,0.0221144736416293,13,15.8,50,39.2,2.9411764705882355,2.4999095022624434,5,uni,UNI,/Volumes/ssd/thesis_organization/ndb_ufes_data_organizer/results/phase2_tuning/phase2_all_results_uni_averaged.csv,11849.346399699763,0.2177648561912698,13,2.9411764705882355,True
8,8,0.9697216159585136,11051.911694563089,60.56476423824081,0.2163996415814867,0.0057304445733071,10,13.8,36,34.8,3.6,2.6042948717948717,5,uni,UNI,/Volumes/ssd/thesis_organization/ndb_ufes_data_organizer/results/phase2_tuning/phase2_all_results_uni_averaged.csv,11051.911694563089,0.2163996415814867,10,3.6,False
8,9,0.9697216159585136,10350.279220471612,129.68299717607502,0.222422622180324,0.0071152704039898,5,7.2,45,36.4,9.0,5.7384615384615385,5,uni,UNI,/Volumes/ssd/thesis_organization/ndb_ufes_data_organizer/results/phase2_tuning/phase2_all_results_uni_averaged.csv,10350.279220471612,0.222422622180324,5,9.0,False
10,2,0.9827059705657304,24864.256708891604,1.5842339213658767,0.3729870216775682,0.0007092417455689,68,68.4,135,134.6,1.9852941176470589,1.968235294117647,5,uni,UNI,/Volumes/ssd/thesis_organization/ndb_ufes_data_organizer/results/phase2_tuning/phase2_all_results_uni_averaged.csv,24864.256708891604,0.3729870216775682,68,1.9852941176470589,True
10,3,0.9827059705657304,19995.205843442815,4.63908445569427,0.2668133863793923,0.0020377750677123,50,51.2,89,85.2,1.78,1.6649900110987794,5,uni,UNI,/Volumes/ssd/thesis_organization/ndb_ufes_data_organizer/results/phase2_tuning/phase2_all_results_uni_averaged.csv,19995.205843442815,0.2668133863793923,50,1.78,True
10,4,0.9827059705657304,16242.255830373851,2.441617768757282,0.2661728127691521,0.0004558536954678,25,25.8,67,67.0,2.68,2.597538461538462,5,uni,UNI,/Volumes/ssd/thesis_organization/ndb_ufes_data_organizer/results/phase2_tuning/phase2_all_results_uni_averaged.csv,16242.255830373851,0.2661728127691521,25,2.68,True
10,5,0.9827059705657304,14592.901517190674,6.186779559890605,0.2641147327655123,0.0022424116147155,18,20.8,69,63.6,3.8333333333333335,3.0875757575757574,5,uni,UNI,/Volumes/ssd/thesis_organization/ndb_ufes_data_organizer/results/phase2_tuning/phase2_all_results_uni_averaged.csv,14592.901517190674,0.2641147327655123,18,3.8333333333333335,True
10,6,0.9827059705657304,13242.708804455073,15.143900573201703,0.2441995212835502,0.0021563694844095,17,18.6,54,51.8,3.0,2.7931578947368423,5,uni,UNI,/Volumes/ssd/thesis_organization/ndb_ufes_data_organizer/results/phase2_tuning/phase2_all_results_uni_averaged.csv,13242.708804455073,0.2441995212835502,17,3.0,True
10,7,0.9827059705657304,12378.829416306193,62.8511745062925,0.2120509262983561,0.0187162608833933,9,14.6,54,40.2,6.0,3.112735042735043,5,uni,UNI,/Volumes/ssd/thesis_organization/ndb_ufes_data_organizer/results/phase2_tuning/phase2_all_results_uni_averaged.csv,12378.829416306193,0.2120509262983561,9,6.0,False
10,8,0.9827059705657304,11538.494984591209,63.94622687257514,0.210171703869842,0.0050390295495967,6,12.4,38,36.0,6.333333333333333,3.295238095238095,5,uni,UNI,/Volumes/ssd/thesis_organization/ndb_ufes_data_organizer/results/phase2_tuning/phase2_all_results_uni_averaged.csv,11538.494984591209,0.210171703869842,6,6.333333333333333,False
10,9,0.9827059705657304,10904.955690813464,149.6654000213801,0.2096527016710618,0.0064814801655027,7,10.8,36,34.4,5.0,3.4766666666666666,5,uni,UNI,/Volumes/ssd/thesis_organization/ndb_ufes_data_organizer/results/phase2_tuning/phase2_all_results_uni_averaged.csv,10904.955690813464,0.2096527016710618,7,5.0,False
12,2,0.9877069855575396,25077.5300618689,1.7316689222034147,0.3704965706206111,0.0006988289717788,68,69.6,135,133.4,1.9852941176470589,1.917058823529412,5,uni,UNI,/Volumes/ssd/thesis_organization/ndb_ufes_data_organizer/results/phase2_tuning/phase2_all_results_uni_averaged.csv,25077.5300618689,0.3704965706206111,68,1.9852941176470589,True
12,3,0.9877069855575396,20209.704261074097,4.550746329059395,0.2639238427604051,0.0017957419755445,50,51.4,89,86.4,1.78,1.6825795206971677,5,uni,UNI,/Volumes/ssd/thesis_organization/ndb_ufes_data_organizer/results/phase2_tuning/phase2_all_results_uni_averaged.csv,20209.704261074097,0.2639238427604051,50,1.78,True
12,4,0.9877069855575396,16456.65660198073,2.312123282934111,0.2640979182734911,0.0004548625216556,25,25.8,67,67.0,2.68,2.597538461538462,5,uni,UNI,/Volumes/ssd/thesis_organization/ndb_ufes_data_organizer/results/phase2_tuning/phase2_all_results_uni_averaged.csv,16456.65660198073,0.2640979182734911,25,2.68,True
12,5,0.9877069855575396,14798.648261474043,11.144201366379413,0.2621125177297236,0.0019785913482034,18,20.8,68,63.8,3.7777777777777777,3.094646464646465,5,uni,UNI,/Volumes/ssd/thesis_organization/ndb_ufes_data_organizer/results/phase2_tuning/phase2_all_results_uni_averaged.csv,14798.648261474043,0.2621125177297236,18,3.7777777777777777,True
12,6,0.9877069855575396,13447.918477207892,16.126034264183012,0.2417157106579587,0.0018244777701348,19,19.4,53,52.2,2.789473684210526,2.691578947368421,5,uni,UNI,/Volumes/ssd/thesis_organization/ndb_ufes_data_organizer/results/phase2_tuning/phase2_all_results_uni_averaged.csv,13447.918477207892,0.2417157106579587,19,2.789473684210526,True
12,7,0.9877069855575396,12541.23092116596,18.504912908838705,0.2198695406560835,0.022703675869411,10,14.4,51,41.6,5.1,3.062900237017884,5,uni,UNI,/Volumes/ssd/thesis_organization/ndb_ufes_data_organizer/results/phase2_tuning/phase2_all_results_uni_averaged.csv,12541.23092116596,0.2198695406560835,10,5.1,False
12,8,0.9877069855575396,11723.621820960976,38.12234084404094,0.2175776983136509,0.0169671907048181,5,12.8,47,37.2,9.4,3.7825210084033616,5,uni,UNI,/Volumes/ssd/thesis_organization/ndb_ufes_data_organizer/results/phase2_tuning/phase2_all_results_uni_averaged.csv,11723.621820960976,0.2175776983136509,5,9.4,False
12,9,0.9877069855575396,11047.346945186937,124.58965910566054,0.2083008562418193,0.0064536433499589,6,8.4,36,34.6,5.5,4.3,5,uni,UNI,/Volumes/ssd/thesis_organization/ndb_ufes_data_organizer/results/phase2_tuning/phase2_all_results_uni_averaged.csv,11047.346945186937,0.2083008562418193,6,5.5,False
15,2,0.991379637906218,25238.50437694476,2.0742747964052235,0.3694940565940557,0.0008633296097428,68,69.2,135,133.8,1.9852941176470589,1.9341176470588235,5,uni,UNI,/Volumes/ssd/thesis_organization/ndb_ufes_data_organizer/results/phase2_tuning/phase2_all_results_uni_averaged.csv,25238.50437694476,0.3694940565940557,68,1.9852941176470589,True
15,3,0.991379637906218,20369.198442419445,4.345255164457147,0.2623132059018344,0.0017679458466337,50,51.4,89,86.4,1.78,1.6825795206971677,5,uni,UNI,/Volumes/ssd/thesis_organization/ndb_ufes_data_organizer/results/phase2_tuning/phase2_all_results_uni_averaged.csv,20369.198442419445,0.2623132059018344,50,1.78,True
15,4,0.991379637906218,16614.28389951148,2.3631336175309015,0.2623150528671611,0.0004523593510896,25,25.8,67,67.0,2.68,2.597538461538462,5,uni,UNI,/Volumes/ssd/thesis_organization/ndb_ufes_data_organizer/results/phase2_tuning/phase2_all_results_uni_averaged.csv,16614.28389951148,0.2623150528671611,25,2.68,True
15,5,0.991379637906218,14975.346322767937,36.420969671559945,0.2576320031520956,0.0033233767872819,20,21.2,63,62.0,3.15,2.9309090909090907,5,uni,UNI,/Volumes/ssd/thesis_organization/ndb_ufes_data_organizer/results/phase2_tuning/phase2_all_results_uni_averaged.csv,14975.346322767937,0.2576320031520956,20,3.15,True
15,6,0.991379637906218,13629.593229212373,36.51111692979739,0.2408294016267122,0.0018606380902606,17,18.8,55,52.0,3.235294117647059,2.779890903729913,5,uni,UNI,/Volumes/ssd/thesis_organization/ndb_ufes_data_organizer/results/phase2_tuning/phase2_all_results_uni_averaged.csv,13629.593229212373,0.2408294016267122,17,3.235294117647059,True
15,7,0.991379637906218,12712.23560023211,34.083204109353495,0.2088008849892189,0.0180460090450491,9,13.2,51,39.4,5.666666666666667,3.212131006248653,5,uni,UNI,/Volumes/ssd/thesis_organization/ndb_ufes_data_organizer/results/phase2_tuning/phase2_all_results_uni_averaged.csv,12712.23560023211,0.2088008849892189,9,5.666666666666667,False
15,8,0.991379637906218,11893.167174271945,41.61238161068454,0.2177665150105516,0.0160365095018556,5,12.2,47,38.4,9.4,3.951428571428571,5,uni,UNI,/Volumes/ssd/thesis_organization/ndb_ufes_data_organizer/results/phase2_tuning/phase2_all_results_uni_averaged.csv,11893.167174271945,0.2177665150105516,5,9.4,False
15,9,0.991379637906218,11173.81461642915,117.30455704516778,0.2125708654713471,0.0072889670487146,5,6.6,45,39.2,9.0,6.25,5,uni,UNI,/Volumes/ssd/thesis_organization/ndb_ufes_data_organizer/results/phase2_tuning/phase2_all_results_uni_averaged.csv,11173.81461642915,0.2125708654713471,5,9.0,False
18,2,0.993888673750406,25347.10939274415,1.6908642845526691,0.3685034637065119,0.0006893481102039,68,69.4,135,133.6,1.9852941176470589,1.925464620630861,5,uni,UNI,/Volumes/ssd/thesis_organization/ndb_ufes_data_organizer/results/phase2_tuning/phase2_all_results_uni_averaged.csv,25347.10939274415,0.3685034637065119,68,1.9852941176470589,True
18,3,0.993888673750406,20478.44485776184,4.1982452750031625,0.2613193714159729,0.001757854847769,50,51.4,89,86.4,1.78,1.6825795206971677,5,uni,UNI,/Volumes/ssd/thesis_organization/ndb_ufes_data_organizer/results/phase2_tuning/phase2_all_results_uni_averaged.csv,20478.44485776184,0.2613193714159729,50,1.78,True
18,4,0.993888673750406,16726.040937132955,6.704516732319715,0.2615163111290343,0.0006773859356134,25,25.8,69,67.4,2.68,2.612923076923077,5,uni,UNI,/Volumes/ssd/thesis_organization/ndb_ufes_data_organizer/results/phase2_tuning/phase2_all_results_uni_averaged.csv,16726.040937132955,0.2615163111290343,25,2.68,True
18,5,0.993888673750406,15078.742496135925,39.78348587888939,0.2568226831380457,0.0034438610359233,20,21.2,64,62.8,3.2,2.9681818181818183,5,uni,UNI,/Volumes/ssd/thesis_organization/ndb_ufes_data_organizer/results/phase2_tuning/phase2_all_results_uni_averaged.csv,15078.742496135925,0.2568226831380457,20,3.2,True
18,6,0.993888673750406,13730.106561216122,35.54658346098688,0.2387933659518251,0.001809180646726,18,19.2,53,51.4,2.789473684210526,2.680200501253133,5,uni,UNI,/Volumes/ssd/thesis_organization/ndb_ufes_data_organizer/results/phase2_tuning/phase2_all_results_uni_averaged.csv,13730.106561216122,0.2387933659518251,18,2.789473684210526,True
18,7,0.993888673750406,12817.073959211037,40.203376992845946,0.1977323395845558,0.004226991378607,13,14.6,38,36.4,2.923076923076923,2.52879767291532,5,uni,UNI,/Volumes/ssd/thesis_organization/ndb_ufes_data_organizer/results/phase2_tuning/phase2_all_results_uni_averaged.csv,12817.073959211037,0.1977323395845558,13,2.923076923076923,True
18,8,0.993888673750406,11979.764222611697,32.846564355678254,0.2090425295481461,0.0039350497950816,14,14.4,37,36.0,2.642857142857143,2.5089285714285716,5,uni,UNI,/Volumes/ssd/thesis_organization/ndb_ufes_data_organizer/results/phase2_tuning/phase2_all_results_uni_averaged.csv,11979.764222611697,0.2090425295481461,14,2.642857142857143,True
18,9,0.993888673750406,11274.259471973375,123.63574836677137,0.2100151496407077,0.007504469956317,5,6.8,45,39.4,9.0,6.166666666666666,5,uni,UNI,/Volumes/ssd/thesis_organization/ndb_ufes_data_organizer/results/phase2_tuning/phase2_all_results_uni_averaged.csv,11274.259471973375,0.2100151496407077,5,9.0,False
20,2,0.9949963502038276,25396.123832113444,2.0884087577917003,0.3683311924170414,0.0008685217185112,68,69.2,135,133.8,1.9852941176470589,1.9341176470588235,5,uni,UNI,/Volumes/ssd/thesis_organization/ndb_ufes_data_organizer/results/phase2_tuning/phase2_all_results_uni_averaged.csv,25396.123832113444,0.3683311924170414,68,1.9852941176470589,True
20,3,0.9949963502038276,20526.118414752826,4.223841631135825,0.2608881659730194,0.0017514098747069,50,51.4,89,86.4,1.78,1.6825795206971677,5,uni,UNI,/Volumes/ssd/thesis_organization/ndb_ufes_data_organizer/results/phase2_tuning/phase2_all_results_uni_averaged.csv,20526.118414752826,0.2608881659730194,50,1.78,True
20,4,0.9949963502038276,16773.249876254977,6.683386794437048,0.2610522768350479,0.0006799218680213,25,25.8,69,67.4,2.68,2.612923076923077,5,uni,UNI,/Volumes/ssd/thesis_organization/ndb_ufes_data_organizer/results/phase2_tuning/phase2_all_results_uni_averaged.csv,16773.249876254977,0.2610522768350479,25,2.68,True
20,5,0.9949963502038276,15124.801279023686,40.09373113348886,0.2563054346023202,0.0034215029832005,20,21.2,64,62.4,3.15,2.949090909090909,5,uni,UNI,/Volumes/ssd/thesis_organization/ndb_ufes_data_organizer/results/phase2_tuning/phase2_all_results_uni_averaged.csv,15124.801279023686,0.2563054346023202,20,3.15,True
20,6,0.9949963502038276,13774.907845360882,36.3747013649387,0.2382992040399894,0.0018313467989093,18,19.2,53,51.2,2.789473684210526,2.669674185463659,5,uni,UNI,/Volumes/ssd/thesis_organization/ndb_ufes_data_organizer/results/phase2_tuning/phase2_all_results_uni_averaged.csv,13774.907845360882,0.2382992040399894,18,2.789473684210526,True
20,7,0.9949963502038276,12856.024570216305,11.301902848315144,0.207552318299765,0.0176136961377556,9,13.2,50,39.6,5.555555555555555,3.2184802125978593,5,uni,UNI,/Volumes/ssd/thesis_organization/ndb_ufes_data_organizer/results/phase2_tuning/phase2_all_results_uni_averaged.csv,12856.024570216305,0.207552318299765,9,5.555555555555555,False
20,8,0.9949963502038276,12024.080268329964,37.68483832673595,0.2096502194945989,0.0039243825949153,14,14.4,37,35.8,2.642857142857143,2.494642857142857,5,uni,UNI,/Volumes/ssd/thesis_organization/ndb_ufes_data_organizer/results/phase2_tuning/phase2_all_results_uni_averaged.csv,12024.080268329964,0.2096502194945989,14,2.642857142857143,True
20,9,0.9949963502038276,11336.716506236531,122.13139396458712,0.2054701813280667,0.0071674089190326,6,8.0,44,37.4,7.333333333333333,5.3047619047619055,5,uni,UNI,/Volumes/ssd/thesis_organization/ndb_ufes_data_organizer/results/phase2_tuning/phase2_all_results_uni_averaged.csv,11336.716506236531,0.2054701813280667,6,7.333333333333333,False
25,2,0.996735121374346,25471.810759948432,2.077762203181661,0.3677728148979112,0.0008709333165875,68,69.2,135,133.8,1.9852941176470589,1.9341176470588235,5,uni,UNI,/Volumes/ssd/thesis_organization/ndb_ufes_data_organizer/results/phase2_tuning/phase2_all_results_uni_averaged.csv,25471.810759948432,0.3677728148979112,68,1.9852941176470589,True
25,3,0.996735121374346,20601.527121777723,4.214220788076225,0.2601710955821762,0.0017404665360607,50,51.4,89,86.4,1.78,1.6825795206971677,5,uni,UNI,/Volumes/ssd/thesis_organization/ndb_ufes_data_organizer/results/phase2_tuning/phase2_all_results_uni_averaged.csv,20601.527121777723,0.2601710955821762,50,1.78,True
25,4,0.996735121374346,16848.64819753613,6.7259384422717945,0.260267791745335,0.0006780598105867,25,25.8,69,67.4,2.68,2.612923076923077,5,uni,UNI,/Volumes/ssd/thesis_organization/ndb_ufes_data_organizer/results/phase2_tuning/phase2_all_results_uni_averaged.csv,16848.64819753613,0.260267791745335,25,2.68,True
25,5,0.996735121374346,15199.997074653424,39.95603905194137,0.2554845450401342,0.0034073505456822,20,21.2,64,62.4,3.15,2.949090909090909,5,uni,UNI,/Volumes/ssd/thesis_organization/ndb_ufes_data_organizer/results/phase2_tuning/phase2_all_results_uni_averaged.csv,15199.997074653424,0.2554845450401342,20,3.15,True
25,6,0.996735121374346,13851.245689545674,35.0780468756055,0.2384516344451133,0.0019089952784978,18,19.0,55,52.0,3.0555555555555554,2.743943191311613,5,uni,UNI,/Volumes/ssd/thesis_organization/ndb_ufes_data_organizer/results/phase2_tuning/phase2_all_results_uni_averaged.csv,13851.245689545674,0.2384516344451133,18,3.0555555555555554,True
25,7,0.996735121374346,12921.958131130588,12.184720186447768,0.2142338311095708,0.0228710497541831,9,14.0,50,41.6,5.555555555555555,3.2100553041729514,5,uni,UNI,/Volumes/ssd/thesis_organization/ndb_ufes_data_organizer/results/phase2_tuning/phase2_all_results_uni_averaged.csv,12921.958131130588,0.2142338311095708,9,5.555555555555555,False
25,8,0.996735121374346,12074.742485371418,36.57887980568211,0.2067561226022815,0.0025697247574315,13,14.6,37,35.0,2.642857142857143,2.4141483516483517,5,uni,UNI,/Volumes/ssd/thesis_organization/ndb_ufes_data_organizer/results/phase2_tuning/phase2_all_results_uni_averaged.csv,12074.742485371418,0.2067561226022815,13,2.642857142857143,True
25,9,0.996735121374346,11407.07841804365,126.67700510340536,0.2025192885074796,0.0068326814239759,6,8.6,44,37.2,7.333333333333333,4.871428571428572,5,uni,UNI,/Volumes/ssd/thesis_organization/ndb_ufes_data_organizer/results/phase2_tuning/phase2_all_results_uni_averaged.csv,11407.07841804365,0.2025192885074796,6,7.333333333333333,False
30,2,0.9978195112437472,25519.06638572366,2.110691506002713,0.3673957490414988,0.0008703382125475,68,69.2,135,133.8,1.9852941176470589,1.9341176470588235,5,uni,UNI,/Volumes/ssd/thesis_organization/ndb_ufes_data_organizer/results/phase2_tuning/phase2_all_results_uni_averaged.csv,25519.06638572366,0.3673957490414988,68,1.9852941176470589,True
30,3,0.9978195112437472,20648.38451230317,4.210059627330897,0.2597326550907224,0.0017346984737936,50,51.4,89,86.4,1.78,1.6825795206971677,5,uni,UNI,/Volumes/ssd/thesis_organization/ndb_ufes_data_organizer/results/phase2_tuning/phase2_all_results_uni_averaged.csv,20648.38451230317,0.2597326550907224,50,1.78,True
30,4,0.9978195112437472,16895.00326043756,6.70143140726658,0.2597894820773636,0.0006792956385109,25,25.8,69,67.4,2.68,2.612923076923077,5,uni,UNI,/Volumes/ssd/thesis_organization/ndb_ufes_data_organizer/results/phase2_tuning/phase2_all_results_uni_averaged.csv,16895.00326043756,0.2597894820773636,25,2.68,True
30,5,0.9978195112437472,15250.087279180752,36.57794043320776,0.2547862297276818,0.0032762070430259,20,21.2,63,62.0,3.15,2.9309090909090907,5,uni,UNI,/Volumes/ssd/thesis_organization/ndb_ufes_data_organizer/results/phase2_tuning/phase2_all_results_uni_averaged.csv,15250.087279180752,0.2547862297276818,20,3.15,True
30,6,0.9978195112437472,13885.245967689389,36.900753061095095,0.2376127312804429,0.0019762164795047,18,19.4,55,52.6,3.0555555555555554,2.720609857978279,5,uni,UNI,/Volumes/ssd/thesis_organization/ndb_ufes_data_organizer/results/phase2_tuning/phase2_all_results_uni_averaged.csv,13885.245967689389,0.2376127312804429,18,3.0555555555555554,True
30,7,0.9978195112437472,12984.308054925215,23.65068268475784,0.2139016834947752,0.0226481808080794,9,14.4,50,42.0,5.555555555555555,3.1633699633699637,5,uni,UNI,/Volumes/ssd/thesis_organization/ndb_ufes_data_organizer/results/phase2_tuning/phase2_all_results_uni_averaged.csv,12984.308054925215,0.2139016834947752,9,5.555555555555555,False
30,8,0.9978195112437472,12125.900030151448,43.40134341497586,0.2123008885488237,0.0162784397131232,6,13.0,48,37.2,8.0,3.4855769230769234,5,uni,UNI,/Volumes/ssd/thesis_organization/ndb_ufes_data_organizer/results/phase2_tuning/phase2_all_results_uni_averaged.csv,12125.900030151448,0.2123008885488237,6,8.0,False
30,9,0.9978195112437472,11460.975532356357,120.89589716171452,0.2041351992736169,0.0048732899226293,4,6.6,44,37.6,8.75,6.15,5,uni,UNI,/Volumes/ssd/thesis_organization/ndb_ufes_data_organizer/results/phase2_tuning/phase2_all_results_uni_averaged.csv,11460.975532356357,0.2041351992736169,4,8.75,False
2,2,0.3504834443021943,4362.6041927750375,0.0,0.4148545305852457,0.0,99,99.0,104,104.0,1.0505050505050506,1.0505050505050506,5,vit_base_patch16_224,ViT Base Patch 16 224,/Volumes/ssd/thesis_organization/ndb_ufes_data_organizer/results/phase2_tuning/phase2_all_results_vit_base_patch16_224_averaged.csv,4362.6041927750375,0.4148545305852457,99,1.0505050505050506,True
2,3,0.3504834443021943,3038.076046019579,0.5072851441092984,0.4204509344240296,0.0010356369786277,42,44.8,95,94.6,2.261904761904762,2.114238659890834,5,vit_base_patch16_224,ViT Base Patch 16 224,/Volumes/ssd/thesis_organization/ndb_ufes_data_organizer/results/phase2_tuning/phase2_all_results_vit_base_patch16_224_averaged.csv,3038.076046019579,0.4204509344240296,42,2.261904761904762,True
2,4,0.3504834443021943,2214.038630445028,0.4777463501411845,0.3946001381446787,0.0002751609124658,36,36.0,69,69.0,1.9166666666666667,1.9166666666666667,5,vit_base_patch16_224,ViT Base Patch 16 224,/Volumes/ssd/thesis_organization/ndb_ufes_data_organizer/results/phase2_tuning/phase2_all_results_vit_base_patch16_224_averaged.csv,2214.038630445028,0.3946001381446787,36,1.9166666666666667,True
2,5,0.3504834443021943,1602.5901049396357,1.636687199783429,0.405956507614276,0.0003511919890802,29,29.8,54,49.2,1.862068965517241,1.6524137931034484,5,vit_base_patch16_224,ViT Base Patch 16 224,/Volumes/ssd/thesis_organization/ndb_ufes_data_organizer/results/phase2_tuning/phase2_all_results_vit_base_patch16_224_averaged.csv,1602.5901049396357,0.405956507614276,29,1.862068965517241,True
2,6,0.3504834443021943,1307.1883106466994,2.257159400570168,0.4156429713691709,0.0009886019978412,28,29.6,42,41.8,1.4642857142857142,1.4128571428571428,5,vit_base_patch16_224,ViT Base Patch 16 224,/Volumes/ssd/thesis_organization/ndb_ufes_data_organizer/results/phase2_tuning/phase2_all_results_vit_base_patch16_224_averaged.csv,1307.1883106466994,0.4156429713691709,28,1.4642857142857142,True
2,7,0.3504834443021943,1083.177762801562,5.289105911299587,0.4180950466115987,0.0051462144444513,15,15.8,44,38.4,2.466666666666667,2.4364912280701754,5,vit_base_patch16_224,ViT Base Patch 16 224,/Volumes/ssd/thesis_organization/ndb_ufes_data_organizer/results/phase2_tuning/phase2_all_results_vit_base_patch16_224_averaged.csv,1083.177762801562,0.4180950466115987,15,2.466666666666667,True
2,8,0.3504834443021943,889.878250622642,0.4846050485875017,0.4286761333102901,0.0040055236318703,12,12.0,39,38.4,3.25,3.2,5,vit_base_patch16_224,ViT Base Patch 16 224,/Volumes/ssd/thesis_organization/ndb_ufes_data_organizer/results/phase2_tuning/phase2_all_results_vit_base_patch16_224_averaged.csv,889.878250622642,0.4286761333102901,12,3.25,True
2,9,0.3504834443021943,793.2903085375608,2.8370318697626806,0.4184081245755082,0.0049407132188364,11,12.2,38,34.2,3.1666666666666665,2.8205128205128203,5,vit_base_patch16_224,ViT Base Patch 16 224,/Volumes/ssd/thesis_organization/ndb_ufes_data_organizer/results/phase2_tuning/phase2_all_results_vit_base_patch16_224_averaged.csv,793.2903085375608,0.4184081245755082,11,3.1666666666666665,True
3,2,0.4405898279454622,6514.466277048361,0.4948346868974764,0.3357276296955996,5.784714240895034e-05,99,99.6,104,103.4,1.0505050505050506,1.03820202020202,5,vit_base_patch16_224,ViT Base Patch 16 224,/Volumes/ssd/thesis_organization/ndb_ufes_data_organizer/results/phase2_tuning/phase2_all_results_vit_base_patch16_224_averaged.csv,6514.466277048361,0.3357276296955996,99,1.0505050505050506,True
3,3,0.4405898279454622,4859.713509161588,2.6031912993603727,0.3408193193240508,0.0007694935638187,63,64.0,75,73.4,1.1904761904761905,1.1470856227106228,5,vit_base_patch16_224,ViT Base Patch 16 224,/Volumes/ssd/thesis_organization/ndb_ufes_data_organizer/results/phase2_tuning/phase2_all_results_vit_base_patch16_224_averaged.csv,4859.713509161588,0.3408193193240508,63,1.1904761904761905,True
3,4,0.4405898279454622,3604.338549332399,7.79248051194738,0.3582841968163733,0.0039970547754331,21,21.8,68,66.4,3.238095238095238,3.0582857142857143,5,vit_base_patch16_224,ViT Base Patch 16 224,/Volumes/ssd/thesis_organization/ndb_ufes_data_organizer/results/phase2_tuning/phase2_all_results_vit_base_patch16_224_averaged.csv,3604.338549332399,0.3582841968163733,21,3.238095238095238,True
3,5,0.4405898279454622,2816.684414497304,0.056379990447046,0.3669856350782035,0.0001351935567478,20,20.0,55,55.0,2.75,2.75,5,vit_base_patch16_224,ViT Base Patch 16 224,/Volumes/ssd/thesis_organization/ndb_ufes_data_organizer/results/phase2_tuning/phase2_all_results_vit_base_patch16_224_averaged.csv,2816.684414497304,0.3669856350782035,20,2.75,True
3,6,0.4405898279454622,2330.6307952903844,0.0864668588248339,0.3733531062671612,0.0002663134643731,20,20.0,50,49.4,2.5,2.47,5,vit_base_patch16_224,ViT Base Patch 16 224,/Volumes/ssd/thesis_organization/ndb_ufes_data_organizer/results/phase2_tuning/phase2_all_results_vit_base_patch16_224_averaged.csv,2330.6307952903844,0.3733531062671612,20,2.5,True
3,7,0.4405898279454622,1995.5969767560175,0.705013479988356,0.3591553797141359,0.0003094558524934,16,16.0,39,39.0,2.4375,2.4375,5,vit_base_patch16_224,ViT Base Patch 16 224,/Volumes/ssd/thesis_organization/ndb_ufes_data_organizer/results/phase2_tuning/phase2_all_results_vit_base_patch16_224_averaged.csv,1995.5969767560175,0.3591553797141359,16,2.4375,True
3,8,0.4405898279454622,1789.04495957041,4.863498694343492,0.3491119755378275,0.0032307371575217,14,15.6,34,32.6,2.2857142857142856,2.094642857142857,5,vit_base_patch16_224,ViT Base Patch 16 224,/Volumes/ssd/thesis_organization/ndb_ufes_data_organizer/results/phase2_tuning/phase2_all_results_vit_base_patch16_224_averaged.csv,1789.04495957041,0.3491119755378275,14,2.2857142857142856,True
3,9,0.4405898279454622,1632.9331916321078,8.661621104550187,0.3431611456765444,0.0060955745503524,13,14.6,31,30.4,2.3846153846153846,2.093827838827839,5,vit_base_patch16_224,ViT Base Patch 16 224,/Volumes/ssd/thesis_organization/ndb_ufes_data_organizer/results/phase2_tuning/phase2_all_results_vit_base_patch16_224_averaged.csv,1632.9331916321078,0.3431611456765444,13,2.3846153846153846,True
4,2,0.5126669900109692,8239.245105471302,0.4453840310827756,0.2902364411396362,7.536485284597412e-05,100,100.4,103,102.6,1.03,1.021960396039604,5,vit_base_patch16_224,ViT Base Patch 16 224,/Volumes/ssd/thesis_organization/ndb_ufes_data_organizer/results/phase2_tuning/phase2_all_results_vit_base_patch16_224_averaged.csv,8239.245105471302,0.2902364411396362,100,1.03,True
4,3,0.5126669900109692,6475.283912137227,0.0,0.2879661133679184,0.0,54,54.0,75,75.0,1.3888888888888888,1.3888888888888888,5,vit_base_patch16_224,ViT Base Patch 16 224,/Volumes/ssd/thesis_organization/ndb_ufes_data_organizer/results/phase2_tuning/phase2_all_results_vit_base_patch16_224_averaged.csv,6475.283912137227,0.2879661133679184,54,1.3888888888888888,True
4,4,0.5126669900109692,5218.074086825063,4.731757392198307,0.2991549089572711,0.0038895464651955,21,22.2,75,69.6,3.5714285714285716,3.168065268065268,5,vit_base_patch16_224,ViT Base Patch 16 224,/Volumes/ssd/thesis_organization/ndb_ufes_data_organizer/results/phase2_tuning/phase2_all_results_vit_base_patch16_224_averaged.csv,5218.074086825063,0.2991549089572711,21,3.5714285714285716,True
4,5,0.5126669900109692,4305.166163698261,9.41609655385773,0.308613313603246,0.0020245651368027,20,20.6,55,54.4,2.75,2.6423809523809525,5,vit_base_patch16_224,ViT Base Patch 16 224,/Volumes/ssd/thesis_organization/ndb_ufes_data_organizer/results/phase2_tuning/phase2_all_results_vit_base_patch16_224_averaged.csv,4305.166163698261,0.308613313603246,20,2.75,True
4,6,0.5126669900109692,3670.3622392202624,4.578224201063866,0.3197708826139386,0.0003708227034329,20,20.8,50,47.8,2.5,2.3,5,vit_base_patch16_224,ViT Base Patch 16 224,/Volumes/ssd/thesis_organization/ndb_ufes_data_organizer/results/phase2_tuning/phase2_all_results_vit_base_patch16_224_averaged.csv,3670.3622392202624,0.3197708826139386,20,2.5,True
4,7,0.5126669900109692,3240.168199367222,1.4500434091519447,0.317778448461548,0.0011718199624632,19,19.8,48,47.6,2.473684210526316,2.404736842105263,5,vit_base_patch16_224,ViT Base Patch 16 224,/Volumes/ssd/thesis_organization/ndb_ufes_data_organizer/results/phase2_tuning/phase2_all_results_vit_base_patch16_224_averaged.csv,3240.168199367222,0.317778448461548,19,2.473684210526316,True
4,8,0.5126669900109692,2912.2070869133368,2.458163917552075,0.2993985666106882,0.0010060744421592,16,16.0,32,31.2,2.0,1.95,5,vit_base_patch16_224,ViT Base Patch 16 224,/Volumes/ssd/thesis_organization/ndb_ufes_data_organizer/results/phase2_tuning/phase2_all_results_vit_base_patch16_224_averaged.csv,2912.2070869133368,0.2993985666106882,16,2.0,True
4,9,0.5126669900109692,2694.333967427368,5.562089725723651,0.2947562524080077,0.0058929587024601,11,14.8,32,31.4,2.8181818181818183,2.164469696969697,5,vit_base_patch16_224,ViT Base Patch 16 224,/Volumes/ssd/thesis_organization/ndb_ufes_data_organizer/results/phase2_tuning/phase2_all_results_vit_base_patch16_224_averaged.csv,2694.333967427368,0.2947562524080077,11,2.8181818181818183,True
5,2,0.5601140877143415,9379.08771574363,0.4101657828750114,0.2670421335905914,1.2931427973342695e-05,100,100.4,103,102.6,1.03,1.021960396039604,5,vit_base_patch16_224,ViT Base Patch 16 224,/Volumes/ssd/thesis_organization/ndb_ufes_data_organizer/results/phase2_tuning/phase2_all_results_vit_base_patch16_224_averaged.csv,9379.08771574363,0.2670421335905914,100,1.03,True
5,3,0.5601140877143415,7540.519239136821,0.0,0.2628863474553871,0.0,54,54.0,75,75.0,1.3888888888888888,1.3888888888888888,5,vit_base_patch16_224,ViT Base Patch 16 224,/Volumes/ssd/thesis_organization/ndb_ufes_data_organizer/results/phase2_tuning/phase2_all_results_vit_base_patch16_224_averaged.csv,7540.519239136821,0.2628863474553871,54,1.3888888888888888,True
5,4,0.5601140877143415,6256.9268765451125,2.2225358813079485,0.264732288582549,0.0028376161948246,33,33.6,61,59.6,1.8484848484848484,1.774331550802139,5,vit_base_patch16_224,ViT Base Patch 16 224,/Volumes/ssd/thesis_organization/ndb_ufes_data_organizer/results/phase2_tuning/phase2_all_results_vit_base_patch16_224_averaged.csv,6256.9268765451125,0.264732288582549,33,1.8484848484848484,True
5,5,0.5601140877143415,5204.071866467844,5.745547079685773,0.291701202507055,0.0018627551720337,21,21.8,54,52.4,2.5714285714285716,2.4075757575757577,5,vit_base_patch16_224,ViT Base Patch 16 224,/Volumes/ssd/thesis_organization/ndb_ufes_data_organizer/results/phase2_tuning/phase2_all_results_vit_base_patch16_224_averaged.csv,5204.071866467844,0.291701202507055,21,2.5714285714285716,True
5,6,0.5601140877143415,4489.808914530658,2.5564404303189763,0.2993680031875319,0.0003839641690204,19,20.4,49,49.0,2.5789473684210527,2.405789473684211,5,vit_base_patch16_224,ViT Base Patch 16 224,/Volumes/ssd/thesis_organization/ndb_ufes_data_organizer/results/phase2_tuning/phase2_all_results_vit_base_patch16_224_averaged.csv,4489.808914530658,0.2993680031875319,19,2.5789473684210527,True
5,7,0.5601140877143415,4035.8196669261974,4.903763370102849,0.2924218768289624,0.0003878021823075,19,19.8,49,47.6,2.5789473684210527,2.4057894736842105,5,vit_base_patch16_224,ViT Base Patch 16 224,/Volumes/ssd/thesis_organization/ndb_ufes_data_organizer/results/phase2_tuning/phase2_all_results_vit_base_patch16_224_averaged.csv,4035.8196669261974,0.2924218768289624,19,2.5789473684210527,True
5,8,0.5601140877143415,3691.87650806609,4.427263015729717,0.2731344172701822,0.0018985616989316,16,16.6,38,34.0,2.235294117647059,2.0512254901960785,5,vit_base_patch16_224,ViT Base Patch 16 224,/Volumes/ssd/thesis_organization/ndb_ufes_data_organizer/results/phase2_tuning/phase2_all_results_vit_base_patch16_224_averaged.csv,3691.87650806609,0.2731344172701822,16,2.235294117647059,True
5,9,0.5601140877143415,3451.615971359789,6.768541773391593,0.2731039247266107,0.0035506243002942,12,15.4,30,30.0,2.5,1.9779411764705883,5,vit_base_patch16_224,ViT Base Patch 16 224,/Volumes/ssd/thesis_organization/ndb_ufes_data_organizer/results/phase2_tuning/phase2_all_results_vit_base_patch16_224_averaged.csv,3451.615971359789,0.2731039247266107,12,2.5,True
6,2,0.5926000901089423,10156.10295357133,0.0191630894426683,0.2521110555227062,0.0002227584539825,100,100.4,103,102.6,1.03,1.021960396039604,5,vit_base_patch16_224,ViT Base Patch 16 224,/Volumes/ssd/thesis_organization/ndb_ufes_data_organizer/results/phase2_tuning/phase2_all_results_vit_base_patch16_224_averaged.csv,10156.10295357133,0.2521110555227062,100,1.03,True
6,3,0.5926000901089423,8304.934839551755,0.0,0.2440028726136095,0.0,54,54.0,75,75.0,1.3888888888888888,1.3888888888888888,5,vit_base_patch16_224,ViT Base Patch 16 224,/Volumes/ssd/thesis_organization/ndb_ufes_data_organizer/results/phase2_tuning/phase2_all_results_vit_base_patch16_224_averaged.csv,8304.934839551755,0.2440028726136095,54,1.3888888888888888,True
6,4,0.5926000901089423,7001.24950720559,11.267952132181296,0.2495133029098045,0.0042146153688475,23,25.8,75,71.2,3.260869565217391,2.8481573498964803,5,vit_base_patch16_224,ViT Base Patch 16 224,/Volumes/ssd/thesis_organization/ndb_ufes_data_organizer/results/phase2_tuning/phase2_all_results_vit_base_patch16_224_averaged.csv,7001.24950720559,0.2495133029098045,23,3.260869565217391,True
6,5,0.5926000901089423,5911.392562903526,0.2776218740940739,0.2718975924856966,0.0007239136666228,22,22.0,54,50.8,2.4545454545454546,2.3090909090909095,5,vit_base_patch16_224,ViT Base Patch 16 224,/Volumes/ssd/thesis_organization/ndb_ufes_data_organizer/results/phase2_tuning/phase2_all_results_vit_base_patch16_224_averaged.csv,5911.392562903526,0.2718975924856966,22,2.4545454545454546,True
6,6,0.5926000901089423,5202.878825549583,5.183627618752199,0.2759459052129413,0.000722036613612,21,21.6,49,49.0,2.3333333333333335,2.2696969696969695,5,vit_base_patch16_224,ViT Base Patch 16 224,/Volumes/ssd/thesis_organization/ndb_ufes_data_organizer/results/phase2_tuning/phase2_all_results_vit_base_patch16_224_averaged.csv,5202.878825549583,0.2759459052129413,21,2.3333333333333335,True
6,7,0.5926000901089423,4756.24204081107,34.90031487102705,0.2644567295105037,0.0041382706747145,15,19.0,48,46.6,3.2,2.49,5,vit_base_patch16_224,ViT Base Patch 16 224,/Volumes/ssd/thesis_organization/ndb_ufes_data_organizer/results/phase2_tuning/phase2_all_results_vit_base_patch16_224_averaged.csv,4756.24204081107,0.2644567295105037,15,3.2,True
6,8,0.5926000901089423,4396.698905816284,6.642580858789167,0.2472966287674011,0.0018710121070594,16,16.4,35,33.8,2.1875,2.0666666666666664,5,vit_base_patch16_224,ViT Base Patch 16 224,/Volumes/ssd/thesis_organization/ndb_ufes_data_organizer/results/phase2_tuning/phase2_all_results_vit_base_patch16_224_averaged.csv,4396.698905816284,0.2472966287674011,16,2.1875,True
6,9,0.5926000901089423,4173.059083448496,8.509645599772021,0.2385542790577271,0.0033552190245086,10,12.4,34,33.0,3.3,2.7350000000000003,5,vit_base_patch16_224,ViT Base Patch 16 224,/Volumes/ssd/thesis_organization/ndb_ufes_data_organizer/results/phase2_tuning/phase2_all_results_vit_base_patch16_224_averaged.csv,4173.059083448496,0.2385542790577271,10,3.3,False
7,2,0.6196488847475076,10805.573410000954,0.0,0.241644987866975,0.0,101,101.0,102,102.0,1.00990099009901,1.00990099009901,5,vit_base_patch16_224,ViT Base Patch 16 224,/Volumes/ssd/thesis_organization/ndb_ufes_data_organizer/results/phase2_tuning/phase2_all_results_vit_base_patch16_224_averaged.csv,10805.573410000954,0.241644987866975,101,1.00990099009901,True
7,3,0.6196488847475076,8946.624223073919,0.7476386358105678,0.2303465696688622,0.0002555523790485,52,53.6,77,75.4,1.4807692307692308,1.4072649572649572,5,vit_base_patch16_224,ViT Base Patch 16 224,/Volumes/ssd/thesis_organization/ndb_ufes_data_organizer/results/phase2_tuning/phase2_all_results_vit_base_patch16_224_averaged.csv,8946.624223073919,0.2303465696688622,52,1.4807692307692308,True
7,4,0.6196488847475076,7628.15026099927,3.0931320497345935,0.237346822467923,0.0008622201332413,23,23.6,76,72.4,3.3043478260869565,3.0695652173913044,5,vit_base_patch16_224,ViT Base Patch 16 224,/Volumes/ssd/thesis_organization/ndb_ufes_data_organizer/results/phase2_tuning/phase2_all_results_vit_base_patch16_224_averaged.csv,7628.15026099927,0.237346822467923,23,3.3043478260869565,True
7,5,0.6196488847475076,6504.090148062893,2.5854493195940105,0.2578186161561421,0.0011394982208393,22,22.4,54,53.4,2.4545454545454546,2.386363636363636,5,vit_base_patch16_224,ViT Base Patch 16 224,/Volumes/ssd/thesis_organization/ndb_ufes_data_organizer/results/phase2_tuning/phase2_all_results_vit_base_patch16_224_averaged.csv,6504.090148062893,0.2578186161561421,22,2.4545454545454546,True
7,6,0.6196488847475076,5771.144540803162,4.464101638203437,0.2632836944789627,0.0020783591293937,18,19.6,53,51.4,2.9444444444444446,2.6575757575757577,5,vit_base_patch16_224,ViT Base Patch 16 224,/Volumes/ssd/thesis_organization/ndb_ufes_data_organizer/results/phase2_tuning/phase2_all_results_vit_base_patch16_224_averaged.csv,5771.144540803162,0.2632836944789627,18,2.9444444444444446,True
7,7,0.6196488847475076,5293.4232478652675,4.633662952052403,0.2513999042786309,0.0039959649253516,14,16.8,48,47.2,3.4285714285714284,2.882857142857143,5,vit_base_patch16_224,ViT Base Patch 16 224,/Volumes/ssd/thesis_organization/ndb_ufes_data_organizer/results/phase2_tuning/phase2_all_results_vit_base_patch16_224_averaged.csv,5293.4232478652675,0.2513999042786309,14,3.4285714285714284,True
7,8,0.6196488847475076,4951.191928503033,13.056300329649844,0.2313779268065999,0.0028150936266195,14,15.6,34,33.0,2.357142857142857,2.1246638655462187,5,vit_base_patch16_224,ViT Base Patch 16 224,/Volumes/ssd/thesis_organization/ndb_ufes_data_organizer/results/phase2_tuning/phase2_all_results_vit_base_patch16_224_averaged.csv,4951.191928503033,0.2313779268065999,14,2.357142857142857,True
7,9,0.6196488847475076,4696.6820079033905,21.44147285704325,0.2261635314008666,0.0047215154491863,12,12.8,33,32.2,2.75,2.5285714285714285,5,vit_base_patch16_224,ViT Base Patch 16 224,/Volumes/ssd/thesis_organization/ndb_ufes_data_organizer/results/phase2_tuning/phase2_all_results_vit_base_patch16_224_averaged.csv,4696.6820079033905,0.2261635314008666,12,2.75,True
8,2,0.6435999530117813,11380.913275193336,0.0,0.2324153972556066,0.0,101,101.0,102,102.0,1.00990099009901,1.00990099009901,5,vit_base_patch16_224,ViT Base Patch 16 224,/Volumes/ssd/thesis_organization/ndb_ufes_data_organizer/results/phase2_tuning/phase2_all_results_vit_base_patch16_224_averaged.csv,11380.913275193336,0.2324153972556066,101,1.00990099009901,True
8,3,0.6435999530117813,9515.268035868728,0.0,0.2195679279248553,0.0,54,54.0,75,75.0,1.3888888888888888,1.3888888888888888,5,vit_base_patch16_224,ViT Base Patch 16 224,/Volumes/ssd/thesis_organization/ndb_ufes_data_organizer/results/phase2_tuning/phase2_all_results_vit_base_patch16_224_averaged.csv,9515.268035868728,0.2195679279248553,54,1.3888888888888888,True
8,4,0.6435999530117813,8199.262570850284,20.46308752566346,0.2255162344444461,0.0007271979593273,22,26.4,76,70.4,3.1818181818181817,2.802153110047847,5,vit_base_patch16_224,ViT Base Patch 16 224,/Volumes/ssd/thesis_organization/ndb_ufes_data_organizer/results/phase2_tuning/phase2_all_results_vit_base_patch16_224_averaged.csv,8199.262570850284,0.2255162344444461,22,3.1818181818181817,True
8,5,0.6435999530117813,7051.567478070572,1.3865002928593126,0.2431220142495775,0.0002613892146815,24,24.0,54,52.0,2.25,2.166666666666667,5,vit_base_patch16_224,ViT Base Patch 16 224,/Volumes/ssd/thesis_organization/ndb_ufes_data_organizer/results/phase2_tuning/phase2_all_results_vit_base_patch16_224_averaged.csv,7051.567478070572,0.2431220142495775,24,2.25,True
8,6,0.6435999530117813,6316.797747820895,6.669462366034376,0.2489578479493688,0.0016523613387984,18,19.6,53,51.0,2.9444444444444446,2.6232323232323234,5,vit_base_patch16_224,ViT Base Patch 16 224,/Volumes/ssd/thesis_organization/ndb_ufes_data_organizer/results/phase2_tuning/phase2_all_results_vit_base_patch16_224_averaged.csv,6316.797747820895,0.2489578479493688,18,2.9444444444444446,True
8,7,0.6435999530117813,5827.16455523391,18.264708319661136,0.2373511433880719,0.0041839082432414,14,15.8,49,47.2,3.5,3.029206349206349,5,vit_base_patch16_224,ViT Base Patch 16 224,/Volumes/ssd/thesis_organization/ndb_ufes_data_organizer/results/phase2_tuning/phase2_all_results_vit_base_patch16_224_averaged.csv,5827.16455523391,0.2373511433880719,14,3.5,True
8,8,0.6435999530117813,5468.748934554827,36.53507586319732,0.2194843223704445,0.0035068990773994,14,14.6,36,34.0,2.5714285714285716,2.338214285714286,5,vit_base_patch16_224,ViT Base Patch 16 224,/Volumes/ssd/thesis_organization/ndb_ufes_data_organizer/results/phase2_tuning/phase2_all_results_vit_base_patch16_224_averaged.csv,5468.748934554827,0.2194843223704445,14,2.5714285714285716,True
8,9,0.6435999530117813,5191.49577350973,15.727239529225178,0.2153028182838042,0.0038149005520261,12,14.0,34,32.2,2.8333333333333335,2.3291666666666666,5,vit_base_patch16_224,ViT Base Patch 16 224,/Volumes/ssd/thesis_organization/ndb_ufes_data_organizer/results/phase2_tuning/phase2_all_results_vit_base_patch16_224_averaged.csv,5191.49577350973,0.2153028182838042,12,2.8333333333333335,True
10,2,0.6856712899839917,12391.560745527486,0.0,0.2177237139242813,0.0,101,101.0,102,102.0,1.00990099009901,1.00990099009901,5,vit_base_patch16_224,ViT Base Patch 16 224,/Volumes/ssd/thesis_organization/ndb_ufes_data_organizer/results/phase2_tuning/phase2_all_results_vit_base_patch16_224_averaged.csv,12391.560745527486,0.2177237139242813,101,1.00990099009901,True
10,3,0.6856712899839917,10515.607950508427,0.14355232458004,0.2028771445064148,0.0004325569456412,52,52.8,77,76.2,1.4807692307692308,1.444017094017094,5,vit_base_patch16_224,ViT Base Patch 16 224,/Volumes/ssd/thesis_organization/ndb_ufes_data_organizer/results/phase2_tuning/phase2_all_results_vit_base_patch16_224_averaged.csv,10515.607950508427,0.2028771445064148,52,1.4807692307692308,True
10,4,0.6856712899839917,9189.06953734034,4.779350260611258,0.2057039806724984,0.0008440110961379,24,24.6,76,70.0,3.1666666666666665,2.848666666666667,5,vit_base_patch16_224,ViT Base Patch 16 224,/Volumes/ssd/thesis_organization/ndb_ufes_data_organizer/results/phase2_tuning/phase2_all_results_vit_base_patch16_224_averaged.csv,9189.06953734034,0.2057039806724984,24,3.1666666666666665,True
10,5,0.6856712899839917,8020.511151529757,1.233124129498804,0.2232307655479308,0.0012427593087137,22,23.2,53,51.8,2.409090909090909,2.2371212121212123,5,vit_base_patch16_224,ViT Base Patch 16 224,/Volumes/ssd/thesis_organization/ndb_ufes_data_organizer/results/phase2_tuning/phase2_all_results_vit_base_patch16_224_averaged.csv,8020.511151529757,0.2232307655479308,22,2.409090909090909,True
10,6,0.6856712899839917,7272.931498326028,15.591237712523906,0.229519610991183,0.0013206339558961,15,19.2,52,50.0,3.3333333333333335,2.656565656565657,5,vit_base_patch16_224,ViT Base Patch 16 224,/Volumes/ssd/thesis_organization/ndb_ufes_data_organizer/results/phase2_tuning/phase2_all_results_vit_base_patch16_224_averaged.csv,7272.931498326028,0.229519610991183,15,3.3333333333333335,True
10,7,0.6856712899839917,6791.703466152791,25.88311587431107,0.2130787845524156,0.0042049589254313,14,17.8,49,47.8,3.5,2.756666666666667,5,vit_base_patch16_224,ViT Base Patch 16 224,/Volumes/ssd/thesis_organization/ndb_ufes_data_organizer/results/phase2_tuning/phase2_all_results_vit_base_patch16_224_averaged.csv,6791.703466152791,0.2130787845524156,14,3.5,True
10,8,0.6856712899839917,6444.79414157638,56.48412310171088,0.191475303362091,0.005926538116425,14,14.8,39,35.2,2.7857142857142856,2.3923809523809525,5,vit_base_patch16_224,ViT Base Patch 16 224,/Volumes/ssd/thesis_organization/ndb_ufes_data_organizer/results/phase2_tuning/phase2_all_results_vit_base_patch16_224_averaged.csv,6444.79414157638,0.191475303362091,14,2.7857142857142856,True
10,9,0.6856712899839917,6140.534469209652,19.209822735482568,0.1907404255919056,0.0053638620833507,11,12.6,34,32.4,2.909090909090909,2.604895104895105,5,vit_base_patch16_224,ViT Base Patch 16 224,/Volumes/ssd/thesis_organization/ndb_ufes_data_organizer/results/phase2_tuning/phase2_all_results_vit_base_patch16_224_averaged.csv,6140.534469209652,0.1907404255919056,11,2.909090909090909,True
12,2,0.717299561974881,13150.818298923155,0.0,0.2080742236521976,0.0,101,101.0,102,102.0,1.00990099009901,1.00990099009901,5,vit_base_patch16_224,ViT Base Patch 16 224,/Volumes/ssd/thesis_organization/ndb_ufes_data_organizer/results/phase2_tuning/phase2_all_results_vit_base_patch16_224_averaged.csv,13150.818298923155,0.2080742236521976,101,1.00990099009901,True
12,3,0.717299561974881,11271.39046893846,0.1165370733876277,0.1908497290039992,0.0003016726620097,52,52.4,77,76.6,1.4807692307692308,1.4623931623931623,5,vit_base_patch16_224,ViT Base Patch 16 224,/Volumes/ssd/thesis_organization/ndb_ufes_data_organizer/results/phase2_tuning/phase2_all_results_vit_base_patch16_224_averaged.csv,11271.39046893846,0.1908497290039992,52,1.4807692307692308,True
12,4,0.717299561974881,9957.512758725072,39.84715614465407,0.194817261447556,0.0005980692749632,23,26.0,76,72.8,3.3043478260869565,2.89975845410628,5,vit_base_patch16_224,ViT Base Patch 16 224,/Volumes/ssd/thesis_organization/ndb_ufes_data_organizer/results/phase2_tuning/phase2_all_results_vit_base_patch16_224_averaged.csv,9957.512758725072,0.194817261447556,23,3.3043478260869565,True
12,5,0.717299561974881,8771.736201359696,5.823048612295403,0.2090961414894227,0.0012345133013067,22,23.4,55,51.8,2.391304347826087,2.216897233201581,5,vit_base_patch16_224,ViT Base Patch 16 224,/Volumes/ssd/thesis_organization/ndb_ufes_data_organizer/results/phase2_tuning/phase2_all_results_vit_base_patch16_224_averaged.csv,8771.736201359696,0.2090961414894227,22,2.391304347826087,True
12,6,0.717299561974881,8004.728666433803,2.7682845883448417,0.2156060717775089,0.0013795420140026,18,18.4,53,52.0,2.9444444444444446,2.8333333333333335,5,vit_base_patch16_224,ViT Base Patch 16 224,/Volumes/ssd/thesis_organization/ndb_ufes_data_organizer/results/phase2_tuning/phase2_all_results_vit_base_patch16_224_averaged.csv,8004.728666433803,0.2156060717775089,18,2.9444444444444446,True
12,7,0.717299561974881,7515.19138549052,8.73701926448801,0.1978249525629858,0.0009561548229601,17,17.8,49,47.6,2.764705882352941,2.6777433780529756,5,vit_base_patch16_224,ViT Base Patch 16 224,/Volumes/ssd/thesis_organization/ndb_ufes_data_organizer/results/phase2_tuning/phase2_all_results_vit_base_patch16_224_averaged.csv,7515.19138549052,0.1978249525629858,17,2.764705882352941,True
12,8,0.717299561974881,7137.007383619093,21.537939615087637,0.1804992331477366,0.0029553340581203,15,16.2,35,33.2,2.2666666666666666,2.05406862745098,5,vit_base_patch16_224,ViT Base Patch 16 224,/Volumes/ssd/thesis_organization/ndb_ufes_data_organizer/results/phase2_tuning/phase2_all_results_vit_base_patch16_224_averaged.csv,7137.007383619093,0.1804992331477366,15,2.2666666666666666,True
12,9,0.717299561974881,6869.279993777738,18.143424620933196,0.1750382208146128,0.0026392325609554,10,12.6,32,31.6,3.2,2.563809523809524,5,vit_base_patch16_224,ViT Base Patch 16 224,/Volumes/ssd/thesis_organization/ndb_ufes_data_organizer/results/phase2_tuning/phase2_all_results_vit_base_patch16_224_averaged.csv,6869.279993777738,0.1750382208146128,10,3.2,False
15,2,0.7518043793596957,13977.268730393112,0.0,0.1984573498205986,0.0,101,101.0,102,102.0,1.00990099009901,1.00990099009901,5,vit_base_patch16_224,ViT Base Patch 16 224,/Volumes/ssd/thesis_organization/ndb_ufes_data_organizer/results/phase2_tuning/phase2_all_results_vit_base_patch16_224_averaged.csv,13977.268730393112,0.1984573498205986,101,1.00990099009901,True
15,3,0.7518043793596957,12096.278794531992,1.397277911562684,0.1794099995767285,0.0002010810054164,50,51.4,79,77.6,1.58,1.5114672586015536,5,vit_base_patch16_224,ViT Base Patch 16 224,/Volumes/ssd/thesis_organization/ndb_ufes_data_organizer/results/phase2_tuning/phase2_all_results_vit_base_patch16_224_averaged.csv,12096.278794531992,0.1794099995767285,50,1.58,True
15,4,0.7518043793596957,10751.991972199896,3.166801429165696,0.1843043427228978,0.0009303730648813,22,23.4,75,72.6,3.260869565217391,3.1044466403162057,5,vit_base_patch16_224,ViT Base Patch 16 224,/Volumes/ssd/thesis_organization/ndb_ufes_data_organizer/results/phase2_tuning/phase2_all_results_vit_base_patch16_224_averaged.csv,10751.991972199896,0.1843043427228978,22,3.260869565217391,True
15,5,0.7518043793596957,9571.967892723498,1.4889269647701922,0.1963586684814475,0.0004124911903225,23,23.8,52,50.6,2.217391304347826,2.1268115942028984,5,vit_base_patch16_224,ViT Base Patch 16 224,/Volumes/ssd/thesis_organization/ndb_ufes_data_organizer/results/phase2_tuning/phase2_all_results_vit_base_patch16_224_averaged.csv,9571.967892723498,0.1963586684814475,23,2.217391304347826,True
15,6,0.7518043793596957,8805.294868154515,3.816704902086832,0.2014466799178702,0.0019828457199857,18,20.0,53,49.8,2.9444444444444446,2.516883116883117,5,vit_base_patch16_224,ViT Base Patch 16 224,/Volumes/ssd/thesis_organization/ndb_ufes_data_organizer/results/phase2_tuning/phase2_all_results_vit_base_patch16_224_averaged.csv,8805.294868154515,0.2014466799178702,18,2.9444444444444446,True
15,7,0.7518043793596957,8330.970108334473,36.924552852884155,0.187383857706787,0.0028260907456873,12,16.2,52,48.8,4.333333333333333,3.1408590102707747,5,vit_base_patch16_224,ViT Base Patch 16 224,/Volumes/ssd/thesis_organization/ndb_ufes_data_organizer/results/phase2_tuning/phase2_all_results_vit_base_patch16_224_averaged.csv,8330.970108334473,0.187383857706787,12,4.333333333333333,True
15,8,0.7518043793596957,7935.384391794987,22.393549434909954,0.1730110552689912,0.0073407167612534,10,13.8,46,38.6,4.6,2.934285714285714,5,vit_base_patch16_224,ViT Base Patch 16 224,/Volumes/ssd/thesis_organization/ndb_ufes_data_organizer/results/phase2_tuning/phase2_all_results_vit_base_patch16_224_averaged.csv,7935.384391794987,0.1730110552689912,10,4.6,False
15,9,0.7518043793596957,7653.828701499343,33.177842633153304,0.1644606251751959,0.0063429444626769,12,13.6,39,33.4,2.7857142857142856,2.4785714285714286,5,vit_base_patch16_224,ViT Base Patch 16 224,/Volumes/ssd/thesis_organization/ndb_ufes_data_organizer/results/phase2_tuning/phase2_all_results_vit_base_patch16_224_averaged.csv,7653.828701499343,0.1644606251751959,12,2.7857142857142856,True
18,2,0.780349700858833,14661.524181173903,0.0,0.191537613970868,0.0,101,101.0,102,102.0,1.00990099009901,1.00990099009901,5,vit_base_patch16_224,ViT Base Patch 16 224,/Volumes/ssd/thesis_organization/ndb_ufes_data_organizer/results/phase2_tuning/phase2_all_results_vit_base_patch16_224_averaged.csv,14661.524181173903,0.191537613970868,101,1.00990099009901,True
18,3,0.780349700858833,12779.67090987682,0.0,0.1717204561535614,0.0,50,50.0,79,79.0,1.58,1.58,5,vit_base_patch16_224,ViT Base Patch 16 224,/Volumes/ssd/thesis_organization/ndb_ufes_data_organizer/results/phase2_tuning/phase2_all_results_vit_base_patch16_224_averaged.csv,12779.67090987682,0.1717204561535614,50,1.58,True
18,4,0.780349700858833,11429.270341553807,3.0228908037290014,0.176647371552476,0.0012748423749001,22,23.4,76,73.8,3.363636363636364,3.1582345191040844,5,vit_base_patch16_224,ViT Base Patch 16 224,/Volumes/ssd/thesis_organization/ndb_ufes_data_organizer/results/phase2_tuning/phase2_all_results_vit_base_patch16_224_averaged.csv,11429.270341553807,0.176647371552476,22,3.363636363636364,True
18,5,0.780349700858833,10248.374300921829,7.815146953636278,0.1880308859834048,0.0016022900184414,22,23.6,56,53.0,2.409090909090909,2.2484848484848485,5,vit_base_patch16_224,ViT Base Patch 16 224,/Volumes/ssd/thesis_organization/ndb_ufes_data_organizer/results/phase2_tuning/phase2_all_results_vit_base_patch16_224_averaged.csv,10248.374300921829,0.1880308859834048,22,2.409090909090909,True
18,6,0.780349700858833,9475.698147054483,8.400624307632345,0.1918384967411905,0.0014098507767642,18,18.8,53,51.0,2.9444444444444446,2.7343434343434345,5,vit_base_patch16_224,ViT Base Patch 16 224,/Volumes/ssd/thesis_organization/ndb_ufes_data_organizer/results/phase2_tuning/phase2_all_results_vit_base_patch16_224_averaged.csv,9475.698147054483,0.1918384967411905,18,2.9444444444444446,True
18,7,0.780349700858833,8993.259492358533,56.77314159895572,0.1803821846152579,0.0053615321679395,11,14.0,53,48.2,4.818181818181818,3.5206601731601737,5,vit_base_patch16_224,ViT Base Patch 16 224,/Volumes/ssd/thesis_organization/ndb_ufes_data_organizer/results/phase2_tuning/phase2_all_results_vit_base_patch16_224_averaged.csv,8993.259492358533,0.1803821846152579,11,4.818181818181818,True
18,8,0.780349700858833,8613.575838359437,62.89478254403133,0.1582062434844881,0.0044882504034042,13,16.0,34,33.0,2.5384615384615383,2.088329562594269,5,vit_base_patch16_224,ViT Base Patch 16 224,/Volumes/ssd/thesis_organization/ndb_ufes_data_organizer/results/phase2_tuning/phase2_all_results_vit_base_patch16_224_averaged.csv,8613.575838359437,0.1582062434844881,13,2.5384615384615383,True
18,9,0.780349700858833,8270.54159319562,35.41006580945622,0.1592113367546763,0.0037683696238024,7,12.0,36,33.4,4.857142857142857,2.9923076923076923,5,vit_base_patch16_224,ViT Base Patch 16 224,/Volumes/ssd/thesis_organization/ndb_ufes_data_organizer/results/phase2_tuning/phase2_all_results_vit_base_patch16_224_averaged.csv,8270.54159319562,0.1592113367546763,7,4.857142857142857,False
20,2,0.7965398467061695,15049.927193894437,0.0,0.1876003048297879,0.0,101,101.0,102,102.0,1.00990099009901,1.00990099009901,5,vit_base_patch16_224,ViT Base Patch 16 224,/Volumes/ssd/thesis_organization/ndb_ufes_data_organizer/results/phase2_tuning/phase2_all_results_vit_base_patch16_224_averaged.csv,15049.927193894437,0.1876003048297879,101,1.00990099009901,True
20,3,0.7965398467061695,13157.800296349777,0.0,0.1679963397774926,0.0,52,52.0,77,77.0,1.4807692307692308,1.4807692307692308,5,vit_base_patch16_224,ViT Base Patch 16 224,/Volumes/ssd/thesis_organization/ndb_ufes_data_organizer/results/phase2_tuning/phase2_all_results_vit_base_patch16_224_averaged.csv,13157.800296349777,0.1679963397774926,52,1.4807692307692308,True
20,4,0.7965398467061695,11808.252596533308,2.7447663638774364,0.1714228720953899,0.0007548959444683,24,24.2,75,72.0,3.125,2.977,5,vit_base_patch16_224,ViT Base Patch 16 224,/Volumes/ssd/thesis_organization/ndb_ufes_data_organizer/results/phase2_tuning/phase2_all_results_vit_base_patch16_224_averaged.csv,11808.252596533308,0.1714228720953899,24,3.125,True
20,5,0.7965398467061695,10617.280260238716,2.1368523837490967,0.1830271010280292,0.0008314542883272,22,23.6,51,51.0,2.3181818181818183,2.1636363636363636,5,vit_base_patch16_224,ViT Base Patch 16 224,/Volumes/ssd/thesis_organization/ndb_ufes_data_organizer/results/phase2_tuning/phase2_all_results_vit_base_patch16_224_averaged.csv,10617.280260238716,0.1830271010280292,22,2.3181818181818183,True
20,6,0.7965398467061695,9852.116090225389,3.970514084793603,0.1868766863670304,0.001759805964419,18,19.2,53,51.4,2.9444444444444446,2.701010101010101,5,vit_base_patch16_224,ViT Base Patch 16 224,/Volumes/ssd/thesis_organization/ndb_ufes_data_organizer/results/phase2_tuning/phase2_all_results_vit_base_patch16_224_averaged.csv,9852.116090225389,0.1868766863670304,18,2.9444444444444446,True
20,7,0.7965398467061695,9341.67735494631,10.906698787594143,0.1715982877312516,0.0031261778278818,14,17.2,52,49.4,3.5714285714285716,2.925572263993317,5,vit_base_patch16_224,ViT Base Patch 16 224,/Volumes/ssd/thesis_organization/ndb_ufes_data_organizer/results/phase2_tuning/phase2_all_results_vit_base_patch16_224_averaged.csv,9341.67735494631,0.1715982877312516,14,3.5714285714285716,True
20,8,0.7965398467061695,8965.26383741188,54.273385501069136,0.1573511550321765,0.005324039319117,12,14.4,45,36.6,3.75,2.5977380952380953,5,vit_base_patch16_224,ViT Base Patch 16 224,/Volumes/ssd/thesis_organization/ndb_ufes_data_organizer/results/phase2_tuning/phase2_all_results_vit_base_patch16_224_averaged.csv,8965.26383741188,0.1573511550321765,12,3.75,True
20,9,0.7965398467061695,8630.099381472426,13.744909556237534,0.1539621420020285,0.0015915844637492,13,13.8,36,34.2,2.769230769230769,2.4864468864468865,5,vit_base_patch16_224,ViT Base Patch 16 224,/Volumes/ssd/thesis_organization/ndb_ufes_data_organizer/results/phase2_tuning/phase2_all_results_vit_base_patch16_224_averaged.csv,8630.099381472426,0.1539621420020285,13,2.769230769230769,True
25,2,0.8290328274876758,15827.92849916732,0.0,0.1806408937365431,0.0,101,101.0,102,102.0,1.00990099009901,1.00990099009901,5,vit_base_patch16_224,ViT Base Patch 16 224,/Volumes/ssd/thesis_organization/ndb_ufes_data_organizer/results/phase2_tuning/phase2_all_results_vit_base_patch16_224_averaged.csv,15827.92849916732,0.1806408937365431,101,1.00990099009901,True
25,3,0.8290328274876758,13938.110212548734,1.3029269198972062,0.1611153736370847,0.0005506391856319,52,56.0,77,74.6,1.4807692307692308,1.3347503373819165,5,vit_base_patch16_224,ViT Base Patch 16 224,/Volumes/ssd/thesis_organization/ndb_ufes_data_organizer/results/phase2_tuning/phase2_all_results_vit_base_patch16_224_averaged.csv,13938.110212548734,0.1611153736370847,52,1.4807692307692308,True
25,4,0.8290328274876758,12577.845759028483,0.9362801091054545,0.1642927274067961,0.0010823016460559,22,23.4,77,74.8,3.409090909090909,3.201383399209486,5,vit_base_patch16_224,ViT Base Patch 16 224,/Volumes/ssd/thesis_organization/ndb_ufes_data_organizer/results/phase2_tuning/phase2_all_results_vit_base_patch16_224_averaged.csv,12577.845759028483,0.1642927274067961,22,3.409090909090909,True
25,5,0.8290328274876758,11389.37252365902,8.399885773279943,0.1728167460127075,0.0008296946461675,24,24.0,53,51.8,2.2083333333333335,2.1583333333333337,5,vit_base_patch16_224,ViT Base Patch 16 224,/Volumes/ssd/thesis_organization/ndb_ufes_data_organizer/results/phase2_tuning/phase2_all_results_vit_base_patch16_224_averaged.csv,11389.37252365902,0.1728167460127075,24,2.2083333333333335,True
25,6,0.8290328274876758,10611.368896208864,17.744809946717965,0.1769921632661927,0.0015088553621112,17,18.6,53,51.4,2.9444444444444446,2.789245395127748,5,vit_base_patch16_224,ViT Base Patch 16 224,/Volumes/ssd/thesis_organization/ndb_ufes_data_organizer/results/phase2_tuning/phase2_all_results_vit_base_patch16_224_averaged.csv,10611.368896208864,0.1769921632661927,17,2.9444444444444446,True
25,7,0.8290328274876758,10075.575338708106,8.130846165614665,0.1619638293887746,0.0020319536397939,17,18.4,51,47.8,3.0,2.6133986928104576,5,vit_base_patch16_224,ViT Base Patch 16 224,/Volumes/ssd/thesis_organization/ndb_ufes_data_organizer/results/phase2_tuning/phase2_all_results_vit_base_patch16_224_averaged.csv,10075.575338708106,0.1619638293887746,17,3.0,True
25,8,0.8290328274876758,9683.869108517623,36.79657305832696,0.1486165869989347,0.0030919359914715,14,15.8,39,35.0,2.5714285714285716,2.230756302521008,5,vit_base_patch16_224,ViT Base Patch 16 224,/Volumes/ssd/thesis_organization/ndb_ufes_data_organizer/results/phase2_tuning/phase2_all_results_vit_base_patch16_224_averaged.csv,9683.869108517623,0.1486165869989347,14,2.5714285714285716,True
25,9,0.8290328274876758,9349.031971298842,23.84062699037428,0.144797923183833,0.0049089712711789,10,13.4,34,32.2,3.4,2.4695970695970693,5,vit_base_patch16_224,ViT Base Patch 16 224,/Volumes/ssd/thesis_organization/ndb_ufes_data_organizer/results/phase2_tuning/phase2_all_results_vit_base_patch16_224_averaged.csv,9349.031971298842,0.144797923183833,10,3.4,False
30,2,0.8547381936542466,16445.1790273036,0.0,0.1752583313869373,0.0,101,101.0,102,102.0,1.00990099009901,1.00990099009901,5,vit_base_patch16_224,ViT Base Patch 16 224,/Volumes/ssd/thesis_organization/ndb_ufes_data_organizer/results/phase2_tuning/phase2_all_results_vit_base_patch16_224_averaged.csv,16445.1790273036,0.1752583313869373,101,1.00990099009901,True
30,3,0.8547381936542466,14552.546372917242,1.8293996947959088,0.1544227907035977,0.0006638198600024,52,54.8,77,75.0,1.4807692307692308,1.371335453688979,5,vit_base_patch16_224,ViT Base Patch 16 224,/Volumes/ssd/thesis_organization/ndb_ufes_data_organizer/results/phase2_tuning/phase2_all_results_vit_base_patch16_224_averaged.csv,14552.546372917242,0.1544227907035977,52,1.4807692307692308,True
30,4,0.8547381936542466,13200.223960211815,10.654330910793629,0.1576837744024515,0.0020764768386978,20,23.4,75,71.6,3.5,3.077,5,vit_base_patch16_224,ViT Base Patch 16 224,/Volumes/ssd/thesis_organization/ndb_ufes_data_organizer/results/phase2_tuning/phase2_all_results_vit_base_patch16_224_averaged.csv,13200.223960211815,0.1576837744024515,20,3.5,True
30,5,0.8547381936542466,11998.7088770783,6.389685158875767,0.1672945049289369,0.0012226394312041,20,22.6,55,51.8,2.55,2.301897233201581,5,vit_base_patch16_224,ViT Base Patch 16 224,/Volumes/ssd/thesis_organization/ndb_ufes_data_organizer/results/phase2_tuning/phase2_all_results_vit_base_patch16_224_averaged.csv,11998.7088770783,0.1672945049289369,20,2.55,True
30,6,0.8547381936542466,11211.080931006984,10.722516238399072,0.1691430014262487,0.0010386102067062,18,18.8,53,49.8,2.9444444444444446,2.662238930659983,5,vit_base_patch16_224,ViT Base Patch 16 224,/Volumes/ssd/thesis_organization/ndb_ufes_data_organizer/results/phase2_tuning/phase2_all_results_vit_base_patch16_224_averaged.csv,11211.080931006984,0.1691430014262487,18,2.9444444444444446,True
30,7,0.8547381936542466,10681.042746064317,8.27863512821562,0.1554639448737111,0.0011811495100991,17,17.6,50,48.0,2.9411764705882355,2.7338837289301687,5,vit_base_patch16_224,ViT Base Patch 16 224,/Volumes/ssd/thesis_organization/ndb_ufes_data_organizer/results/phase2_tuning/phase2_all_results_vit_base_patch16_224_averaged.csv,10681.042746064317,0.1554639448737111,17,2.9411764705882355,True
30,8,0.8547381936542466,10269.457827286931,42.35687311385831,0.1430142534851343,0.0035045252598201,13,14.6,38,34.4,2.923076923076923,2.3894715578539105,5,vit_base_patch16_224,ViT Base Patch 16 224,/Volumes/ssd/thesis_organization/ndb_ufes_data_organizer/results/phase2_tuning/phase2_all_results_vit_base_patch16_224_averaged.csv,10269.457827286931,0.1430142534851343,13,2.923076923076923,True
30,9,0.8547381936542466,9926.705056899747,37.036736613674755,0.1399423595560982,0.0014999821215951,9,12.6,38,33.8,3.6666666666666665,2.757142857142857,5,vit_base_patch16_224,ViT Base Patch 16 224,/Volumes/ssd/thesis_organization/ndb_ufes_data_organizer/results/phase2_tuning/phase2_all_results_vit_base_patch16_224_averaged.csv,9926.705056899747,0.1399423595560982,9,3.6666666666666665,False
2,2,0.8016267133679807,5032.564716260264,0.399158233197081,0.3654832859024498,9.167765119683056e-05,92,92.6,111,110.4,1.2065217391304348,1.1922861150070123,5,ctranspath,CTransPath,/Volumes/ssd/thesis_organization/ndb_ufes_data_organizer/results/phase2_tuning/phase2_all_results_ctranspath_averaged.csv,5032.564716260264,0.3654832859024498,92,1.2065217391304348,True
2,3,0.8016267133679807,3147.4734898383504,0.0,0.4006583495041475,0.0,41,41.0,86,86.0,2.097560975609756,2.097560975609756,5,ctranspath,CTransPath,/Volumes/ssd/thesis_organization/ndb_ufes_data_organizer/results/phase2_tuning/phase2_all_results_ctranspath_averaged.csv,3147.4734898383504,0.4006583495041475,41,2.097560975609756,True
2,4,0.8016267133679807,2396.9111386140626,0.3350011502417878,0.4102353757561828,0.0004000258744035,20,20.0,75,73.6,3.75,3.68,5,ctranspath,CTransPath,/Volumes/ssd/thesis_organization/ndb_ufes_data_organizer/results/phase2_tuning/phase2_all_results_ctranspath_averaged.csv,2396.9111386140626,0.4102353757561828,20,3.75,True
2,5,0.8016267133679807,1881.576565218583,0.0,0.3874089993118929,0.0,19,19.0,55,55.0,2.8947368421052633,2.8947368421052633,5,ctranspath,CTransPath,/Volumes/ssd/thesis_organization/ndb_ufes_data_organizer/results/phase2_tuning/phase2_all_results_ctranspath_averaged.csv,1881.576565218583,0.3874089993118929,19,2.8947368421052633,True
2,6,0.8016267133679807,1612.2978234671095,2.2153891107013166,0.379981160395505,0.002508758910255,11,13.4,55,55.0,5.0,4.142857142857143,5,ctranspath,CTransPath,/Volumes/ssd/thesis_organization/ndb_ufes_data_organizer/results/phase2_tuning/phase2_all_results_ctranspath_averaged.csv,1612.2978234671095,0.379981160395505,11,5.0,True
2,7,0.8016267133679807,1397.5049538454628,8.128879203217517,0.3757845216222902,0.0004794371031039,5,8.6,55,55.0,11.0,6.844444444444444,5,ctranspath,CTransPath,/Volumes/ssd/thesis_organization/ndb_ufes_data_organizer/results/phase2_tuning/phase2_all_results_ctranspath_averaged.csv,1397.5049538454628,0.3757845216222902,5,11.0,False
2,8,0.8016267133679807,1245.289953575785,12.483747199221751,0.3486531063233245,0.0016255586127053,7,9.0,44,40.0,5.285714285714286,4.533910533910534,5,ctranspath,CTransPath,/Volumes/ssd/thesis_organization/ndb_ufes_data_organizer/results/phase2_tuning/phase2_all_results_ctranspath_averaged.csv,1245.289953575785,0.3486531063233245,7,5.285714285714286,False
2,9,0.8016267133679807,1121.4365029174571,7.769563668358516,0.3433740543773834,0.0074920857628066,4,6.4,38,34.8,9.25,6.21,5,ctranspath,CTransPath,/Volumes/ssd/thesis_organization/ndb_ufes_data_organizer/results/phase2_tuning/phase2_all_results_ctranspath_averaged.csv,1121.4365029174571,0.3433740543773834,4,9.25,False
3,2,0.847159061494191,5507.350841985091,0.6543345135568019,0.3481931214096572,7.608036351347121e-05,92,92.8,111,110.2,1.2065217391304348,1.187540906965872,5,ctranspath,CTransPath,/Volumes/ssd/thesis_organization/ndb_ufes_data_organizer/results/phase2_tuning/phase2_all_results_ctranspath_averaged.csv,5507.350841985091,0.3481931214096572,92,1.2065217391304348,True
3,3,0.847159061494191,3613.365059382172,0.0,0.377107910211438,0.0,41,41.0,87,87.0,2.1219512195121952,2.1219512195121952,5,ctranspath,CTransPath,/Volumes/ssd/thesis_organization/ndb_ufes_data_organizer/results/phase2_tuning/phase2_all_results_ctranspath_averaged.csv,3613.365059382172,0.377107910211438,41,2.1219512195121952,True
3,4,0.847159061494191,2778.4679225454065,0.5453272782306207,0.3773220868582004,0.000139781254953,19,19.0,72,70.4,3.789473684210526,3.705263157894737,5,ctranspath,CTransPath,/Volumes/ssd/thesis_organization/ndb_ufes_data_organizer/results/phase2_tuning/phase2_all_results_ctranspath_averaged.csv,2778.4679225454065,0.3773220868582004,19,3.789473684210526,True
3,5,0.847159061494191,2258.249931626532,3.3210015328630047,0.3562645822432799,0.0020704883212085,15,16.6,57,55.4,3.8,3.3873684210526314,5,ctranspath,CTransPath,/Volumes/ssd/thesis_organization/ndb_ufes_data_organizer/results/phase2_tuning/phase2_all_results_ctranspath_averaged.csv,2258.249931626532,0.3562645822432799,15,3.8,True
3,6,0.847159061494191,1949.016405351854,14.541893834319389,0.34592721394247,0.0048867973719188,10,11.8,55,54.4,5.4,4.666580086580086,5,ctranspath,CTransPath,/Volumes/ssd/thesis_organization/ndb_ufes_data_organizer/results/phase2_tuning/phase2_all_results_ctranspath_averaged.csv,1949.016405351854,0.34592721394247,10,5.4,False
3,7,0.847159061494191,1721.7208991516368,11.107986365313314,0.3406171269017144,0.0110203543191915,8,9.6,55,50.6,6.875,5.382272727272728,5,ctranspath,CTransPath,/Volumes/ssd/thesis_organization/ndb_ufes_data_organizer/results/phase2_tuning/phase2_all_results_ctranspath_averaged.csv,1721.7208991516368,0.3406171269017144,8,6.875,False
3,8,0.847159061494191,1560.1534529369032,15.830574448348903,0.3164624350814122,0.0066185681309703,8,9.6,51,43.4,6.375,4.595000000000001,5,ctranspath,CTransPath,/Volumes/ssd/thesis_organization/ndb_ufes_data_organizer/results/phase2_tuning/phase2_all_results_ctranspath_averaged.csv,1560.1534529369032,0.3164624350814122,8,6.375,False
3,9,0.847159061494191,1407.617655031628,11.810276208312166,0.3036681925370776,0.0077958802391784,8,9.2,38,35.0,4.625,3.8516666666666666,5,ctranspath,CTransPath,/Volumes/ssd/thesis_organization/ndb_ufes_data_organizer/results/phase2_tuning/phase2_all_results_ctranspath_averaged.csv,1407.617655031628,0.3036681925370776,8,4.625,False
4,2,0.882083797205801,5874.754780287702,0.0,0.3343709596421618,0.0,93,93.0,110,110.0,1.1827956989247312,1.1827956989247312,5,ctranspath,CTransPath,/Volumes/ssd/thesis_organization/ndb_ufes_data_organizer/results/phase2_tuning/phase2_all_results_ctranspath_averaged.csv,5874.754780287702,0.3343709596421618,93,1.1827956989247312,True
4,3,0.882083797205801,3979.7255310917726,0.0,0.3571077335412441,0.0,41,41.0,87,87.0,2.1219512195121952,2.1219512195121952,5,ctranspath,CTransPath,/Volumes/ssd/thesis_organization/ndb_ufes_data_organizer/results/phase2_tuning/phase2_all_results_ctranspath_averaged.csv,3979.7255310917726,0.3571077335412441,41,2.1219512195121952,True
4,4,0.882083797205801,3141.9788188346993,0.0,0.3535042507752624,0.0,19,19.0,70,70.0,3.6842105263157894,3.684210526315789,5,ctranspath,CTransPath,/Volumes/ssd/thesis_organization/ndb_ufes_data_organizer/results/phase2_tuning/phase2_all_results_ctranspath_averaged.csv,3141.9788188346993,0.3535042507752624,19,3.6842105263157894,True
4,5,0.882083797205801,2616.934153345668,3.8882507813817617,0.3291583975827495,0.0012626057623708,15,17.4,54,54.0,3.6,3.1452631578947368,5,ctranspath,CTransPath,/Volumes/ssd/thesis_organization/ndb_ufes_data_organizer/results/phase2_tuning/phase2_all_results_ctranspath_averaged.csv,2616.934153345668,0.3291583975827495,15,3.6,True
4,6,0.882083797205801,2318.025755107961,12.835769407907136,0.3214351609444891,0.0083231545074741,9,10.0,55,54.4,6.0,5.481818181818182,5,ctranspath,CTransPath,/Volumes/ssd/thesis_organization/ndb_ufes_data_organizer/results/phase2_tuning/phase2_all_results_ctranspath_averaged.csv,2318.025755107961,0.3214351609444891,9,6.0,False
4,7,0.882083797205801,2085.08501696827,17.70490478840168,0.3053935420398129,0.0104605526742837,5,9.4,54,50.6,10.8,6.026868686868687,5,ctranspath,CTransPath,/Volumes/ssd/thesis_organization/ndb_ufes_data_organizer/results/phase2_tuning/phase2_all_results_ctranspath_averaged.csv,2085.08501696827,0.3053935420398129,5,10.8,False
4,8,0.882083797205801,1924.8226513875732,21.691511555534262,0.2963796059397592,0.0200655291589698,2,6.8,54,49.4,27.0,10.691666666666666,5,ctranspath,CTransPath,/Volumes/ssd/thesis_organization/ndb_ufes_data_organizer/results/phase2_tuning/phase2_all_results_ctranspath_averaged.csv,1924.8226513875732,0.2963796059397592,2,27.0,False
4,9,0.882083797205801,1779.4405248063863,19.140842738278735,0.2784227638841547,0.019132234680625,2,6.2,49,36.6,24.5,8.861666666666668,5,ctranspath,CTransPath,/Volumes/ssd/thesis_organization/ndb_ufes_data_organizer/results/phase2_tuning/phase2_all_results_ctranspath_averaged.csv,1779.4405248063863,0.2784227638841547,2,24.5,False
5,2,0.9115072707284388,6184.611033673501,0.0,0.3291759253393783,0.0,93,93.0,110,110.0,1.1827956989247312,1.1827956989247312,5,ctranspath,CTransPath,/Volumes/ssd/thesis_organization/ndb_ufes_data_organizer/results/phase2_tuning/phase2_all_results_ctranspath_averaged.csv,6184.611033673501,0.3291759253393783,93,1.1827956989247312,True
5,3,0.9115072707284388,4289.011178859705,0.0,0.350306828861412,0.0,41,41.0,87,87.0,2.1219512195121952,2.1219512195121952,5,ctranspath,CTransPath,/Volumes/ssd/thesis_organization/ndb_ufes_data_organizer/results/phase2_tuning/phase2_all_results_ctranspath_averaged.csv,4289.011178859705,0.350306828861412,41,2.1219512195121952,True
5,4,0.9115072707284388,3444.728475567583,0.0,0.3463580231932076,0.0,19,19.0,70,70.0,3.6842105263157894,3.684210526315789,5,ctranspath,CTransPath,/Volumes/ssd/thesis_organization/ndb_ufes_data_organizer/results/phase2_tuning/phase2_all_results_ctranspath_averaged.csv,3444.728475567583,0.3463580231932076,19,3.6842105263157894,True
5,5,0.9115072707284388,2922.827452575607,0.4208446006531596,0.3220143938758869,0.0006661990775942,18,18.8,54,54.0,3.0,2.873684210526316,5,ctranspath,CTransPath,/Volumes/ssd/thesis_organization/ndb_ufes_data_organizer/results/phase2_tuning/phase2_all_results_ctranspath_averaged.csv,2922.827452575607,0.3220143938758869,18,3.0,True
5,6,0.9115072707284388,2605.8994042193845,9.089309485376736,0.3100311581547313,0.0023078587391663,10,11.2,57,55.6,5.5,4.989393939393939,5,ctranspath,CTransPath,/Volumes/ssd/thesis_organization/ndb_ufes_data_organizer/results/phase2_tuning/phase2_all_results_ctranspath_averaged.csv,2605.8994042193845,0.3100311581547313,10,5.5,False
5,7,0.9115072707284388,2354.4985217956564,27.96778020227885,0.3110503719010232,0.0155206975611207,1,3.0,55,52.6,55.0,44.6,5,ctranspath,CTransPath,/Volumes/ssd/thesis_organization/ndb_ufes_data_organizer/results/phase2_tuning/phase2_all_results_ctranspath_averaged.csv,2354.4985217956564,0.3110503719010232,1,55.0,False
5,8,0.9115072707284388,2101.305578188454,13.925224611542086,0.3036779549229167,0.0109477269421314,1,1.0,55,52.2,55.0,52.2,5,ctranspath,CTransPath,/Volumes/ssd/thesis_organization/ndb_ufes_data_organizer/results/phase2_tuning/phase2_all_results_ctranspath_averaged.csv,2101.305578188454,0.3036779549229167,1,55.0,False
5,9,0.9115072707284388,1935.4431848919728,15.35252365209936,0.2818758933868742,0.0122140168656807,1,1.0,53,47.2,53.0,47.2,5,ctranspath,CTransPath,/Volumes/ssd/thesis_organization/ndb_ufes_data_organizer/results/phase2_tuning/phase2_all_results_ctranspath_averaged.csv,1935.4431848919728,0.2818758933868742,1,53.0,False
6,2,0.9235787994686756,6311.765735073596,0.0,0.3259426895154447,0.0,93,93.0,110,110.0,1.1827956989247312,1.1827956989247312,5,ctranspath,CTransPath,/Volumes/ssd/thesis_organization/ndb_ufes_data_organizer/results/phase2_tuning/phase2_all_results_ctranspath_averaged.csv,6311.765735073596,0.3259426895154447,93,1.1827956989247312,True
6,3,0.9235787994686756,4415.028045792571,0.0,0.3454963866847699,0.0,41,41.0,87,87.0,2.1219512195121952,2.1219512195121952,5,ctranspath,CTransPath,/Volumes/ssd/thesis_organization/ndb_ufes_data_organizer/results/phase2_tuning/phase2_all_results_ctranspath_averaged.csv,4415.028045792571,0.3454963866847699,41,2.1219512195121952,True
6,4,0.9235787994686756,3570.67849863223,0.0,0.340101700466308,0.0,19,19.0,70,70.0,3.6842105263157894,3.684210526315789,5,ctranspath,CTransPath,/Volumes/ssd/thesis_organization/ndb_ufes_data_organizer/results/phase2_tuning/phase2_all_results_ctranspath_averaged.csv,3570.67849863223,0.340101700466308,19,3.6842105263157894,True
6,5,0.9235787994686756,3046.4956501963693,2.0277737838094017,0.315375559043128,0.0007465605457099,15,17.4,59,55.4,3.933333333333333,3.232982456140351,5,ctranspath,CTransPath,/Volumes/ssd/thesis_organization/ndb_ufes_data_organizer/results/phase2_tuning/phase2_all_results_ctranspath_averaged.csv,3046.4956501963693,0.315375559043128,15,3.933333333333333,True
6,6,0.9235787994686756,2723.191590242928,5.332483450043956,0.3046411237615601,0.0033302394819778,10,11.6,55,54.4,5.4,4.725920745920746,5,ctranspath,CTransPath,/Volumes/ssd/thesis_organization/ndb_ufes_data_organizer/results/phase2_tuning/phase2_all_results_ctranspath_averaged.csv,2723.191590242928,0.3046411237615601,10,5.4,False
6,7,0.9235787994686756,2482.294762883195,19.540136067685392,0.3037298245458303,0.0101434520686583,1,2.4,56,55.0,56.0,45.55,5,ctranspath,CTransPath,/Volumes/ssd/thesis_organization/ndb_ufes_data_organizer/results/phase2_tuning/phase2_all_results_ctranspath_averaged.csv,2482.294762883195,0.3037298245458303,1,56.0,False
6,8,0.9235787994686756,2238.8483664996247,18.346252975900335,0.2895803554515058,0.0157850473004045,1,1.0,54,49.2,54.0,49.2,5,ctranspath,CTransPath,/Volumes/ssd/thesis_organization/ndb_ufes_data_organizer/results/phase2_tuning/phase2_all_results_ctranspath_averaged.csv,2238.8483664996247,0.2895803554515058,1,54.0,False
6,9,0.9235787994686756,2075.853977625492,16.21553080810786,0.2756954634870475,0.0125446353297683,1,1.0,53,45.2,53.0,45.2,5,ctranspath,CTransPath,/Volumes/ssd/thesis_organization/ndb_ufes_data_organizer/results/phase2_tuning/phase2_all_results_ctranspath_averaged.csv,2075.853977625492,0.2756954634870475,1,53.0,False
7,2,0.9315412908271627,6395.518588310967,0.0,0.3241718500713298,0.0,93,93.0,110,110.0,1.1827956989247312,1.1827956989247312,5,ctranspath,CTransPath,/Volumes/ssd/thesis_organization/ndb_ufes_data_organizer/results/phase2_tuning/phase2_all_results_ctranspath_averaged.csv,6395.518588310967,0.3241718500713298,93,1.1827956989247312,True
7,3,0.9315412908271627,4498.163732187559,0.0,0.3431978319994737,0.0,41,41.0,87,87.0,2.1219512195121952,2.1219512195121952,5,ctranspath,CTransPath,/Volumes/ssd/thesis_organization/ndb_ufes_data_organizer/results/phase2_tuning/phase2_all_results_ctranspath_averaged.csv,4498.163732187559,0.3431978319994737,41,2.1219512195121952,True
7,4,0.9315412908271627,3653.122221793995,0.0,0.3371039298608645,0.0,19,19.0,70,70.0,3.6842105263157894,3.684210526315789,5,ctranspath,CTransPath,/Volumes/ssd/thesis_organization/ndb_ufes_data_organizer/results/phase2_tuning/phase2_all_results_ctranspath_averaged.csv,3653.122221793995,0.3371039298608645,19,3.6842105263157894,True
7,5,0.9315412908271627,3131.0520283619503,1.8991683376283388,0.3126980154093555,0.002180159600379,15,17.8,59,55.4,3.933333333333333,3.145730994152047,5,ctranspath,CTransPath,/Volumes/ssd/thesis_organization/ndb_ufes_data_organizer/results/phase2_tuning/phase2_all_results_ctranspath_averaged.csv,3131.0520283619503,0.3126980154093555,15,3.933333333333333,True
7,6,0.9315412908271627,2810.457208649147,14.894825317164686,0.2983027229400887,0.0084824723585503,11,11.4,56,54.6,5.090909090909091,4.8,5,ctranspath,CTransPath,/Volumes/ssd/thesis_organization/ndb_ufes_data_organizer/results/phase2_tuning/phase2_all_results_ctranspath_averaged.csv,2810.457208649147,0.2983027229400887,11,5.090909090909091,False
7,7,0.9315412908271627,2580.4915651444235,19.72015136364849,0.2891546278831338,0.0155484206985043,1,4.8,55,51.2,55.0,33.82909090909091,5,ctranspath,CTransPath,/Volumes/ssd/thesis_organization/ndb_ufes_data_organizer/results/phase2_tuning/phase2_all_results_ctranspath_averaged.csv,2580.4915651444235,0.2891546278831338,1,55.0,False
7,8,0.9315412908271627,2312.0582195840275,14.317202479178068,0.2840250020689306,0.012200920432624,1,1.0,54,48.2,54.0,48.2,5,ctranspath,CTransPath,/Volumes/ssd/thesis_organization/ndb_ufes_data_organizer/results/phase2_tuning/phase2_all_results_ctranspath_averaged.csv,2312.0582195840275,0.2840250020689306,1,54.0,False
7,9,0.9315412908271627,2165.2023062620615,16.619029150347274,0.2758339911634718,0.0180390016660141,1,1.0,55,47.0,55.0,47.0,5,ctranspath,CTransPath,/Volumes/ssd/thesis_organization/ndb_ufes_data_organizer/results/phase2_tuning/phase2_all_results_ctranspath_averaged.csv,2165.2023062620615,0.2758339911634718,1,55.0,False
8,2,0.9376826487555356,6460.1999738819495,0.0,0.3220000461299657,0.0,93,93.0,110,110.0,1.1827956989247312,1.1827956989247312,5,ctranspath,CTransPath,/Volumes/ssd/thesis_organization/ndb_ufes_data_organizer/results/phase2_tuning/phase2_all_results_ctranspath_averaged.csv,6460.1999738819495,0.3220000461299657,93,1.1827956989247312,True
8,3,0.9376826487555356,4561.721541983876,0.0,0.3403404010547147,0.0,41,41.0,87,87.0,2.1219512195121952,2.1219512195121952,5,ctranspath,CTransPath,/Volumes/ssd/thesis_organization/ndb_ufes_data_organizer/results/phase2_tuning/phase2_all_results_ctranspath_averaged.csv,4561.721541983876,0.3403404010547147,41,2.1219512195121952,True
8,4,0.9376826487555356,3717.391300588598,0.0,0.3336427269292945,0.0,19,19.0,70,70.0,3.6842105263157894,3.684210526315789,5,ctranspath,CTransPath,/Volumes/ssd/thesis_organization/ndb_ufes_data_organizer/results/phase2_tuning/phase2_all_results_ctranspath_averaged.csv,3717.391300588598,0.3336427269292945,19,3.6842105263157894,True
8,5,0.9376826487555356,3194.1837973593447,1.2103895064972343,0.3089779964233988,0.0020897688298815,15,17.6,59,55.6,3.933333333333333,3.1884210526315786,5,ctranspath,CTransPath,/Volumes/ssd/thesis_organization/ndb_ufes_data_organizer/results/phase2_tuning/phase2_all_results_ctranspath_averaged.csv,3194.1837973593447,0.3089779964233988,15,3.933333333333333,True
8,6,0.9376826487555356,2878.040434800527,18.33111175238381,0.2982298905424217,0.0114595777933192,1,9.2,56,54.6,55.0,14.898181818181817,5,ctranspath,CTransPath,/Volumes/ssd/thesis_organization/ndb_ufes_data_organizer/results/phase2_tuning/phase2_all_results_ctranspath_averaged.csv,2878.040434800527,0.2982298905424217,1,55.0,False
8,7,0.9376826487555356,2615.1974687304737,22.439433628174257,0.2976821119455128,0.0108675947757961,1,2.6,55,53.4,55.0,43.8,5,ctranspath,CTransPath,/Volumes/ssd/thesis_organization/ndb_ufes_data_organizer/results/phase2_tuning/phase2_all_results_ctranspath_averaged.csv,2615.1974687304737,0.2976821119455128,1,55.0,False
8,8,0.9376826487555356,2383.067981271553,14.637202590025153,0.2761440247480879,0.0103785079828116,1,1.0,50,47.0,50.0,47.0,5,ctranspath,CTransPath,/Volumes/ssd/thesis_organization/ndb_ufes_data_organizer/results/phase2_tuning/phase2_all_results_ctranspath_averaged.csv,2383.067981271553,0.2761440247480879,1,50.0,False
8,9,0.9376826487555356,2231.867631175869,18.862222820302385,0.2539758594231583,0.011174666264506,1,1.0,42,38.2,42.0,38.2,5,ctranspath,CTransPath,/Volumes/ssd/thesis_organization/ndb_ufes_data_organizer/results/phase2_tuning/phase2_all_results_ctranspath_averaged.csv,2231.867631175869,0.2539758594231583,1,42.0,False
10,2,0.9467199811325916,6555.185078338514,0.0,0.3188865331477761,0.0,93,93.0,110,110.0,1.1827956989247312,1.1827956989247312,5,ctranspath,CTransPath,/Volumes/ssd/thesis_organization/ndb_ufes_data_organizer/results/phase2_tuning/phase2_all_results_ctranspath_averaged.csv,6555.185078338514,0.3188865331477761,93,1.1827956989247312,True
10,3,0.9467199811325916,4656.811369036038,0.0701680722905948,0.3361927318156585,7.176129461695729e-05,41,41.0,88,87.2,2.1463414634146343,2.126829268292683,5,ctranspath,CTransPath,/Volumes/ssd/thesis_organization/ndb_ufes_data_organizer/results/phase2_tuning/phase2_all_results_ctranspath_averaged.csv,4656.811369036038,0.3361927318156585,41,2.1463414634146343,True
10,4,0.9467199811325916,3811.532726074972,0.0,0.3290069644341327,0.0,19,19.0,70,70.0,3.6842105263157894,3.684210526315789,5,ctranspath,CTransPath,/Volumes/ssd/thesis_organization/ndb_ufes_data_organizer/results/phase2_tuning/phase2_all_results_ctranspath_averaged.csv,3811.532726074972,0.3290069644341327,19,3.6842105263157894,True
10,5,0.9467199811325916,3285.627776867024,2.1122017901676413,0.3019413847064857,0.0020875218976649,15,17.2,59,55.8,3.933333333333333,3.291812865497076,5,ctranspath,CTransPath,/Volumes/ssd/thesis_organization/ndb_ufes_data_organizer/results/phase2_tuning/phase2_all_results_ctranspath_averaged.csv,3285.627776867024,0.3019413847064857,15,3.933333333333333,True
10,6,0.9467199811325916,2962.577014109164,8.62772741159679,0.291605512025593,0.0042418699754603,9,10.6,55,54.2,6.0,5.161818181818182,5,ctranspath,CTransPath,/Volumes/ssd/thesis_organization/ndb_ufes_data_organizer/results/phase2_tuning/phase2_all_results_ctranspath_averaged.csv,2962.577014109164,0.291605512025593,9,6.0,False
10,7,0.9467199811325916,2718.2172825338007,9.768859508021242,0.2855672826888801,0.0132800401886779,1,3.0,55,52.6,55.0,43.509090909090915,5,ctranspath,CTransPath,/Volumes/ssd/thesis_organization/ndb_ufes_data_organizer/results/phase2_tuning/phase2_all_results_ctranspath_averaged.csv,2718.2172825338007,0.2855672826888801,1,55.0,False
10,8,0.9467199811325916,2485.0825544121426,16.748573930297766,0.2740395794096995,0.0107884280415409,1,1.0,57,50.4,57.0,50.4,5,ctranspath,CTransPath,/Volumes/ssd/thesis_organization/ndb_ufes_data_organizer/results/phase2_tuning/phase2_all_results_ctranspath_averaged.csv,2485.0825544121426,0.2740395794096995,1,57.0,False
10,9,0.9467199811325916,2305.7145387819687,10.413549466449409,0.2644847349941523,0.012001073798954,1,1.0,52,45.2,52.0,45.2,5,ctranspath,CTransPath,/Volumes/ssd/thesis_organization/ndb_ufes_data_organizer/results/phase2_tuning/phase2_all_results_ctranspath_averaged.csv,2305.7145387819687,0.2644847349941523,1,52.0,False
12,2,0.953705999229963,6628.351754757529,0.0,0.3169767244173995,0.0,93,93.0,110,110.0,1.1827956989247312,1.1827956989247312,5,ctranspath,CTransPath,/Volumes/ssd/thesis_organization/ndb_ufes_data_organizer/results/phase2_tuning/phase2_all_results_ctranspath_averaged.csv,6628.351754757529,0.3169767244173995,93,1.1827956989247312,True
12,3,0.953705999229963,4729.8518809157895,0.0804213152714727,0.3334924771955264,7.098926488095005e-05,41,41.0,88,87.2,2.1463414634146343,2.126829268292683,5,ctranspath,CTransPath,/Volumes/ssd/thesis_organization/ndb_ufes_data_organizer/results/phase2_tuning/phase2_all_results_ctranspath_averaged.csv,4729.8518809157895,0.3334924771955264,41,2.1463414634146343,True
12,4,0.953705999229963,3883.5803967416505,0.0,0.3258978230160599,0.0,19,19.0,70,70.0,3.6842105263157894,3.684210526315789,5,ctranspath,CTransPath,/Volumes/ssd/thesis_organization/ndb_ufes_data_organizer/results/phase2_tuning/phase2_all_results_ctranspath_averaged.csv,3883.5803967416505,0.3258978230160599,19,3.6842105263157894,True
12,5,0.953705999229963,3358.06402602405,3.2004099757300213,0.2977478812244502,0.0016418569289173,15,16.6,59,56.8,3.933333333333333,3.477894736842105,5,ctranspath,CTransPath,/Volumes/ssd/thesis_organization/ndb_ufes_data_organizer/results/phase2_tuning/phase2_all_results_ctranspath_averaged.csv,3358.06402602405,0.2977478812244502,15,3.933333333333333,True
12,6,0.953705999229963,3053.823820618626,29.078561836915267,0.2850386306394367,0.0136312705174627,9,10.4,55,53.8,6.0,5.209090909090909,5,ctranspath,CTransPath,/Volumes/ssd/thesis_organization/ndb_ufes_data_organizer/results/phase2_tuning/phase2_all_results_ctranspath_averaged.csv,3053.823820618626,0.2850386306394367,9,6.0,False
12,7,0.953705999229963,2801.280282394103,22.100487406052068,0.2806461382581363,0.0173407194215017,1,4.4,55,52.6,55.0,34.0,5,ctranspath,CTransPath,/Volumes/ssd/thesis_organization/ndb_ufes_data_organizer/results/phase2_tuning/phase2_all_results_ctranspath_averaged.csv,2801.280282394103,0.2806461382581363,1,55.0,False
12,8,0.953705999229963,2537.6002968144776,8.945765549968257,0.2719909946189306,0.0097692117135542,1,1.0,55,51.4,55.0,51.4,5,ctranspath,CTransPath,/Volumes/ssd/thesis_organization/ndb_ufes_data_organizer/results/phase2_tuning/phase2_all_results_ctranspath_averaged.csv,2537.6002968144776,0.2719909946189306,1,55.0,False
12,9,0.953705999229963,2367.1469650837544,16.84278656947711,0.2586143577750471,0.0233556309907161,1,1.0,54,45.4,54.0,45.4,5,ctranspath,CTransPath,/Volumes/ssd/thesis_organization/ndb_ufes_data_organizer/results/phase2_tuning/phase2_all_results_ctranspath_averaged.csv,2367.1469650837544,0.2586143577750471,1,54.0,False
15,2,0.9620339658139774,6715.672318702345,0.0,0.3141596867233512,0.0,93,93.0,110,110.0,1.1827956989247312,1.1827956989247312,5,ctranspath,CTransPath,/Volumes/ssd/thesis_organization/ndb_ufes_data_organizer/results/phase2_tuning/phase2_all_results_ctranspath_averaged.csv,6715.672318702345,0.3141596867233512,93,1.1827956989247312,True
15,3,0.9620339658139774,4816.687104366027,0.0958737266392133,0.3296011596077954,8.172725650868576e-05,41,41.0,88,87.2,2.1463414634146343,2.126829268292683,5,ctranspath,CTransPath,/Volumes/ssd/thesis_organization/ndb_ufes_data_organizer/results/phase2_tuning/phase2_all_results_ctranspath_averaged.csv,4816.687104366027,0.3296011596077954,41,2.1463414634146343,True
15,4,0.9620339658139774,3970.232011486177,0.677823552814783,0.3214779337417082,0.0003385421364405,19,19.0,71,70.2,3.736842105263158,3.694736842105263,5,ctranspath,CTransPath,/Volumes/ssd/thesis_organization/ndb_ufes_data_organizer/results/phase2_tuning/phase2_all_results_ctranspath_averaged.csv,3970.232011486177,0.3214779337417082,19,3.736842105263158,True
15,5,0.9620339658139774,3444.62743208451,1.9870586446582723,0.2929196136395424,0.0015790208097336,15,17.2,60,56.2,4.0,3.315672514619883,5,ctranspath,CTransPath,/Volumes/ssd/thesis_organization/ndb_ufes_data_organizer/results/phase2_tuning/phase2_all_results_ctranspath_averaged.csv,3444.62743208451,0.2929196136395424,15,4.0,True
15,6,0.9620339658139774,3126.6093344524666,21.30696887422815,0.2868129240609585,0.0097981627911896,9,11.0,55,54.6,6.111111111111111,5.09059829059829,5,ctranspath,CTransPath,/Volumes/ssd/thesis_organization/ndb_ufes_data_organizer/results/phase2_tuning/phase2_all_results_ctranspath_averaged.csv,3126.6093344524666,0.2868129240609585,9,6.111111111111111,False
15,7,0.9620339658139774,2863.9885364582615,28.93745621650219,0.2842116536439355,0.0110169437254333,1,3.0,55,53.6,55.0,43.78181818181818,5,ctranspath,CTransPath,/Volumes/ssd/thesis_organization/ndb_ufes_data_organizer/results/phase2_tuning/phase2_all_results_ctranspath_averaged.csv,2863.9885364582615,0.2842116536439355,1,55.0,False
15,8,0.9620339658139774,2635.8873434771535,28.593528819789466,0.2587053227317713,0.0237603481753338,1,1.0,55,47.6,55.0,47.6,5,ctranspath,CTransPath,/Volumes/ssd/thesis_organization/ndb_ufes_data_organizer/results/phase2_tuning/phase2_all_results_ctranspath_averaged.csv,2635.8873434771535,0.2587053227317713,1,55.0,False
15,9,0.9620339658139774,2447.4806418674902,10.010523878151709,0.243915734751442,0.0131897931818787,1,1.0,54,42.0,54.0,42.0,5,ctranspath,CTransPath,/Volumes/ssd/thesis_organization/ndb_ufes_data_organizer/results/phase2_tuning/phase2_all_results_ctranspath_averaged.csv,2447.4806418674902,0.243915734751442,1,54.0,False
18,2,0.9677494300389882,6775.442407521169,0.0,0.3119782014682647,0.0,93,93.0,110,110.0,1.1827956989247312,1.1827956989247312,5,ctranspath,CTransPath,/Volumes/ssd/thesis_organization/ndb_ufes_data_organizer/results/phase2_tuning/phase2_all_results_ctranspath_averaged.csv,6775.442407521169,0.3119782014682647,93,1.1827956989247312,True
18,3,0.9677494300389882,4876.567496372578,0.1180810609690172,0.3266939529101962,7.453666512560765e-05,41,41.0,88,87.2,2.1463414634146343,2.126829268292683,5,ctranspath,CTransPath,/Volumes/ssd/thesis_organization/ndb_ufes_data_organizer/results/phase2_tuning/phase2_all_results_ctranspath_averaged.csv,4876.567496372578,0.3266939529101962,41,2.1463414634146343,True
18,4,0.9677494300389882,4029.739778885739,0.0,0.3183896301026278,0.0,19,19.0,70,70.0,3.6842105263157894,3.684210526315789,5,ctranspath,CTransPath,/Volumes/ssd/thesis_organization/ndb_ufes_data_organizer/results/phase2_tuning/phase2_all_results_ctranspath_averaged.csv,4029.739778885739,0.3183896301026278,19,3.6842105263157894,True
18,5,0.9677494300389882,3503.325196542393,2.167112965374008,0.2875296205364401,0.0029183222268688,15,16.6,57,55.6,3.8,3.376601307189542,5,ctranspath,CTransPath,/Volumes/ssd/thesis_organization/ndb_ufes_data_organizer/results/phase2_tuning/phase2_all_results_ctranspath_averaged.csv,3503.325196542393,0.2875296205364401,15,3.8,True
18,6,0.9677494300389882,3181.7094018117327,16.75562528641424,0.278868526520563,0.0087008634934737,9,11.2,55,54.6,6.111111111111111,4.965042735042735,5,ctranspath,CTransPath,/Volumes/ssd/thesis_organization/ndb_ufes_data_organizer/results/phase2_tuning/phase2_all_results_ctranspath_averaged.csv,3181.7094018117327,0.278868526520563,9,6.111111111111111,False
18,7,0.9677494300389882,2927.7387431378515,18.10549514292181,0.2865647314095663,0.0098325134335211,1,2.8,56,55.0,56.0,45.1,5,ctranspath,CTransPath,/Volumes/ssd/thesis_organization/ndb_ufes_data_organizer/results/phase2_tuning/phase2_all_results_ctranspath_averaged.csv,2927.7387431378515,0.2865647314095663,1,56.0,False
18,8,0.9677494300389882,2666.545254208149,17.171089483370324,0.263647914751068,0.0117094177049304,1,1.0,54,50.0,54.0,50.0,5,ctranspath,CTransPath,/Volumes/ssd/thesis_organization/ndb_ufes_data_organizer/results/phase2_tuning/phase2_all_results_ctranspath_averaged.csv,2666.545254208149,0.263647914751068,1,54.0,False
18,9,0.9677494300389882,2502.6674250382384,9.40657840217245,0.2416418649672317,0.0106821281162905,1,1.0,43,39.0,43.0,39.0,5,ctranspath,CTransPath,/Volumes/ssd/thesis_organization/ndb_ufes_data_organizer/results/phase2_tuning/phase2_all_results_ctranspath_averaged.csv,2502.6674250382384,0.2416418649672317,1,43.0,False
20,2,0.9706790119924148,6806.08400488728,0.0,0.3108829049917187,0.0,93,93.0,110,110.0,1.1827956989247312,1.1827956989247312,5,ctranspath,CTransPath,/Volumes/ssd/thesis_organization/ndb_ufes_data_organizer/results/phase2_tuning/phase2_all_results_ctranspath_averaged.csv,6806.08400488728,0.3108829049917187,93,1.1827956989247312,True
20,3,0.9706790119924148,4907.295868730622,0.1299083176164548,0.3252636409120036,7.613538346269355e-05,41,41.0,88,87.2,2.1463414634146343,2.126829268292683,5,ctranspath,CTransPath,/Volumes/ssd/thesis_organization/ndb_ufes_data_organizer/results/phase2_tuning/phase2_all_results_ctranspath_averaged.csv,4907.295868730622,0.3252636409120036,41,2.1463414634146343,True
20,4,0.9706790119924148,4060.054348389622,0.0,0.3167366017483692,0.0,19,19.0,70,70.0,3.6842105263157894,3.684210526315789,5,ctranspath,CTransPath,/Volumes/ssd/thesis_organization/ndb_ufes_data_organizer/results/phase2_tuning/phase2_all_results_ctranspath_averaged.csv,4060.054348389622,0.3167366017483692,19,3.6842105263157894,True
20,5,0.9706790119924148,3532.6812003487307,2.787563453572808,0.2867497737276402,0.0031832805562212,15,17.2,56,54.8,3.6,3.2010457516339867,5,ctranspath,CTransPath,/Volumes/ssd/thesis_organization/ndb_ufes_data_organizer/results/phase2_tuning/phase2_all_results_ctranspath_averaged.csv,3532.6812003487307,0.2867497737276402,15,3.6,True
20,6,0.9706790119924148,3204.183806736537,14.7389144797686,0.2786969883348881,0.0073948618858847,9,10.8,55,54.6,6.111111111111111,5.118888888888889,5,ctranspath,CTransPath,/Volumes/ssd/thesis_organization/ndb_ufes_data_organizer/results/phase2_tuning/phase2_all_results_ctranspath_averaged.csv,3204.183806736537,0.2786969883348881,9,6.111111111111111,False
20,7,0.9706790119924148,2945.1218745951696,17.838271664475354,0.2867843428348899,0.0057565706271065,1,1.0,56,54.8,56.0,54.8,5,ctranspath,CTransPath,/Volumes/ssd/thesis_organization/ndb_ufes_data_organizer/results/phase2_tuning/phase2_all_results_ctranspath_averaged.csv,2945.1218745951696,0.2867843428348899,1,56.0,False
20,8,0.9706790119924148,2712.4201353006697,44.5439102143487,0.2557127307971371,0.0123611196028222,1,1.0,54,49.2,54.0,49.2,5,ctranspath,CTransPath,/Volumes/ssd/thesis_organization/ndb_ufes_data_organizer/results/phase2_tuning/phase2_all_results_ctranspath_averaged.csv,2712.4201353006697,0.2557127307971371,1,54.0,False
20,9,0.9706790119924148,2540.215556776621,13.75124699118012,0.2409247459321981,0.0126910334347183,1,1.0,55,41.6,55.0,41.6,5,ctranspath,CTransPath,/Volumes/ssd/thesis_organization/ndb_ufes_data_organizer/results/phase2_tuning/phase2_all_results_ctranspath_averaged.csv,2540.215556776621,0.2409247459321981,1,55.0,False
25,2,0.9764892740410276,6867.104348177525,0.0,0.3085372338264456,0.0,93,93.0,110,110.0,1.1827956989247312,1.1827956989247312,5,ctranspath,CTransPath,/Volumes/ssd/thesis_organization/ndb_ufes_data_organizer/results/phase2_tuning/phase2_all_results_ctranspath_averaged.csv,6867.104348177525,0.3085372338264456,93,1.1827956989247312,True
25,3,0.9764892740410276,4968.042263803676,0.1448694520829727,0.3221727711963776,7.663103341369696e-05,41,41.0,88,87.2,2.1463414634146343,2.126829268292683,5,ctranspath,CTransPath,/Volumes/ssd/thesis_organization/ndb_ufes_data_organizer/results/phase2_tuning/phase2_all_results_ctranspath_averaged.csv,4968.042263803676,0.3221727711963776,41,2.1463414634146343,True
25,4,0.9764892740410276,4120.006278003147,0.0,0.3134260228986966,0.0,19,19.0,70,70.0,3.6842105263157894,3.684210526315789,5,ctranspath,CTransPath,/Volumes/ssd/thesis_organization/ndb_ufes_data_organizer/results/phase2_tuning/phase2_all_results_ctranspath_averaged.csv,4120.006278003147,0.3134260228986966,19,3.6842105263157894,True
25,5,0.9764892740410276,3591.773310863636,2.094958667494113,0.2823370267740124,0.0016433654635679,15,17.4,60,56.0,4.0,3.272982456140351,5,ctranspath,CTransPath,/Volumes/ssd/thesis_organization/ndb_ufes_data_organizer/results/phase2_tuning/phase2_all_results_ctranspath_averaged.csv,3591.773310863636,0.2823370267740124,15,4.0,True
25,6,0.9764892740410276,3273.1123302137476,17.7512957898664,0.27777947232783,0.0061096807099619,9,10.8,56,55.0,6.111111111111111,5.158888888888889,5,ctranspath,CTransPath,/Volumes/ssd/thesis_organization/ndb_ufes_data_organizer/results/phase2_tuning/phase2_all_results_ctranspath_averaged.csv,3273.1123302137476,0.27777947232783,9,6.111111111111111,False
25,7,0.9764892740410276,2996.8022132760098,17.505932179738398,0.2814246324417734,0.0060059672603462,1,1.0,56,55.0,56.0,55.0,5,ctranspath,CTransPath,/Volumes/ssd/thesis_organization/ndb_ufes_data_organizer/results/phase2_tuning/phase2_all_results_ctranspath_averaged.csv,2996.8022132760098,0.2814246324417734,1,56.0,False
25,8,0.9764892740410276,2762.559228706068,28.429087431750663,0.2559809027579211,0.0113016440870926,1,1.0,54,47.8,54.0,47.8,5,ctranspath,CTransPath,/Volumes/ssd/thesis_organization/ndb_ufes_data_organizer/results/phase2_tuning/phase2_all_results_ctranspath_averaged.csv,2762.559228706068,0.2559809027579211,1,54.0,False
25,9,0.9764892740410276,2586.992937020602,9.68409308959027,0.2304704743997435,0.0084577407243184,1,1.0,42,39.0,42.0,39.0,5,ctranspath,CTransPath,/Volumes/ssd/thesis_organization/ndb_ufes_data_organizer/results/phase2_tuning/phase2_all_results_ctranspath_averaged.csv,2586.992937020602,0.2304704743997435,1,42.0,False
30,2,0.980710052644758,6911.38657552684,0.0,0.3069406541554902,0.0,93,93.0,110,110.0,1.1827956989247312,1.1827956989247312,5,ctranspath,CTransPath,/Volumes/ssd/thesis_organization/ndb_ufes_data_organizer/results/phase2_tuning/phase2_all_results_ctranspath_averaged.csv,6911.38657552684,0.3069406541554902,93,1.1827956989247312,True
30,3,0.980710052644758,5012.210630377844,0.1433396197538538,0.320027104979104,7.820188629126822e-05,41,41.0,88,87.2,2.1463414634146343,2.126829268292683,5,ctranspath,CTransPath,/Volumes/ssd/thesis_organization/ndb_ufes_data_organizer/results/phase2_tuning/phase2_all_results_ctranspath_averaged.csv,5012.210630377844,0.320027104979104,41,2.1463414634146343,True
30,4,0.980710052644758,4163.579669311398,0.0,0.3110271466807315,0.0,19,19.0,70,70.0,3.6842105263157894,3.684210526315789,5,ctranspath,CTransPath,/Volumes/ssd/thesis_organization/ndb_ufes_data_organizer/results/phase2_tuning/phase2_all_results_ctranspath_averaged.csv,4163.579669311398,0.3110271466807315,19,3.6842105263157894,True
30,5,0.980710052644758,3635.711757774912,2.616723478281567,0.2807232812376896,0.0015620912450028,15,18.0,56,55.2,3.7333333333333334,3.0978362573099414,5,ctranspath,CTransPath,/Volumes/ssd/thesis_organization/ndb_ufes_data_organizer/results/phase2_tuning/phase2_all_results_ctranspath_averaged.csv,3635.711757774912,0.2807232812376896,15,3.7333333333333334,True
30,6,0.980710052644758,3313.0170225568836,16.99050180189561,0.2737997831002432,0.0064832963988822,9,10.6,55,54.6,6.111111111111111,5.218888888888889,5,ctranspath,CTransPath,/Volumes/ssd/thesis_organization/ndb_ufes_data_organizer/results/phase2_tuning/phase2_all_results_ctranspath_averaged.csv,3313.0170225568836,0.2737997831002432,9,6.111111111111111,False
30,7,0.980710052644758,3054.076190375735,22.64352644875714,0.2677155961653209,0.0125611296413905,1,2.6,57,54.4,57.0,44.8,5,ctranspath,CTransPath,/Volumes/ssd/thesis_organization/ndb_ufes_data_organizer/results/phase2_tuning/phase2_all_results_ctranspath_averaged.csv,3054.076190375735,0.2677155961653209,1,57.0,False
30,8,0.980710052644758,2818.969561001565,36.06359093331146,0.2531393607202939,0.0113577486617382,1,1.0,54,51.0,54.0,51.0,5,ctranspath,CTransPath,/Volumes/ssd/thesis_organization/ndb_ufes_data_organizer/results/phase2_tuning/phase2_all_results_ctranspath_averaged.csv,2818.969561001565,0.2531393607202939,1,54.0,False
30,9,0.980710052644758,2646.660785334939,18.614693800874537,0.2488835188875438,0.0150913546118238,1,1.0,55,50.4,55.0,50.4,5,ctranspath,CTransPath,/Volumes/ssd/thesis_organization/ndb_ufes_data_organizer/results/phase2_tuning/phase2_all_results_ctranspath_averaged.csv,2646.660785334939,0.2488835188875438,1,55.0,False
2,2,0.7983775695363493,421.3128641000291,0.0,0.970165433764418,0.0,1,1.0,202,202.0,202.0,202.0,5,swin_base_patch4_window7_224,Swin Base Patch4 Window7 224,/Volumes/ssd/thesis_organization/ndb_ufes_data_organizer/results/phase2_tuning/phase2_all_results_swin_base_patch4_window7_224_averaged.csv,421.3128641000291,0.970165433764418,1,202.0,False
2,3,0.7983775695363493,205.24999705439564,0.4702947191513125,0.7002465762561015,0.0102963625358936,1,1.0,187,184.2,187.0,184.2,5,swin_base_patch4_window7_224,Swin Base Patch4 Window7 224,/Volumes/ssd/thesis_organization/ndb_ufes_data_organizer/results/phase2_tuning/phase2_all_results_swin_base_patch4_window7_224_averaged.csv,205.24999705439564,0.7002465762561015,1,187.0,False
2,4,0.7983775695363493,118.67678713062548,0.0,0.6032016258924231,0.0,1,1.0,164,164.0,164.0,164.0,5,swin_base_patch4_window7_224,Swin Base Patch4 Window7 224,/Volumes/ssd/thesis_organization/ndb_ufes_data_organizer/results/phase2_tuning/phase2_all_results_swin_base_patch4_window7_224_averaged.csv,118.67678713062548,0.6032016258924231,1,164.0,False
2,5,0.7983775695363493,57.12637716808284,0.0091033911963261,0.5249532017842276,0.00069444969159,1,1.0,95,94.6,95.0,94.6,5,swin_base_patch4_window7_224,Swin Base Patch4 Window7 224,/Volumes/ssd/thesis_organization/ndb_ufes_data_organizer/results/phase2_tuning/phase2_all_results_swin_base_patch4_window7_224_averaged.csv,57.12637716808284,0.5249532017842276,1,95.0,False
2,6,0.7983775695363493,32.01174601419176,0.035164704036619,0.5391146354880746,0.0004891656451349,1,1.0,90,85.8,90.0,85.8,5,swin_base_patch4_window7_224,Swin Base Patch4 Window7 224,/Volumes/ssd/thesis_organization/ndb_ufes_data_organizer/results/phase2_tuning/phase2_all_results_swin_base_patch4_window7_224_averaged.csv,32.01174601419176,0.5391146354880746,1,90.0,False
2,7,0.7983775695363493,21.471518452312107,0.0128855438696793,0.5407646432277378,0.0010493492326658,1,1.0,82,79.6,82.0,79.6,5,swin_base_patch4_window7_224,Swin Base Patch4 Window7 224,/Volumes/ssd/thesis_organization/ndb_ufes_data_organizer/results/phase2_tuning/phase2_all_results_swin_base_patch4_window7_224_averaged.csv,21.471518452312107,0.5407646432277378,1,82.0,False
2,8,0.7983775695363493,15.05223018535835,0.0161609879904015,0.5077636702118857,0.0003425642477971,1,1.0,64,62.6,64.0,62.6,5,swin_base_patch4_window7_224,Swin Base Patch4 Window7 224,/Volumes/ssd/thesis_organization/ndb_ufes_data_organizer/results/phase2_tuning/phase2_all_results_swin_base_patch4_window7_224_averaged.csv,15.05223018535835,0.5077636702118857,1,64.0,False
2,9,0.7983775695363493,11.372806307103383,0.0578855083498476,0.4903535696649221,0.0020831890979401,1,1.0,57,52.0,57.0,52.0,5,swin_base_patch4_window7_224,Swin Base Patch4 Window7 224,/Volumes/ssd/thesis_organization/ndb_ufes_data_organizer/results/phase2_tuning/phase2_all_results_swin_base_patch4_window7_224_averaged.csv,11.372806307103383,0.4903535696649221,1,57.0,False
3,2,0.846331841478262,623.9573167568484,0.0,0.960253706454375,0.0,1,1.0,202,202.0,202.0,202.0,5,swin_base_patch4_window7_224,Swin Base Patch4 Window7 224,/Volumes/ssd/thesis_organization/ndb_ufes_data_organizer/results/phase2_tuning/phase2_all_results_swin_base_patch4_window7_224_averaged.csv,623.9573167568484,0.960253706454375,1,202.0,False
3,3,0.846331841478262,403.04836480286224,0.00868762704134,0.558861456422152,0.0027439221482916,1,1.0,181,180.4,181.0,180.4,5,swin_base_patch4_window7_224,Swin Base Patch4 Window7 224,/Volumes/ssd/thesis_organization/ndb_ufes_data_organizer/results/phase2_tuning/phase2_all_results_swin_base_patch4_window7_224_averaged.csv,403.04836480286224,0.558861456422152,1,181.0,False
3,4,0.846331841478262,225.08853608848065,0.2092667793238443,0.4748265178054193,0.0024065494875294,1,1.0,114,112.8,114.0,112.8,5,swin_base_patch4_window7_224,Swin Base Patch4 Window7 224,/Volumes/ssd/thesis_organization/ndb_ufes_data_organizer/results/phase2_tuning/phase2_all_results_swin_base_patch4_window7_224_averaged.csv,225.08853608848065,0.4748265178054193,1,114.0,False
3,5,0.846331841478262,143.5996093965244,0.0,0.5020929809597594,0.0,1,1.0,100,100.0,100.0,100.0,5,swin_base_patch4_window7_224,Swin Base Patch4 Window7 224,/Volumes/ssd/thesis_organization/ndb_ufes_data_organizer/results/phase2_tuning/phase2_all_results_swin_base_patch4_window7_224_averaged.csv,143.5996093965244,0.5020929809597594,1,100.0,False
3,6,0.846331841478262,109.6832046738853,0.0454469973392633,0.4903044169736398,0.0019418098602543,1,1.0,92,91.6,92.0,91.6,5,swin_base_patch4_window7_224,Swin Base Patch4 Window7 224,/Volumes/ssd/thesis_organization/ndb_ufes_data_organizer/results/phase2_tuning/phase2_all_results_swin_base_patch4_window7_224_averaged.csv,109.6832046738853,0.4903044169736398,1,92.0,False
3,7,0.846331841478262,86.54743325026891,0.1695289905019542,0.4637657676441901,0.0289919242846118,1,1.0,88,84.8,88.0,84.8,5,swin_base_patch4_window7_224,Swin Base Patch4 Window7 224,/Volumes/ssd/thesis_organization/ndb_ufes_data_organizer/results/phase2_tuning/phase2_all_results_swin_base_patch4_window7_224_averaged.csv,86.54743325026891,0.4637657676441901,1,88.0,False
3,8,0.846331841478262,67.68933066340674,0.0555880572431307,0.4294254672516424,0.0029447254404413,1,1.0,63,61.8,63.0,61.8,5,swin_base_patch4_window7_224,Swin Base Patch4 Window7 224,/Volumes/ssd/thesis_organization/ndb_ufes_data_organizer/results/phase2_tuning/phase2_all_results_swin_base_patch4_window7_224_averaged.csv,67.68933066340674,0.4294254672516424,1,63.0,False
3,9,0.846331841478262,55.81285309636432,0.1264726858668525,0.4021591055654266,0.0031410774370333,1,1.0,54,52.8,54.0,52.8,5,swin_base_patch4_window7_224,Swin Base Patch4 Window7 224,/Volumes/ssd/thesis_organization/ndb_ufes_data_organizer/results/phase2_tuning/phase2_all_results_swin_base_patch4_window7_224_averaged.csv,55.81285309636432,0.4021591055654266,1,54.0,False
4,2,0.864934910310669,702.5180370882023,0.0,0.957864313340152,0.0,1,1.0,202,202.0,202.0,202.0,5,swin_base_patch4_window7_224,Swin Base Patch4 Window7 224,/Volumes/ssd/thesis_organization/ndb_ufes_data_organizer/results/phase2_tuning/phase2_all_results_swin_base_patch4_window7_224_averaged.csv,702.5180370882023,0.957864313340152,1,202.0,False
4,3,0.864934910310669,473.82184703742416,0.0,0.5605719279861361,0.0,1,1.0,181,181.0,181.0,181.0,5,swin_base_patch4_window7_224,Swin Base Patch4 Window7 224,/Volumes/ssd/thesis_organization/ndb_ufes_data_organizer/results/phase2_tuning/phase2_all_results_swin_base_patch4_window7_224_averaged.csv,473.82184703742416,0.5605719279861361,1,181.0,False
4,4,0.864934910310669,303.4880446689936,0.279650280005762,0.432779781885218,0.0039942138279039,1,1.0,117,112.6,117.0,112.6,5,swin_base_patch4_window7_224,Swin Base Patch4 Window7 224,/Volumes/ssd/thesis_organization/ndb_ufes_data_organizer/results/phase2_tuning/phase2_all_results_swin_base_patch4_window7_224_averaged.csv,303.4880446689936,0.432779781885218,1,117.0,False
4,5,0.864934910310669,178.72496723731155,0.0617974582198662,0.4704953661339525,0.000115650249572,1,1.0,97,97.0,97.0,97.0,5,swin_base_patch4_window7_224,Swin Base Patch4 Window7 224,/Volumes/ssd/thesis_organization/ndb_ufes_data_organizer/results/phase2_tuning/phase2_all_results_swin_base_patch4_window7_224_averaged.csv,178.72496723731155,0.4704953661339525,1,97.0,False
4,6,0.864934910310669,141.29592472006735,0.4062723251604512,0.4614131981439938,0.0090854639286113,1,1.0,92,89.4,92.0,89.4,5,swin_base_patch4_window7_224,Swin Base Patch4 Window7 224,/Volumes/ssd/thesis_organization/ndb_ufes_data_organizer/results/phase2_tuning/phase2_all_results_swin_base_patch4_window7_224_averaged.csv,141.29592472006735,0.4614131981439938,1,92.0,False
4,7,0.864934910310669,115.21354849146852,0.0673322113099525,0.4494167862581659,0.0035161273957085,1,1.0,89,87.8,89.0,87.8,5,swin_base_patch4_window7_224,Swin Base Patch4 Window7 224,/Volumes/ssd/thesis_organization/ndb_ufes_data_organizer/results/phase2_tuning/phase2_all_results_swin_base_patch4_window7_224_averaged.csv,115.21354849146852,0.4494167862581659,1,89.0,False
4,8,0.864934910310669,95.7206614916349,0.0337153392622033,0.3966163170914822,0.0040193129334611,1,1.0,73,69.6,73.0,69.6,5,swin_base_patch4_window7_224,Swin Base Patch4 Window7 224,/Volumes/ssd/thesis_organization/ndb_ufes_data_organizer/results/phase2_tuning/phase2_all_results_swin_base_patch4_window7_224_averaged.csv,95.7206614916349,0.3966163170914822,1,73.0,False
4,9,0.864934910310669,80.25594765335548,0.0414813966203399,0.3777028707917719,0.0008166988059749,1,1.0,52,51.4,52.0,51.4,5,swin_base_patch4_window7_224,Swin Base Patch4 Window7 224,/Volumes/ssd/thesis_organization/ndb_ufes_data_organizer/results/phase2_tuning/phase2_all_results_swin_base_patch4_window7_224_averaged.csv,80.25594765335548,0.3777028707917719,1,52.0,False
5,2,0.8809703412633876,770.2817552491032,0.0,0.956577638777676,0.0,1,1.0,202,202.0,202.0,202.0,5,swin_base_patch4_window7_224,Swin Base Patch4 Window7 224,/Volumes/ssd/thesis_organization/ndb_ufes_data_organizer/results/phase2_tuning/phase2_all_results_swin_base_patch4_window7_224_averaged.csv,770.2817552491032,0.956577638777676,1,202.0,False
5,3,0.8809703412633876,541.0387367574497,0.0,0.5555960284001326,0.0,1,1.0,180,180.0,180.0,180.0,5,swin_base_patch4_window7_224,Swin Base Patch4 Window7 224,/Volumes/ssd/thesis_organization/ndb_ufes_data_organizer/results/phase2_tuning/phase2_all_results_swin_base_patch4_window7_224_averaged.csv,541.0387367574497,0.5555960284001326,1,180.0,False
5,4,0.8809703412633876,370.2237773410276,3.117563551289685,0.4050942393962075,0.0187253859392352,1,1.0,113,110.6,113.0,110.6,5,swin_base_patch4_window7_224,Swin Base Patch4 Window7 224,/Volumes/ssd/thesis_organization/ndb_ufes_data_organizer/results/phase2_tuning/phase2_all_results_swin_base_patch4_window7_224_averaged.csv,370.2237773410276,0.4050942393962075,1,113.0,False
5,5,0.8809703412633876,234.57124090845053,0.0,0.4482047658632822,0.0,1,1.0,98,98.0,98.0,98.0,5,swin_base_patch4_window7_224,Swin Base Patch4 Window7 224,/Volumes/ssd/thesis_organization/ndb_ufes_data_organizer/results/phase2_tuning/phase2_all_results_swin_base_patch4_window7_224_averaged.csv,234.57124090845053,0.4482047658632822,1,98.0,False
5,6,0.8809703412633876,174.10221518205444,0.0111883893377652,0.4556329277615293,0.0003847362839395,1,1.0,96,95.2,96.0,95.2,5,swin_base_patch4_window7_224,Swin Base Patch4 Window7 224,/Volumes/ssd/thesis_organization/ndb_ufes_data_organizer/results/phase2_tuning/phase2_all_results_swin_base_patch4_window7_224_averaged.csv,174.10221518205444,0.4556329277615293,1,96.0,False
5,7,0.8809703412633876,143.28544597118386,0.293884102908608,0.4271837553638426,0.0058577991900221,1,1.0,94,89.4,94.0,89.4,5,swin_base_patch4_window7_224,Swin Base Patch4 Window7 224,/Volumes/ssd/thesis_organization/ndb_ufes_data_organizer/results/phase2_tuning/phase2_all_results_swin_base_patch4_window7_224_averaged.csv,143.28544597118386,0.4271837553638426,1,94.0,False
5,8,0.8809703412633876,120.72974315165736,0.4966718625998636,0.3777272803725701,0.0256350047151005,1,1.0,77,68.0,77.0,68.0,5,swin_base_patch4_window7_224,Swin Base Patch4 Window7 224,/Volumes/ssd/thesis_organization/ndb_ufes_data_organizer/results/phase2_tuning/phase2_all_results_swin_base_patch4_window7_224_averaged.csv,120.72974315165736,0.3777272803725701,1,77.0,False
5,9,0.8809703412633876,102.37538961796774,0.1549389303176079,0.3684665506221432,0.0096676462527283,1,1.0,67,63.6,67.0,63.6,5,swin_base_patch4_window7_224,Swin Base Patch4 Window7 224,/Volumes/ssd/thesis_organization/ndb_ufes_data_organizer/results/phase2_tuning/phase2_all_results_swin_base_patch4_window7_224_averaged.csv,102.37538961796774,0.3684665506221432,1,67.0,False
6,2,0.8915654234626158,815.0523047701236,0.0,0.9546482396189184,0.0,1,1.0,202,202.0,202.0,202.0,5,swin_base_patch4_window7_224,Swin Base Patch4 Window7 224,/Volumes/ssd/thesis_organization/ndb_ufes_data_organizer/results/phase2_tuning/phase2_all_results_swin_base_patch4_window7_224_averaged.csv,815.0523047701236,0.9546482396189184,1,202.0,False
6,3,0.8915654234626158,585.6276742950914,0.0,0.540518156219752,0.0,1,1.0,180,180.0,180.0,180.0,5,swin_base_patch4_window7_224,Swin Base Patch4 Window7 224,/Volumes/ssd/thesis_organization/ndb_ufes_data_organizer/results/phase2_tuning/phase2_all_results_swin_base_patch4_window7_224_averaged.csv,585.6276742950914,0.540518156219752,1,180.0,False
6,4,0.8915654234626158,414.4338710195326,2.983731876976196,0.3820139230045104,0.0153055205872862,1,1.0,118,115.2,118.0,115.2,5,swin_base_patch4_window7_224,Swin Base Patch4 Window7 224,/Volumes/ssd/thesis_organization/ndb_ufes_data_organizer/results/phase2_tuning/phase2_all_results_swin_base_patch4_window7_224_averaged.csv,414.4338710195326,0.3820139230045104,1,118.0,False
6,5,0.8915654234626158,278.8450889032981,0.0,0.4120912590932583,0.0,1,1.0,97,97.0,97.0,97.0,5,swin_base_patch4_window7_224,Swin Base Patch4 Window7 224,/Volumes/ssd/thesis_organization/ndb_ufes_data_organizer/results/phase2_tuning/phase2_all_results_swin_base_patch4_window7_224_averaged.csv,278.8450889032981,0.4120912590932583,1,97.0,False
6,6,0.8915654234626158,214.83767159299543,0.0553524764560126,0.4170110400922021,0.0004964120671299,1,1.0,95,95.0,95.0,95.0,5,swin_base_patch4_window7_224,Swin Base Patch4 Window7 224,/Volumes/ssd/thesis_organization/ndb_ufes_data_organizer/results/phase2_tuning/phase2_all_results_swin_base_patch4_window7_224_averaged.csv,214.83767159299543,0.4170110400922021,1,95.0,False
6,7,0.8915654234626158,183.90056610258733,1.1064306030400424,0.3833080955562541,0.0223701850879028,1,1.0,90,84.2,90.0,84.2,5,swin_base_patch4_window7_224,Swin Base Patch4 Window7 224,/Volumes/ssd/thesis_organization/ndb_ufes_data_organizer/results/phase2_tuning/phase2_all_results_swin_base_patch4_window7_224_averaged.csv,183.90056610258733,0.3833080955562541,1,90.0,False
6,8,0.8915654234626158,160.42320276889814,0.424722206759284,0.3198232869297197,0.0055069355776057,1,1.0,73,68.4,73.0,68.4,5,swin_base_patch4_window7_224,Swin Base Patch4 Window7 224,/Volumes/ssd/thesis_organization/ndb_ufes_data_organizer/results/phase2_tuning/phase2_all_results_swin_base_patch4_window7_224_averaged.csv,160.42320276889814,0.3198232869297197,1,73.0,False
6,9,0.8915654234626158,140.62729630791506,0.7887689232328283,0.326539823837685,0.0075241111067679,1,1.0,73,69.4,73.0,69.4,5,swin_base_patch4_window7_224,Swin Base Patch4 Window7 224,/Volumes/ssd/thesis_organization/ndb_ufes_data_organizer/results/phase2_tuning/phase2_all_results_swin_base_patch4_window7_224_averaged.csv,140.62729630791506,0.326539823837685,1,73.0,False
7,2,0.9004948220686945,852.7862259384158,0.0,0.953539816428537,0.0,1,1.0,202,202.0,202.0,202.0,5,swin_base_patch4_window7_224,Swin Base Patch4 Window7 224,/Volumes/ssd/thesis_organization/ndb_ufes_data_organizer/results/phase2_tuning/phase2_all_results_swin_base_patch4_window7_224_averaged.csv,852.7862259384158,0.953539816428537,1,202.0,False
7,3,0.9004948220686945,623.3348869402386,0.0,0.5380053171869326,0.0,1,1.0,180,180.0,180.0,180.0,5,swin_base_patch4_window7_224,Swin Base Patch4 Window7 224,/Volumes/ssd/thesis_organization/ndb_ufes_data_organizer/results/phase2_tuning/phase2_all_results_swin_base_patch4_window7_224_averaged.csv,623.3348869402386,0.5380053171869326,1,180.0,False
7,4,0.9004948220686945,449.3721009525919,2.812462064411274,0.367650136025231,0.01407110511921,1,1.0,116,112.8,116.0,112.8,5,swin_base_patch4_window7_224,Swin Base Patch4 Window7 224,/Volumes/ssd/thesis_organization/ndb_ufes_data_organizer/results/phase2_tuning/phase2_all_results_swin_base_patch4_window7_224_averaged.csv,449.3721009525919,0.367650136025231,1,116.0,False
7,5,0.9004948220686945,315.83206681376606,0.0,0.3944896823037895,0.0,1,1.0,97,97.0,97.0,97.0,5,swin_base_patch4_window7_224,Swin Base Patch4 Window7 224,/Volumes/ssd/thesis_organization/ndb_ufes_data_organizer/results/phase2_tuning/phase2_all_results_swin_base_patch4_window7_224_averaged.csv,315.83206681376606,0.3944896823037895,1,97.0,False
7,6,0.9004948220686945,249.27199757125297,0.0,0.3990538740468475,0.0,1,1.0,95,95.0,95.0,95.0,5,swin_base_patch4_window7_224,Swin Base Patch4 Window7 224,/Volumes/ssd/thesis_organization/ndb_ufes_data_organizer/results/phase2_tuning/phase2_all_results_swin_base_patch4_window7_224_averaged.csv,249.27199757125297,0.3990538740468475,1,95.0,False
7,7,0.9004948220686945,212.9482602046333,0.894560529251064,0.3982083910110036,0.0016142496725204,1,1.0,93,92.4,93.0,92.4,5,swin_base_patch4_window7_224,Swin Base Patch4 Window7 224,/Volumes/ssd/thesis_organization/ndb_ufes_data_organizer/results/phase2_tuning/phase2_all_results_swin_base_patch4_window7_224_averaged.csv,212.9482602046333,0.3982083910110036,1,93.0,False
7,8,0.9004948220686945,189.1811196603421,0.4461877174031834,0.3636234348138752,0.0379390806445932,1,1.0,89,85.0,89.0,85.0,5,swin_base_patch4_window7_224,Swin Base Patch4 Window7 224,/Volumes/ssd/thesis_organization/ndb_ufes_data_organizer/results/phase2_tuning/phase2_all_results_swin_base_patch4_window7_224_averaged.csv,189.1811196603421,0.3636234348138752,1,89.0,False
7,9,0.9004948220686945,166.00112665564018,0.9374638861231176,0.3117107996779177,0.0081247016952663,1,1.0,76,73.2,76.0,73.2,5,swin_base_patch4_window7_224,Swin Base Patch4 Window7 224,/Volumes/ssd/thesis_organization/ndb_ufes_data_organizer/results/phase2_tuning/phase2_all_results_swin_base_patch4_window7_224_averaged.csv,166.00112665564018,0.3117107996779177,1,76.0,False
8,2,0.9083284052070356,885.8893326813593,0.0,0.952749024976091,0.0,1,1.0,202,202.0,202.0,202.0,5,swin_base_patch4_window7_224,Swin Base Patch4 Window7 224,/Volumes/ssd/thesis_organization/ndb_ufes_data_organizer/results/phase2_tuning/phase2_all_results_swin_base_patch4_window7_224_averaged.csv,885.8893326813593,0.952749024976091,1,202.0,False
8,3,0.9083284052070356,655.9870853355252,0.0,0.5384059218368313,0.0,1,1.0,180,180.0,180.0,180.0,5,swin_base_patch4_window7_224,Swin Base Patch4 Window7 224,/Volumes/ssd/thesis_organization/ndb_ufes_data_organizer/results/phase2_tuning/phase2_all_results_swin_base_patch4_window7_224_averaged.csv,655.9870853355252,0.5384059218368313,1,180.0,False
8,4,0.9083284052070356,478.28512076048855,2.7020099072769854,0.364581183517603,0.0042579155687179,1,1.0,116,111.6,116.0,111.6,5,swin_base_patch4_window7_224,Swin Base Patch4 Window7 224,/Volumes/ssd/thesis_organization/ndb_ufes_data_organizer/results/phase2_tuning/phase2_all_results_swin_base_patch4_window7_224_averaged.csv,478.28512076048855,0.364581183517603,1,116.0,False
8,5,0.9083284052070356,347.6956187148743,0.0559201771202046,0.3805537999784351,0.0003941614737062,1,1.0,100,99.6,100.0,99.6,5,swin_base_patch4_window7_224,Swin Base Patch4 Window7 224,/Volumes/ssd/thesis_organization/ndb_ufes_data_organizer/results/phase2_tuning/phase2_all_results_swin_base_patch4_window7_224_averaged.csv,347.6956187148743,0.3805537999784351,1,100.0,False
8,6,0.9083284052070356,280.63902698413824,0.0213034479387929,0.3874488385806497,0.000168490642106,1,1.0,96,95.4,96.0,95.4,5,swin_base_patch4_window7_224,Swin Base Patch4 Window7 224,/Volumes/ssd/thesis_organization/ndb_ufes_data_organizer/results/phase2_tuning/phase2_all_results_swin_base_patch4_window7_224_averaged.csv,280.63902698413824,0.3874488385806497,1,96.0,False
8,7,0.9083284052070356,241.89188602232784,1.4001658549540126,0.3743817795063122,0.0068033368366438,1,1.0,92,89.2,92.0,89.2,5,swin_base_patch4_window7_224,Swin Base Patch4 Window7 224,/Volumes/ssd/thesis_organization/ndb_ufes_data_organizer/results/phase2_tuning/phase2_all_results_swin_base_patch4_window7_224_averaged.csv,241.89188602232784,0.3743817795063122,1,92.0,False
8,8,0.9083284052070356,208.95368757065,1.537810541447174,0.3730164028629191,0.0027981540198011,1,1.0,89,87.0,89.0,87.0,5,swin_base_patch4_window7_224,Swin Base Patch4 Window7 224,/Volumes/ssd/thesis_organization/ndb_ufes_data_organizer/results/phase2_tuning/phase2_all_results_swin_base_patch4_window7_224_averaged.csv,208.95368757065,0.3730164028629191,1,89.0,False
8,9,0.9083284052070356,183.3667937613561,1.6687666467411597,0.3187378453649703,0.0308705087983261,1,1.0,81,73.8,81.0,73.8,5,swin_base_patch4_window7_224,Swin Base Patch4 Window7 224,/Volumes/ssd/thesis_organization/ndb_ufes_data_organizer/results/phase2_tuning/phase2_all_results_swin_base_patch4_window7_224_averaged.csv,183.3667937613561,0.3187378453649703,1,81.0,False
10,2,0.9218720182689154,943.1217551546094,0.0,0.9508311288932972,0.0,1,1.0,202,202.0,202.0,202.0,5,swin_base_patch4_window7_224,Swin Base Patch4 Window7 224,/Volumes/ssd/thesis_organization/ndb_ufes_data_organizer/results/phase2_tuning/phase2_all_results_swin_base_patch4_window7_224_averaged.csv,943.1217551546094,0.9508311288932972,1,202.0,False
10,3,0.9218720182689154,712.5787960987437,0.0,0.5296402445246702,0.0,1,1.0,180,180.0,180.0,180.0,5,swin_base_patch4_window7_224,Swin Base Patch4 Window7 224,/Volumes/ssd/thesis_organization/ndb_ufes_data_organizer/results/phase2_tuning/phase2_all_results_swin_base_patch4_window7_224_averaged.csv,712.5787960987437,0.5296402445246702,1,180.0,False
10,4,0.9218720182689154,537.8252473841005,2.791176775778516,0.3421129384055077,0.0021158554813828,1,1.0,116,112.8,116.0,112.8,5,swin_base_patch4_window7_224,Swin Base Patch4 Window7 224,/Volumes/ssd/thesis_organization/ndb_ufes_data_organizer/results/phase2_tuning/phase2_all_results_swin_base_patch4_window7_224_averaged.csv,537.8252473841005,0.3421129384055077,1,116.0,False
10,5,0.9218720182689154,403.4209823262441,0.279487074994745,0.3495521259054775,0.0013113824160384,1,1.0,102,99.6,102.0,99.6,5,swin_base_patch4_window7_224,Swin Base Patch4 Window7 224,/Volumes/ssd/thesis_organization/ndb_ufes_data_organizer/results/phase2_tuning/phase2_all_results_swin_base_patch4_window7_224_averaged.csv,403.4209823262441,0.3495521259054775,1,102.0,False
10,6,0.9218720182689154,336.7215136541958,0.0738241363988331,0.3557379190788269,0.0001242003049471,1,1.0,96,95.4,96.0,95.4,5,swin_base_patch4_window7_224,Swin Base Patch4 Window7 224,/Volumes/ssd/thesis_organization/ndb_ufes_data_organizer/results/phase2_tuning/phase2_all_results_swin_base_patch4_window7_224_averaged.csv,336.7215136541958,0.3557379190788269,1,96.0,False
10,7,0.9218720182689154,296.1183039203405,2.625271346605328,0.3398382375917734,0.010439446461694,1,1.0,93,87.6,93.0,87.6,5,swin_base_patch4_window7_224,Swin Base Patch4 Window7 224,/Volumes/ssd/thesis_organization/ndb_ufes_data_organizer/results/phase2_tuning/phase2_all_results_swin_base_patch4_window7_224_averaged.csv,296.1183039203405,0.3398382375917734,1,93.0,False
10,8,0.9218720182689154,264.44618256152,3.253622016580876,0.328686328554665,0.0092274033908138,1,1.0,88,83.2,88.0,83.2,5,swin_base_patch4_window7_224,Swin Base Patch4 Window7 224,/Volumes/ssd/thesis_organization/ndb_ufes_data_organizer/results/phase2_tuning/phase2_all_results_swin_base_patch4_window7_224_averaged.csv,264.44618256152,0.328686328554665,1,88.0,False
10,9,0.9218720182689154,237.85414291965415,3.3772251719159634,0.279531140902363,0.0326853454152383,1,1.0,81,68.4,81.0,68.4,5,swin_base_patch4_window7_224,Swin Base Patch4 Window7 224,/Volumes/ssd/thesis_organization/ndb_ufes_data_organizer/results/phase2_tuning/phase2_all_results_swin_base_patch4_window7_224_averaged.csv,237.85414291965415,0.279531140902363,1,81.0,False
12,2,0.9309483157671414,981.4757429147288,0.0,0.949532533596438,0.0,1,1.0,202,202.0,202.0,202.0,5,swin_base_patch4_window7_224,Swin Base Patch4 Window7 224,/Volumes/ssd/thesis_organization/ndb_ufes_data_organizer/results/phase2_tuning/phase2_all_results_swin_base_patch4_window7_224_averaged.csv,981.4757429147288,0.949532533596438,1,202.0,False
12,3,0.9309483157671414,750.8592168969685,0.0,0.524530403046954,0.0,1,1.0,180,180.0,180.0,180.0,5,swin_base_patch4_window7_224,Swin Base Patch4 Window7 224,/Volumes/ssd/thesis_organization/ndb_ufes_data_organizer/results/phase2_tuning/phase2_all_results_swin_base_patch4_window7_224_averaged.csv,750.8592168969685,0.524530403046954,1,180.0,False
12,4,0.9309483157671414,573.4234880940152,2.2848111057010683,0.3238909319074198,0.002638917100916,1,1.0,116,112.6,116.0,112.6,5,swin_base_patch4_window7_224,Swin Base Patch4 Window7 224,/Volumes/ssd/thesis_organization/ndb_ufes_data_organizer/results/phase2_tuning/phase2_all_results_swin_base_patch4_window7_224_averaged.csv,573.4234880940152,0.3238909319074198,1,116.0,False
12,5,0.9309483157671414,441.697146002946,0.174952712661394,0.3304270287260714,0.0012986836186063,1,1.0,102,100.4,102.0,100.4,5,swin_base_patch4_window7_224,Swin Base Patch4 Window7 224,/Volumes/ssd/thesis_organization/ndb_ufes_data_organizer/results/phase2_tuning/phase2_all_results_swin_base_patch4_window7_224_averaged.csv,441.697146002946,0.3304270287260714,1,102.0,False
12,6,0.9309483157671414,374.91756517318737,0.3496987778381981,0.3361618301074916,0.0006898289469897,1,1.0,102,96.6,102.0,96.6,5,swin_base_patch4_window7_224,Swin Base Patch4 Window7 224,/Volumes/ssd/thesis_organization/ndb_ufes_data_organizer/results/phase2_tuning/phase2_all_results_swin_base_patch4_window7_224_averaged.csv,374.91756517318737,0.3361618301074916,1,102.0,False
12,7,0.9309483157671414,333.1366226119685,3.0823774346583273,0.3174612826141518,0.0124712407381538,1,1.0,91,86.4,91.0,86.4,5,swin_base_patch4_window7_224,Swin Base Patch4 Window7 224,/Volumes/ssd/thesis_organization/ndb_ufes_data_organizer/results/phase2_tuning/phase2_all_results_swin_base_patch4_window7_224_averaged.csv,333.1366226119685,0.3174612826141518,1,91.0,False
12,8,0.9309483157671414,299.4366472360392,3.427014658849858,0.3188133188422416,0.0028993842487528,1,1.0,92,85.8,92.0,85.8,5,swin_base_patch4_window7_224,Swin Base Patch4 Window7 224,/Volumes/ssd/thesis_organization/ndb_ufes_data_organizer/results/phase2_tuning/phase2_all_results_swin_base_patch4_window7_224_averaged.csv,299.4366472360392,0.3188133188422416,1,92.0,False
12,9,0.9309483157671414,271.54296170106437,1.60850749141883,0.2456328348761809,0.0292694096499798,1,1.0,80,73.0,80.0,73.0,5,swin_base_patch4_window7_224,Swin Base Patch4 Window7 224,/Volumes/ssd/thesis_organization/ndb_ufes_data_organizer/results/phase2_tuning/phase2_all_results_swin_base_patch4_window7_224_averaged.csv,271.54296170106437,0.2456328348761809,1,80.0,False
15,2,0.9410507008182932,1024.16333655654,0.0,0.9480642379205096,0.0,1,1.0,202,202.0,202.0,202.0,5,swin_base_patch4_window7_224,Swin Base Patch4 Window7 224,/Volumes/ssd/thesis_organization/ndb_ufes_data_organizer/results/phase2_tuning/phase2_all_results_swin_base_patch4_window7_224_averaged.csv,1024.16333655654,0.9480642379205096,1,202.0,False
15,3,0.9410507008182932,797.2392292715161,4.742469579520139,0.4823925847986755,0.0606610658597894,1,1.0,183,175.0,183.0,175.0,5,swin_base_patch4_window7_224,Swin Base Patch4 Window7 224,/Volumes/ssd/thesis_organization/ndb_ufes_data_organizer/results/phase2_tuning/phase2_all_results_swin_base_patch4_window7_224_averaged.csv,797.2392292715161,0.4823925847986755,1,183.0,False
15,4,0.9410507008182932,617.0914270945095,4.6524317392098355,0.2948654605386002,0.0115390063344594,1,1.0,118,115.0,118.0,115.0,5,swin_base_patch4_window7_224,Swin Base Patch4 Window7 224,/Volumes/ssd/thesis_organization/ndb_ufes_data_organizer/results/phase2_tuning/phase2_all_results_swin_base_patch4_window7_224_averaged.csv,617.0914270945095,0.2948654605386002,1,118.0,False
15,5,0.9410507008182932,483.97624352911953,0.1809972458087262,0.3112139136984794,0.001129354197266,1,1.0,102,100.2,102.0,100.2,5,swin_base_patch4_window7_224,Swin Base Patch4 Window7 224,/Volumes/ssd/thesis_organization/ndb_ufes_data_organizer/results/phase2_tuning/phase2_all_results_swin_base_patch4_window7_224_averaged.csv,483.97624352911953,0.3112139136984794,1,102.0,False
15,6,0.9410507008182932,416.66995062843733,0.3666962738335949,0.3166179855352883,0.0010836827549595,1,1.0,102,97.2,102.0,97.2,5,swin_base_patch4_window7_224,Swin Base Patch4 Window7 224,/Volumes/ssd/thesis_organization/ndb_ufes_data_organizer/results/phase2_tuning/phase2_all_results_swin_base_patch4_window7_224_averaged.csv,416.66995062843733,0.3166179855352883,1,102.0,False
15,7,0.9410507008182932,375.4247530493942,3.1238270874551666,0.3008730622935729,0.0064013588744047,1,1.0,92,87.6,92.0,87.6,5,swin_base_patch4_window7_224,Swin Base Patch4 Window7 224,/Volumes/ssd/thesis_organization/ndb_ufes_data_organizer/results/phase2_tuning/phase2_all_results_swin_base_patch4_window7_224_averaged.csv,375.4247530493942,0.3008730622935729,1,92.0,False
15,8,0.9410507008182932,342.40543854949794,3.158407826694049,0.2988543632594893,0.0222242360418936,1,1.0,92,87.2,92.0,87.2,5,swin_base_patch4_window7_224,Swin Base Patch4 Window7 224,/Volumes/ssd/thesis_organization/ndb_ufes_data_organizer/results/phase2_tuning/phase2_all_results_swin_base_patch4_window7_224_averaged.csv,342.40543854949794,0.2988543632594893,1,92.0,False
15,9,0.9410507008182932,313.96430286052436,1.8067308112448817,0.2298700030568104,0.0283840863263523,1,1.0,77,72.0,77.0,72.0,5,swin_base_patch4_window7_224,Swin Base Patch4 Window7 224,/Volumes/ssd/thesis_organization/ndb_ufes_data_organizer/results/phase2_tuning/phase2_all_results_swin_base_patch4_window7_224_averaged.csv,313.96430286052436,0.2298700030568104,1,77.0,False
18,2,0.9495637641926772,1060.136990711423,0.0,0.9469452798117712,0.0,1,1.0,202,202.0,202.0,202.0,5,swin_base_patch4_window7_224,Swin Base Patch4 Window7 224,/Volumes/ssd/thesis_organization/ndb_ufes_data_organizer/results/phase2_tuning/phase2_all_results_swin_base_patch4_window7_224_averaged.csv,1060.136990711423,0.9469452798117712,1,202.0,False
18,3,0.9495637641926772,828.6306892589198,0.0,0.5208725180292378,0.0,1,1.0,180,180.0,180.0,180.0,5,swin_base_patch4_window7_224,Swin Base Patch4 Window7 224,/Volumes/ssd/thesis_organization/ndb_ufes_data_organizer/results/phase2_tuning/phase2_all_results_swin_base_patch4_window7_224_averaged.csv,828.6306892589198,0.5208725180292378,1,180.0,False
18,4,0.9495637641926772,655.2794801867951,4.3081925410080135,0.2797540100697587,0.0133911425190206,1,1.0,116,113.2,116.0,113.2,5,swin_base_patch4_window7_224,Swin Base Patch4 Window7 224,/Volumes/ssd/thesis_organization/ndb_ufes_data_organizer/results/phase2_tuning/phase2_all_results_swin_base_patch4_window7_224_averaged.csv,655.2794801867951,0.2797540100697587,1,116.0,False
18,5,0.9495637641926772,519.05540658249,0.3563105164425919,0.300207344105487,0.0008977182426291,1,1.0,102,101.0,102.0,101.0,5,swin_base_patch4_window7_224,Swin Base Patch4 Window7 224,/Volumes/ssd/thesis_organization/ndb_ufes_data_organizer/results/phase2_tuning/phase2_all_results_swin_base_patch4_window7_224_averaged.csv,519.05540658249,0.300207344105487,1,102.0,False
18,6,0.9495637641926772,451.3248357393619,0.0,0.3052943921938221,0.0,1,1.0,95,95.0,95.0,95.0,5,swin_base_patch4_window7_224,Swin Base Patch4 Window7 224,/Volumes/ssd/thesis_organization/ndb_ufes_data_organizer/results/phase2_tuning/phase2_all_results_swin_base_patch4_window7_224_averaged.csv,451.3248357393619,0.3052943921938221,1,95.0,False
18,7,0.9495637641926772,412.63948851198785,4.872003368058076,0.2870932777913549,0.0168997875227638,1,1.0,95,88.2,95.0,88.2,5,swin_base_patch4_window7_224,Swin Base Patch4 Window7 224,/Volumes/ssd/thesis_organization/ndb_ufes_data_organizer/results/phase2_tuning/phase2_all_results_swin_base_patch4_window7_224_averaged.csv,412.63948851198785,0.2870932777913549,1,95.0,False
18,8,0.9495637641926772,377.2019922633929,2.827083440698806,0.2445860153274989,0.0489292935005878,1,1.0,86,73.6,86.0,73.6,5,swin_base_patch4_window7_224,Swin Base Patch4 Window7 224,/Volumes/ssd/thesis_organization/ndb_ufes_data_organizer/results/phase2_tuning/phase2_all_results_swin_base_patch4_window7_224_averaged.csv,377.2019922633929,0.2445860153274989,1,86.0,False
18,9,0.9495637641926772,345.5133121399509,1.9311500371428687,0.265647162116,0.0364894244517918,1,1.0,92,80.8,92.0,80.8,5,swin_base_patch4_window7_224,Swin Base Patch4 Window7 224,/Volumes/ssd/thesis_organization/ndb_ufes_data_organizer/results/phase2_tuning/phase2_all_results_swin_base_patch4_window7_224_averaged.csv,345.5133121399509,0.265647162116,1,92.0,False
20,2,0.9540540843869504,1079.112286130391,0.0,0.946324642055312,0.0,1,1.0,202,202.0,202.0,202.0,5,swin_base_patch4_window7_224,Swin Base Patch4 Window7 224,/Volumes/ssd/thesis_organization/ndb_ufes_data_organizer/results/phase2_tuning/phase2_all_results_swin_base_patch4_window7_224_averaged.csv,1079.112286130391,0.946324642055312,1,202.0,False
20,3,0.9540540843869504,847.4026110695977,0.0,0.5203138665064898,0.0,1,1.0,180,180.0,180.0,180.0,5,swin_base_patch4_window7_224,Swin Base Patch4 Window7 224,/Volumes/ssd/thesis_organization/ndb_ufes_data_organizer/results/phase2_tuning/phase2_all_results_swin_base_patch4_window7_224_averaged.csv,847.4026110695977,0.5203138665064898,1,180.0,False
20,4,0.9540540843869504,673.5806144344799,4.191990661053188,0.2771183090895371,0.0113115548766646,1,1.0,118,115.6,118.0,115.6,5,swin_base_patch4_window7_224,Swin Base Patch4 Window7 224,/Volumes/ssd/thesis_organization/ndb_ufes_data_organizer/results/phase2_tuning/phase2_all_results_swin_base_patch4_window7_224_averaged.csv,673.5806144344799,0.2771183090895371,1,118.0,False
20,5,0.9540540843869504,537.6083821843507,0.3984795238483965,0.294063904528835,0.00067218341622,1,1.0,100,98.8,100.0,98.8,5,swin_base_patch4_window7_224,Swin Base Patch4 Window7 224,/Volumes/ssd/thesis_organization/ndb_ufes_data_organizer/results/phase2_tuning/phase2_all_results_swin_base_patch4_window7_224_averaged.csv,537.6083821843507,0.294063904528835,1,100.0,False
20,6,0.9540540843869504,470.002245533264,0.2254162695920547,0.2982638325288568,0.0004920137366763,1,1.0,101,96.2,101.0,96.2,5,swin_base_patch4_window7_224,Swin Base Patch4 Window7 224,/Volumes/ssd/thesis_organization/ndb_ufes_data_organizer/results/phase2_tuning/phase2_all_results_swin_base_patch4_window7_224_averaged.csv,470.002245533264,0.2982638325288568,1,101.0,False
20,7,0.9540540843869504,428.42317107712654,5.077525372038839,0.2861965680264129,0.0096079809325049,1,1.0,93,88.2,93.0,88.2,5,swin_base_patch4_window7_224,Swin Base Patch4 Window7 224,/Volumes/ssd/thesis_organization/ndb_ufes_data_organizer/results/phase2_tuning/phase2_all_results_swin_base_patch4_window7_224_averaged.csv,428.42317107712654,0.2861965680264129,1,93.0,False
20,8,0.9540540843869504,395.7395719049408,3.3624589794537867,0.2522001824046897,0.0595883719698401,1,1.0,92,80.4,92.0,80.4,5,swin_base_patch4_window7_224,Swin Base Patch4 Window7 224,/Volumes/ssd/thesis_organization/ndb_ufes_data_organizer/results/phase2_tuning/phase2_all_results_swin_base_patch4_window7_224_averaged.csv,395.7395719049408,0.2522001824046897,1,92.0,False
20,9,0.9540540843869504,363.2161501693364,2.094955776225338,0.2463677861279665,0.0474518795857126,1,1.0,89,79.6,89.0,79.6,5,swin_base_patch4_window7_224,Swin Base Patch4 Window7 224,/Volumes/ssd/thesis_organization/ndb_ufes_data_organizer/results/phase2_tuning/phase2_all_results_swin_base_patch4_window7_224_averaged.csv,363.2161501693364,0.2463677861279665,1,89.0,False
25,2,0.9626153378829708,1115.290597758626,0.0,0.94499463141191,0.0,1,1.0,202,202.0,202.0,202.0,5,swin_base_patch4_window7_224,Swin Base Patch4 Window7 224,/Volumes/ssd/thesis_organization/ndb_ufes_data_organizer/results/phase2_tuning/phase2_all_results_swin_base_patch4_window7_224_averaged.csv,1115.290597758626,0.94499463141191,1,202.0,False
25,3,0.9626153378829708,883.514565821675,0.5550599832491252,0.5162038852925434,0.0042812678438652,1,1.0,182,180.4,182.0,180.4,5,swin_base_patch4_window7_224,Swin Base Patch4 Window7 224,/Volumes/ssd/thesis_organization/ndb_ufes_data_organizer/results/phase2_tuning/phase2_all_results_swin_base_patch4_window7_224_averaged.csv,883.514565821675,0.5162038852925434,1,182.0,False
25,4,0.9626153378829708,709.0499053588998,5.092031932230598,0.2601706215723433,0.0096439700356889,1,1.0,116,113.6,116.0,113.6,5,swin_base_patch4_window7_224,Swin Base Patch4 Window7 224,/Volumes/ssd/thesis_organization/ndb_ufes_data_organizer/results/phase2_tuning/phase2_all_results_swin_base_patch4_window7_224_averaged.csv,709.0499053588998,0.2601706215723433,1,116.0,False
25,5,0.9626153378829708,573.2953897385407,0.3230583385735329,0.2784924847991848,0.0007511614807013,1,1.0,102,100.0,102.0,100.0,5,swin_base_patch4_window7_224,Swin Base Patch4 Window7 224,/Volumes/ssd/thesis_organization/ndb_ufes_data_organizer/results/phase2_tuning/phase2_all_results_swin_base_patch4_window7_224_averaged.csv,573.2953897385407,0.2784924847991848,1,102.0,False
25,6,0.9626153378829708,505.4864648977908,0.2249584035833366,0.2824858302063576,0.0003979171482609,1,1.0,101,96.2,101.0,96.2,5,swin_base_patch4_window7_224,Swin Base Patch4 Window7 224,/Volumes/ssd/thesis_organization/ndb_ufes_data_organizer/results/phase2_tuning/phase2_all_results_swin_base_patch4_window7_224_averaged.csv,505.4864648977908,0.2824858302063576,1,101.0,False
25,7,0.9626153378829708,462.3722748555382,4.610963825995332,0.2734704763470272,0.0111915964848826,1,1.0,94,88.8,94.0,88.8,5,swin_base_patch4_window7_224,Swin Base Patch4 Window7 224,/Volumes/ssd/thesis_organization/ndb_ufes_data_organizer/results/phase2_tuning/phase2_all_results_swin_base_patch4_window7_224_averaged.csv,462.3722748555382,0.2734704763470272,1,94.0,False
25,8,0.9626153378829708,429.43640007581615,4.2676909037762565,0.2722565457637166,0.0092140116093747,1,1.0,92,87.6,92.0,87.6,5,swin_base_patch4_window7_224,Swin Base Patch4 Window7 224,/Volumes/ssd/thesis_organization/ndb_ufes_data_organizer/results/phase2_tuning/phase2_all_results_swin_base_patch4_window7_224_averaged.csv,429.43640007581615,0.2722565457637166,1,92.0,False
25,9,0.9626153378829708,402.311169323316,2.056304968712789,0.2337589987772472,0.0360184612616974,1,1.0,92,78.8,92.0,78.8,5,swin_base_patch4_window7_224,Swin Base Patch4 Window7 224,/Volumes/ssd/thesis_organization/ndb_ufes_data_organizer/results/phase2_tuning/phase2_all_results_swin_base_patch4_window7_224_averaged.csv,402.311169323316,0.2337589987772472,1,92.0,False
30,2,0.9690539705368346,1142.499127687505,0.0,0.9440077616201572,0.0,1,1.0,202,202.0,202.0,202.0,5,swin_base_patch4_window7_224,Swin Base Patch4 Window7 224,/Volumes/ssd/thesis_organization/ndb_ufes_data_organizer/results/phase2_tuning/phase2_all_results_swin_base_patch4_window7_224_averaged.csv,1142.499127687505,0.9440077616201572,1,202.0,False
30,3,0.9690539705368346,910.6707013840818,0.5573030488050849,0.5111973543402377,0.0040415089453269,1,1.0,182,180.4,182.0,180.4,5,swin_base_patch4_window7_224,Swin Base Patch4 Window7 224,/Volumes/ssd/thesis_organization/ndb_ufes_data_organizer/results/phase2_tuning/phase2_all_results_swin_base_patch4_window7_224_averaged.csv,910.6707013840818,0.5111973543402377,1,182.0,False
30,4,0.9690539705368346,734.6124696552315,4.0587665462667415,0.2593527724646625,0.0087051682420534,1,1.0,118,114.0,118.0,114.0,5,swin_base_patch4_window7_224,Swin Base Patch4 Window7 224,/Volumes/ssd/thesis_organization/ndb_ufes_data_organizer/results/phase2_tuning/phase2_all_results_swin_base_patch4_window7_224_averaged.csv,734.6124696552315,0.2593527724646625,1,118.0,False
30,5,0.9690539705368346,600.4286152147778,0.2377178956088884,0.2675052586823943,0.0007280560594261,1,1.0,102,100.6,102.0,100.6,5,swin_base_patch4_window7_224,Swin Base Patch4 Window7 224,/Volumes/ssd/thesis_organization/ndb_ufes_data_organizer/results/phase2_tuning/phase2_all_results_swin_base_patch4_window7_224_averaged.csv,600.4286152147778,0.2675052586823943,1,102.0,False
30,6,0.9690539705368346,532.5967534350902,0.2382319037940981,0.2712885047685024,0.0008309439757427,1,1.0,101,97.0,101.0,97.0,5,swin_base_patch4_window7_224,Swin Base Patch4 Window7 224,/Volumes/ssd/thesis_organization/ndb_ufes_data_organizer/results/phase2_tuning/phase2_all_results_swin_base_patch4_window7_224_averaged.csv,532.5967534350902,0.2712885047685024,1,101.0,False
30,7,0.9690539705368346,492.5737560284941,3.8562393896405833,0.2578351697728882,0.0181359791943652,1,1.0,100,88.6,100.0,88.6,5,swin_base_patch4_window7_224,Swin Base Patch4 Window7 224,/Volumes/ssd/thesis_organization/ndb_ufes_data_organizer/results/phase2_tuning/phase2_all_results_swin_base_patch4_window7_224_averaged.csv,492.5737560284941,0.2578351697728882,1,100.0,False
30,8,0.9690539705368346,456.2082867507528,2.3188222870937105,0.2414569361454209,0.0453701090424151,1,1.0,92,83.4,92.0,83.4,5,swin_base_patch4_window7_224,Swin Base Patch4 Window7 224,/Volumes/ssd/thesis_organization/ndb_ufes_data_organizer/results/phase2_tuning/phase2_all_results_swin_base_patch4_window7_224_averaged.csv,456.2082867507528,0.2414569361454209,1,92.0,False
30,9,0.9690539705368346,424.0962476534226,4.207585293657735,0.2267109391678264,0.0528172993115263,1,1.0,92,81.2,92.0,81.2,5,swin_base_patch4_window7_224,Swin Base Patch4 Window7 224,/Volumes/ssd/thesis_organization/ndb_ufes_data_organizer/results/phase2_tuning/phase2_all_results_swin_base_patch4_window7_224_averaged.csv,424.0962476534226,0.2267109391678264,1,92.0,False
